x,y,z,u,v,dist,gsd,visible,change
733927.50,4051862.75,2627.16,42,1320,1392.4,0.366,1,gain
733928.50,4051862.75,2627.69,44,1318,1393.3,0.366,1,gain
733929.50,4051862.75,2628.14,46,1317,1394.2,0.366,1,gain
733928.50,4051861.75,2627.25,48,1320,1392.8,0.366,1,gain
733929.50,4051861.75,2627.86,50,1318,1393.7,0.366,1,gain
733952.50,4051861.75,2641.93,96,1282,1415.3,0.372,1,gain
733953.50,4051861.75,2641.95,98,1283,1416.1,0.372,1,gain
733954.50,4051861.75,2641.95,100,1283,1417.0,0.372,1,gain
733931.50,4051859.75,2629.07,61,1315,1394.6,0.366,1,gain
733936.50,4051854.75,2628.62,89,1319,1396.4,0.367,1,gain
733937.50,4051853.75,2628.52,95,1320,1396.7,0.367,1,gain
733939.50,4051850.75,2628.90,110,1319,1397.0,0.367,1,gain
733941.50,4051848.75,2628.32,121,1322,1397.7,0.367,1,gain
734102.50,4051809.75,2684.99,514,1224,1529.9,0.402,1,gain
733798.50,4051789.75,2541.80,42,1573,1236.7,0.325,1,gain
733799.50,4051788.75,2540.72,49,1577,1237.0,0.325,1,gain
733730.50,4051740.75,2461.62,91,1872,1150.5,0.302,1,gain
733938.50,4051734.75,2582.70,513,1470,1338.4,0.352,0,gain
733918.50,4051727.75,2573.12,506,1495,1316.6,0.346,1,gain
733919.50,4051727.75,2573.88,507,1493,1317.5,0.346,1,gain
733771.50,4051700.75,2506.83,343,1694,1168.6,0.307,1,gain
733778.50,4051697.75,2507.61,369,1692,1173.5,0.308,1,gain
733777.50,4051696.75,2506.46,371,1696,1172.1,0.308,1,gain
733778.50,4051696.75,2507.03,373,1694,1173.1,0.308,1,gain
733875.50,4051665.75,2517.69,657,1671,1248.3,0.328,1,gain
733662.50,4051653.75,2473.70,308,1814,1049.3,0.276,1,gain
733660.50,4051652.75,2473.90,308,1813,1047.0,0.275,1,gain
733661.50,4051652.75,2474.46,310,1811,1047.9,0.275,1,gain
733662.50,4051652.75,2474.61,312,1810,1048.8,0.276,1,gain
733657.50,4051651.75,2471.26,305,1824,1043.9,0.274,1,gain
733658.50,4051651.75,2471.97,308,1821,1044.8,0.275,0,gain
733659.50,4051651.75,2473.80,310,1813,1045.7,0.275,1,gain
733660.50,4051651.75,2474.26,312,1811,1046.6,0.275,1,gain
733661.50,4051651.75,2474.62,314,1810,1047.5,0.275,1,gain
733657.50,4051650.75,2471.44,310,1823,1043.4,0.274,1,gain
733658.50,4051650.75,2472.17,312,1820,1044.3,0.274,1,gain
733659.50,4051650.75,2474.04,314,1812,1045.2,0.275,1,gain
733660.50,4051650.75,2474.42,316,1810,1046.1,0.275,1,gain
733661.50,4051650.75,2474.67,319,1809,1047.0,0.275,1,gain
733657.50,4051649.75,2471.56,314,1823,1043.0,0.274,1,gain
733658.50,4051649.75,2472.27,317,1820,1043.9,0.274,1,gain
733659.50,4051649.75,2473.83,319,1813,1044.8,0.275,1,gain
733660.50,4051649.75,2474.43,321,1810,1045.7,0.275,1,gain
733661.50,4051649.75,2474.97,323,1808,1046.6,0.275,1,gain
733657.50,4051648.75,2471.62,319,1822,1042.5,0.274,1,gain
733658.50,4051648.75,2472.28,321,1819,1043.4,0.274,1,gain
733659.50,4051648.75,2473.82,323,1813,1044.3,0.274,1,gain
733537.50,4051639.75,2450.28,44,1926,932.9,0.245,1,gain
733562.50,4051621.75,2460.42,209,1871,945.8,0.249,1,gain
733563.50,4051621.75,2461.03,212,1868,946.7,0.249,1,gain
733564.50,4051621.75,2461.35,215,1867,947.6,0.249,1,gain
733565.50,4051621.75,2461.91,217,1864,948.5,0.249,1,gain
733566.50,4051621.75,2462.41,220,1862,949.3,0.249,1,gain
733574.50,4051620.75,2467.28,246,1838,956.0,0.251,1,gain
733569.50,4051619.75,2462.71,238,1860,951.0,0.250,1,gain
733570.50,4051619.75,2463.62,241,1856,951.9,0.250,1,gain
733573.50,4051618.75,2466.02,253,1844,954.1,0.251,1,gain
733574.50,4051618.75,2466.02,256,1844,955.0,0.251,1,gain
733575.50,4051618.75,2466.67,258,1841,955.9,0.251,1,gain
733576.50,4051618.75,2467.44,261,1837,956.8,0.251,1,gain
733556.50,4051617.75,2455.17,214,1896,938.6,0.247,1,gain
733586.50,4051613.75,2472.08,311,1815,963.4,0.253,1,gain
733587.50,4051613.75,2471.71,313,1817,964.3,0.253,1,gain
733588.50,4051613.75,2471.41,316,1819,965.1,0.254,1,gain
733586.50,4051612.75,2472.26,316,1814,962.9,0.253,1,gain
733587.50,4051612.75,2472.19,318,1815,963.8,0.253,1,gain
733588.50,4051612.75,2471.99,321,1816,964.7,0.253,1,gain
733570.50,4051611.75,2461.23,281,1866,948.2,0.249,1,gain
733586.50,4051611.75,2472.23,320,1815,962.5,0.253,1,gain
733587.50,4051611.75,2472.37,323,1814,963.4,0.253,1,gain
733588.50,4051611.75,2472.40,325,1814,964.2,0.253,1,gain
733572.50,4051609.75,2463.40,296,1855,949.0,0.249,1,gain
733583.50,4051609.75,2470.12,323,1824,958.9,0.252,1,gain
734038.50,4051607.75,2602.99,1049,1440,1386.1,0.364,1,gain
733599.50,4051593.75,2477.83,438,1788,966.1,0.254,1,gain
733600.50,4051593.75,2478.31,440,1786,967.0,0.254,1,gain
733615.50,4051582.75,2486.88,524,1748,976.1,0.256,1,gain
733814.50,4051582.75,2536.13,867,1592,1161.7,0.305,0,gain
733815.50,4051582.75,2536.13,868,1592,1162.7,0.306,1,gain
733816.50,4051582.75,2537.06,869,1589,1163.7,0.306,1,gain
733814.50,4051581.75,2536.32,870,1591,1161.4,0.305,0,gain
733815.50,4051581.75,2536.32,872,1591,1162.3,0.305,0,gain
733814.50,4051580.75,2535.36,874,1594,1161.0,0.305,0,gain
733618.50,4051579.75,2490.33,544,1733,977.6,0.257,1,gain
733816.50,4051579.75,2537.74,881,1586,1162.6,0.306,0,gain
733619.50,4051578.75,2490.94,550,1731,978.1,0.257,1,gain
733815.50,4051578.75,2536.17,883,1592,1161.3,0.305,0,gain
733817.50,4051578.75,2538.75,886,1583,1163.3,0.306,1,gain
733624.50,4051572.75,2494.07,588,1717,980.3,0.258,1,gain
733477.50,4051569.75,2444.78,244,1952,846.4,0.222,1,gain
733478.50,4051569.75,2444.78,247,1952,847.3,0.223,1,gain
733634.50,4051569.75,2500.45,621,1691,988.5,0.260,1,gain
733625.50,4051567.75,2495.90,613,1709,979.3,0.257,1,gain
733638.50,4051567.75,2502.30,638,1684,991.4,0.261,1,gain
733640.50,4051566.75,2503.86,646,1677,992.9,0.261,1,gain
733640.50,4051565.75,2503.95,651,1677,992.5,0.261,1,gain
733643.50,4051565.75,2505.36,656,1672,995.4,0.262,1,gain
733642.50,4051558.75,2505.95,685,1669,991.7,0.261,1,gain
733643.50,4051558.75,2506.38,687,1667,992.6,0.261,1,gain
733644.50,4051558.75,2506.38,689,1667,993.6,0.261,1,gain
733641.50,4051557.75,2505.86,688,1669,990.4,0.260,1,gain
733642.50,4051557.75,2506.22,690,1667,991.3,0.260,1,gain
733643.50,4051557.75,2506.22,692,1668,992.2,0.261,1,gain
733644.50,4051557.75,2506.53,693,1667,993.2,0.261,1,gain
733858.50,4051555.75,2567.00,1021,1496,1196.3,0.314,1,gain
733859.50,4051555.75,2567.67,1022,1494,1197.3,0.315,1,gain
733858.50,4051554.75,2567.24,1024,1495,1196.0,0.314,1,gain
733859.50,4051554.75,2567.80,1025,1493,1197.0,0.315,1,gain
733537.50,4051539.75,2482.72,558,1756,887.1,0.233,1,gain
733538.50,4051539.75,2482.70,560,1756,888.1,0.233,1,gain
733539.50,4051539.75,2483.66,562,1752,889.0,0.234,1,gain
733686.50,4051539.75,2524.96,843,1600,1026.4,0.270,1,gain
733539.50,4051538.75,2482.29,567,1758,888.5,0.233,1,gain
733540.50,4051538.75,2482.92,570,1755,889.5,0.234,1,gain
733538.50,4051537.75,2480.54,570,1767,887.2,0.233,1,gain
733545.50,4051537.75,2484.13,586,1750,893.6,0.235,1,gain
733546.50,4051537.75,2484.50,588,1748,894.6,0.235,1,gain
733685.50,4051537.75,2525.39,850,1598,1024.8,0.269,1,gain
733537.50,4051536.75,2479.69,573,1771,885.8,0.233,1,gain
733538.50,4051536.75,2479.92,575,1770,886.7,0.233,1,gain
733540.50,4051536.75,2481.45,580,1762,888.6,0.233,1,gain
733536.50,4051535.75,2478.64,576,1776,884.5,0.232,1,gain
733537.50,4051535.75,2478.88,578,1774,885.4,0.233,1,gain
733538.50,4051535.75,2479.13,581,1773,886.3,0.233,1,gain
733539.50,4051535.75,2480.37,583,1767,887.3,0.233,1,gain
733536.50,4051534.75,2477.84,581,1779,884.0,0.232,1,gain
733537.50,4051534.75,2478.31,583,1777,885.0,0.233,1,gain
733539.50,4051534.75,2479.98,588,1769,886.8,0.233,1,gain
733575.50,4051534.75,2494.47,664,1706,920.2,0.242,1,gain
733577.50,4051534.75,2494.73,668,1705,922.1,0.242,1,gain
733578.50,4051534.75,2495.14,670,1703,923.0,0.243,1,gain
733533.50,4051533.75,2477.33,579,1782,880.9,0.231,1,gain
733535.50,4051533.75,2477.23,584,1782,882.7,0.232,1,gain
733538.50,4051533.75,2478.40,591,1777,885.5,0.233,1,gain
733575.50,4051533.75,2494.73,669,1705,919.8,0.242,1,gain
733576.50,4051533.75,2494.96,671,1704,920.8,0.242,1,gain
733577.50,4051533.75,2494.96,673,1704,921.7,0.242,1,gain
733535.50,4051532.75,2477.23,589,1782,882.3,0.232,1,gain
733536.50,4051532.75,2477.46,591,1781,883.2,0.232,1,gain
733537.50,4051532.75,2477.90,593,1779,884.1,0.232,1,gain
733538.50,4051532.75,2478.07,596,1778,885.1,0.233,1,gain
733539.50,4051532.75,2479.02,598,1774,886.0,0.233,1,gain
733575.50,4051532.75,2494.86,674,1704,919.5,0.242,1,gain
733576.50,4051532.75,2495.04,676,1703,920.4,0.242,1,gain
733577.50,4051532.75,2495.04,678,1703,921.3,0.242,1,gain
733528.50,4051531.75,2473.94,578,1798,875.4,0.230,1,gain
733529.50,4051531.75,2474.54,581,1795,876.4,0.230,1,gain
733530.50,4051531.75,2475.24,583,1791,877.3,0.231,1,gain
733531.50,4051531.75,2475.66,585,1789,878.2,0.231,1,gain
733532.50,4051531.75,2475.66,587,1790,879.1,0.231,1,gain
733534.50,4051531.75,2476.53,592,1785,881.0,0.231,1,gain
733535.50,4051531.75,2476.72,594,1785,881.9,0.232,1,gain
733575.50,4051531.75,2494.87,679,1704,919.1,0.242,1,gain
733576.50,4051531.75,2494.87,681,1704,920.0,0.242,0,gain
733528.50,4051530.75,2473.52,583,1800,875.0,0.230,1,gain
733533.50,4051530.75,2475.60,595,1790,879.6,0.231,1,gain
733534.50,4051530.75,2475.85,597,1789,880.5,0.231,1,gain
733535.50,4051530.75,2476.06,599,1788,881.5,0.232,1,gain
733530.50,4051529.75,2474.21,593,1796,876.4,0.230,1,gain
733531.50,4051529.75,2474.72,595,1794,877.4,0.231,1,gain
733532.50,4051529.75,2474.72,598,1794,878.3,0.231,1,gain
733368.50,4051524.75,2406.50,163,2206,730.9,0.192,1,gain
733373.50,4051524.75,2410.84,180,2176,735.0,0.193,1,gain
733662.50,4051524.75,2522.67,868,1602,998.5,0.262,1,gain
733583.50,4051523.75,2498.51,732,1688,923.5,0.243,1,gain
733429.50,4051522.75,2441.21,372,1974,782.2,0.206,1,gain
733590.50,4051522.75,2500.63,751,1680,929.7,0.244,0,gain
733677.50,4051522.75,2527.26,900,1587,1012.1,0.266,1,gain
733418.50,4051521.75,2437.93,345,1995,772.1,0.203,1,gain
733428.50,4051521.75,2441.91,375,1970,780.9,0.205,1,gain
733621.50,4051521.75,2511.87,812,1637,958.6,0.252,1,gain
733623.50,4051521.75,2512.50,815,1635,960.5,0.252,1,gain
733418.50,4051520.75,2437.59,351,1997,771.6,0.203,1,gain
733616.50,4051520.75,2510.09,807,1644,953.5,0.251,1,gain
733617.50,4051520.75,2510.68,809,1641,954.5,0.251,1,gain
733625.50,4051520.75,2513.79,823,1630,962.1,0.253,1,gain
733626.50,4051520.75,2514.09,825,1629,963.0,0.253,1,gain
733419.50,4051519.75,2437.46,360,1997,772.1,0.203,1,gain
733616.50,4051519.75,2510.58,812,1642,953.2,0.250,0,gain
733625.50,4051519.75,2513.79,828,1630,961.7,0.253,1,gain
733626.50,4051519.75,2514.09,829,1629,962.6,0.253,1,gain
733628.50,4051519.75,2514.70,833,1627,964.5,0.253,1,gain
733419.50,4051518.75,2436.83,366,2001,771.6,0.203,1,gain
733420.50,4051518.75,2437.33,369,1998,772.5,0.203,1,gain
733429.50,4051518.75,2442.51,396,1966,780.4,0.205,1,gain
733627.50,4051518.75,2514.36,836,1628,963.2,0.253,1,gain
733420.50,4051517.75,2436.94,375,2000,772.1,0.203,1,gain
733426.50,4051517.75,2440.34,393,1979,777.3,0.204,1,gain
733428.50,4051517.75,2441.88,399,1970,779.1,0.205,1,gain
733429.50,4051517.75,2442.45,401,1967,780.0,0.205,1,gain
733424.50,4051516.75,2438.99,393,1987,775.1,0.204,1,gain
733425.50,4051516.75,2439.71,396,1983,776.0,0.204,1,gain
733427.50,4051516.75,2440.17,402,1980,777.8,0.204,1,gain
733431.50,4051516.75,2442.95,413,1963,781.3,0.205,1,gain
733432.50,4051516.75,2443.18,416,1962,782.2,0.206,1,gain
733429.50,4051515.75,2441.33,413,1973,779.1,0.205,1,gain
733431.50,4051515.75,2442.32,419,1967,780.9,0.205,1,gain
733429.50,4051514.75,2440.95,419,1975,778.7,0.205,1,gain
733428.50,4051513.75,2440.10,422,1980,777.4,0.204,1,gain
733436.50,4051512.75,2444.02,451,1956,784.0,0.206,1,gain
733434.50,4051511.75,2442.81,451,1963,781.8,0.205,1,gain
733435.50,4051511.75,2443.34,454,1960,782.7,0.206,1,gain
733433.50,4051510.75,2442.05,454,1967,780.5,0.205,1,gain
733434.50,4051510.75,2442.54,457,1964,781.4,0.205,1,gain
733687.50,4051504.75,2536.02,991,1555,1016.1,0.267,1,gain
733686.50,4051503.75,2535.76,993,1555,1014.8,0.267,1,gain
733660.50,4051499.75,2531.63,972,1564,988.7,0.260,1,gain
733565.50,4051498.75,2493.50,817,1708,897.3,0.236,1,gain
733656.50,4051498.75,2530.39,970,1568,984.5,0.259,1,gain
733654.50,4051497.75,2529.66,971,1570,982.2,0.258,0,gain
733648.50,4051496.75,2529.39,966,1569,976.2,0.257,1,gain
733649.50,4051496.75,2529.45,968,1569,977.2,0.257,1,gain
733648.50,4051495.75,2529.24,971,1570,975.9,0.256,1,gain
733647.50,4051494.75,2528.92,974,1571,974.6,0.256,1,gain
733665.50,4051494.75,2533.11,1001,1559,991.8,0.261,1,gain
733666.50,4051494.75,2533.07,1002,1560,992.8,0.261,0,gain
733643.50,4051493.75,2528.15,972,1573,970.4,0.255,1,gain
733644.50,4051493.75,2528.31,973,1573,971.4,0.255,1,gain
733665.50,4051493.75,2532.89,1005,1560,991.5,0.261,1,gain
733780.50,4051493.75,2560.54,1155,1492,1102.8,0.290,0,gain
733618.50,4051492.75,2522.02,937,1591,946.2,0.249,1,gain
733640.50,4051492.75,2527.62,972,1574,967.2,0.254,1,gain
733641.50,4051492.75,2527.62,973,1575,968.2,0.254,1,gain
733655.50,4051492.75,2530.76,994,1566,981.6,0.258,1,gain
733660.50,4051492.75,2532.15,1002,1562,986.4,0.259,1,gain
733780.50,4051492.75,2560.75,1159,1491,1102.5,0.290,0,gain
733781.50,4051492.75,2560.93,1160,1491,1103.5,0.290,1,gain
733618.50,4051491.75,2521.87,941,1592,945.8,0.249,1,gain
733619.50,4051491.75,2522.42,943,1590,946.8,0.249,1,gain
733637.50,4051491.75,2526.72,971,1577,964.0,0.253,1,gain
733638.50,4051491.75,2527.02,973,1576,965.0,0.254,1,gain
733780.50,4051491.75,2561.22,1162,1489,1102.3,0.290,1,gain
733782.50,4051491.75,2561.87,1165,1488,1104.2,0.290,1,gain
733617.50,4051490.75,2521.22,944,1595,944.5,0.248,1,gain
733634.50,4051490.75,2526.16,971,1579,960.8,0.252,1,gain
733635.50,4051490.75,2526.26,973,1578,961.8,0.253,1,gain
733777.50,4051490.75,2560.64,1163,1491,1099.1,0.289,1,gain
733778.50,4051490.75,2561.02,1164,1489,1100.0,0.289,1,gain
733616.50,4051489.75,2520.78,947,1596,943.2,0.248,1,gain
733617.50,4051489.75,2521.13,949,1595,944.2,0.248,1,gain
733619.50,4051489.75,2522.23,952,1591,946.1,0.249,1,gain
733632.50,4051489.75,2525.52,972,1581,958.6,0.252,1,gain
733633.50,4051489.75,2525.85,974,1580,959.5,0.252,1,gain
733634.50,4051489.75,2526.16,975,1579,960.5,0.252,1,gain
733657.50,4051489.75,2531.18,1010,1565,982.5,0.258,1,gain
733594.50,4051488.75,2509.05,916,1642,921.5,0.242,1,gain
733595.50,4051488.75,2509.79,917,1639,922.5,0.242,1,gain
733616.50,4051488.75,2520.58,952,1597,942.9,0.248,1,gain
733617.50,4051488.75,2520.91,953,1596,943.8,0.248,1,gain
733618.50,4051488.75,2521.69,955,1593,944.8,0.248,1,gain
733631.50,4051488.75,2525.06,975,1582,957.3,0.252,1,gain
733632.50,4051488.75,2525.37,977,1581,958.2,0.252,1,gain
733614.50,4051487.75,2519.24,953,1603,940.6,0.247,1,gain
733618.50,4051487.75,2521.42,959,1594,944.5,0.248,1,gain
733619.50,4051487.75,2521.80,961,1593,945.4,0.248,1,gain
733620.50,4051487.75,2522.18,962,1591,946.4,0.249,1,gain
733621.50,4051487.75,2522.18,964,1592,947.3,0.249,1,gain
733623.50,4051487.75,2523.06,967,1589,949.3,0.249,1,gain
733626.50,4051487.75,2524.07,972,1585,952.2,0.250,1,gain
733628.50,4051487.75,2524.52,975,1584,954.1,0.251,1,gain
733629.50,4051487.75,2524.79,977,1583,955.0,0.251,1,gain
733630.50,4051487.75,2524.94,978,1583,956.0,0.251,1,gain
733645.50,4051487.75,2527.53,1001,1576,970.3,0.255,1,gain
733646.50,4051487.75,2527.79,1003,1575,971.3,0.255,1,gain
733631.50,4051486.75,2524.60,984,1584,956.6,0.251,1,gain
733641.50,4051486.75,2526.49,999,1579,966.1,0.254,1,gain
733642.50,4051486.75,2526.71,1001,1579,967.1,0.254,1,gain
733643.50,4051486.75,2526.99,1002,1578,968.0,0.254,1,gain
733644.50,4051486.75,2527.21,1004,1577,969.0,0.255,1,gain
733645.50,4051486.75,2527.53,1005,1576,970.0,0.255,1,gain
733607.50,4051485.75,2515.81,951,1616,933.1,0.245,1,gain
733627.50,4051485.75,2523.58,982,1588,952.4,0.250,1,gain
733750.50,4051484.75,2551.88,1154,1514,1070.8,0.281,1,gain
733751.50,4051484.75,2552.04,1155,1514,1071.8,0.282,1,gain
733284.50,4051483.75,2381.62,125,2436,640.3,0.168,1,gain
733450.50,4051483.75,2449.96,652,1919,784.6,0.206,1,gain
733746.50,4051483.75,2549.34,1153,1522,1066.5,0.280,1,gain
733747.50,4051483.75,2550.14,1155,1520,1067.5,0.281,1,gain
733748.50,4051483.75,2550.59,1156,1518,1068.5,0.281,1,gain
733749.50,4051483.75,2551.34,1157,1516,1069.5,0.281,1,gain
733751.50,4051483.75,2552.04,1159,1514,1071.5,0.282,1,gain
733272.50,4051482.75,2378.05,80,2477,629.9,0.166,1,gain
733273.50,4051482.75,2378.18,84,2475,630.8,0.166,1,gain
733746.50,4051482.75,2549.34,1157,1522,1066.2,0.280,1,gain
733747.50,4051482.75,2550.14,1158,1520,1067.2,0.280,1,gain
733748.50,4051482.75,2550.59,1160,1518,1068.2,0.281,1,gain
733749.50,4051482.75,2551.34,1161,1516,1069.2,0.281,1,gain
733289.50,4051481.75,2382.04,161,2426,643.6,0.169,1,gain
733456.50,4051481.75,2453.59,678,1899,789.3,0.207,1,gain
733457.50,4051481.75,2454.28,680,1895,790.2,0.208,1,gain
733288.50,4051480.75,2382.44,165,2424,642.2,0.169,1,gain
733455.50,4051480.75,2452.90,681,1903,788.0,0.207,1,gain
733286.50,4051479.75,2382.51,164,2425,640.0,0.168,1,gain
733458.50,4051479.75,2454.63,693,1893,790.3,0.208,1,gain
733459.50,4051479.75,2455.29,696,1889,791.2,0.208,1,gain
733461.50,4051479.75,2456.41,700,1883,793.1,0.208,1,gain
733429.50,4051478.75,2447.28,629,1936,763.4,0.201,1,gain
733457.50,4051478.75,2454.19,697,1895,789.0,0.207,1,gain
733458.50,4051478.75,2454.77,699,1892,789.9,0.208,0,gain
733459.50,4051478.75,2455.33,701,1889,790.8,0.208,1,gain
733460.50,4051478.75,2455.92,703,1886,791.8,0.208,1,gain
733461.50,4051478.75,2455.92,706,1886,792.7,0.208,1,gain
733482.50,4051478.75,2468.01,752,1822,812.1,0.213,1,gain
733429.50,4051477.75,2447.28,635,1936,763.0,0.200,1,gain
733460.50,4051477.75,2455.73,709,1887,791.4,0.208,1,gain
733794.50,4051477.75,2567.55,1230,1472,1112.3,0.292,1,gain
733426.50,4051476.75,2446.53,633,1940,759.8,0.200,1,gain
733428.50,4051476.75,2447.01,638,1937,761.6,0.200,1,gain
733425.50,4051475.75,2447.19,636,1937,758.5,0.199,1,gain
733430.50,4051475.75,2448.76,648,1927,763.1,0.201,1,gain
733469.50,4051475.75,2460.89,740,1859,798.9,0.210,1,gain
733475.50,4051475.75,2463.93,753,1843,804.5,0.211,1,gain
733503.50,4051475.75,2477.00,812,1778,830.7,0.218,1,gain
733424.50,4051474.75,2447.58,639,1934,757.2,0.199,1,gain
733480.50,4051474.75,2465.91,769,1833,808.8,0.213,1,gain
733482.50,4051474.75,2467.44,773,1825,810.6,0.213,1,gain
733490.50,4051474.75,2471.38,790,1805,818.1,0.215,1,gain
733502.50,4051474.75,2477.32,815,1776,829.4,0.218,1,gain
733501.50,4051473.75,2477.09,818,1777,828.1,0.218,1,gain
733502.50,4051473.75,2477.48,820,1775,829.0,0.218,1,gain
733259.50,4051472.75,2376.38,101,2503,614.0,0.161,1,gain
733498.50,4051472.75,2475.23,817,1786,824.9,0.217,1,gain
733499.50,4051472.75,2475.94,819,1783,825.8,0.217,1,gain
733501.50,4051472.75,2477.00,823,1777,827.7,0.217,1,gain
733503.50,4051471.75,2477.93,832,1773,829.2,0.218,1,gain
733504.50,4051471.75,2477.93,834,1773,830.2,0.218,1,gain
733505.50,4051471.75,2478.42,836,1771,831.1,0.218,1,gain
733628.50,4051471.75,2523.78,1046,1587,948.8,0.249,1,gain
733437.50,4051470.75,2454.71,694,1893,767.5,0.202,1,gain
733501.50,4051470.75,2476.97,833,1778,827.0,0.217,1,gain
733625.50,4051470.75,2523.40,1046,1588,945.7,0.248,0,gain
733627.50,4051470.75,2523.61,1049,1587,947.6,0.249,0,gain
733436.50,4051469.75,2455.21,697,1890,766.2,0.201,1,gain
733509.50,4051469.75,2480.80,854,1759,834.2,0.219,1,gain
733623.50,4051469.75,2523.26,1048,1588,943.4,0.248,0,gain
733624.50,4051469.75,2523.39,1049,1587,944.4,0.248,0,gain
733625.50,4051469.75,2523.55,1051,1587,945.3,0.248,0,gain
733626.50,4051469.75,2523.72,1052,1587,946.3,0.249,0,gain
733509.50,4051468.75,2480.97,859,1758,833.8,0.219,1,gain
733621.50,4051468.75,2523.19,1049,1587,941.2,0.247,1,gain
733622.50,4051468.75,2523.31,1051,1587,942.2,0.248,1,gain
733623.50,4051468.75,2523.40,1052,1587,943.1,0.248,1,gain
733624.50,4051468.75,2523.55,1054,1587,944.1,0.248,0,gain
733502.50,4051467.75,2477.57,851,1775,826.8,0.217,1,gain
733623.50,4051467.75,2523.58,1057,1586,942.8,0.248,1,gain
733302.50,4051466.75,2390.18,323,2349,647.1,0.170,1,gain
733303.50,4051466.75,2390.31,327,2348,647.9,0.170,1,gain
733430.50,4051466.75,2455.51,700,1889,759.5,0.200,1,gain
733502.50,4051466.75,2477.44,856,1775,826.5,0.217,1,gain
733503.50,4051466.75,2477.44,858,1775,827.4,0.217,1,gain
733504.50,4051466.75,2478.01,860,1773,828.4,0.218,1,gain
733505.50,4051466.75,2478.45,862,1770,829.3,0.218,1,gain
733617.50,4051466.75,2522.43,1052,1589,936.8,0.246,1,gain
733508.50,4051465.75,2480.72,873,1759,831.8,0.219,1,gain
733439.50,4051464.75,2459.18,732,1868,767.0,0.202,1,gain
733440.50,4051464.75,2459.37,735,1867,767.9,0.202,1,gain
733509.50,4051464.75,2481.29,880,1757,832.4,0.219,1,gain
733439.50,4051463.75,2460.01,738,1863,766.6,0.201,1,gain
733609.50,4051463.75,2519.89,1054,1598,928.1,0.244,1,gain
733396.50,4051462.75,2439.29,639,1986,726.9,0.191,1,gain
733510.50,4051462.75,2481.97,892,1753,832.7,0.219,1,gain
733511.50,4051462.75,2482.47,894,1751,833.6,0.219,1,gain
733513.50,4051462.75,2483.23,898,1748,835.5,0.220,1,gain
733514.50,4051462.75,2483.88,900,1744,836.5,0.220,1,gain
733259.50,4051461.75,2376.23,189,2499,608.7,0.160,1,gain
733510.50,4051461.75,2482.49,897,1751,832.3,0.219,1,gain
733512.50,4051461.75,2482.95,901,1749,834.2,0.219,1,gain
733595.50,4051460.75,2515.24,1046,1615,913.6,0.240,0,gain
733596.50,4051460.75,2515.37,1048,1614,914.5,0.240,1,gain
733589.50,4051459.75,2514.42,1042,1617,907.5,0.238,1,gain
733583.50,4051458.75,2512.56,1037,1623,901.4,0.237,1,gain
733587.50,4051458.75,2513.90,1043,1618,905.3,0.238,1,gain
733588.50,4051458.75,2514.24,1045,1617,906.2,0.238,1,gain
733589.50,4051458.75,2514.42,1046,1617,907.2,0.238,1,gain
733591.50,4051458.75,2514.61,1049,1616,909.1,0.239,1,gain
733591.50,4051457.75,2514.59,1054,1616,908.8,0.239,1,gain
733592.50,4051457.75,2514.76,1055,1616,909.7,0.239,1,gain
733436.50,4051456.75,2458.97,771,1869,761.2,0.200,1,gain
733584.50,4051456.75,2512.19,1048,1625,901.7,0.237,1,gain
733382.50,4051455.75,2428.63,645,2052,711.6,0.187,1,gain
733401.50,4051455.75,2440.82,694,1975,728.7,0.191,1,gain
733416.50,4051455.75,2449.46,730,1923,742.3,0.195,1,gain
733444.50,4051455.75,2461.45,794,1855,768.2,0.202,1,gain
733397.50,4051454.75,2437.56,690,1995,724.7,0.190,1,gain
733400.50,4051454.75,2440.29,697,1978,727.4,0.191,1,gain
733401.50,4051454.75,2440.55,700,1977,728.3,0.191,1,gain
733416.50,4051454.75,2448.72,736,1927,742.0,0.195,1,gain
733429.50,4051454.75,2455.24,766,1890,753.9,0.198,1,gain
733435.50,4051454.75,2457.12,780,1879,759.5,0.200,1,gain
733371.50,4051453.75,2421.77,629,2097,701.1,0.184,1,gain
733402.50,4051453.75,2441.13,708,1973,728.8,0.192,1,gain
733417.50,4051453.75,2448.87,744,1926,742.5,0.195,1,gain
733418.50,4051453.75,2449.51,747,1923,743.4,0.195,1,gain
733419.50,4051453.75,2450.12,749,1919,744.3,0.196,1,gain
733420.50,4051453.75,2450.27,751,1918,745.3,0.196,1,gain
733421.50,4051453.75,2450.66,754,1916,746.2,0.196,1,gain
733425.50,4051453.75,2452.24,763,1907,749.9,0.197,1,gain
733426.50,4051453.75,2452.63,765,1904,750.8,0.197,1,gain
733428.50,4051453.75,2453.49,770,1900,752.6,0.198,1,gain
733429.50,4051453.75,2454.79,772,1892,753.6,0.198,1,gain
733434.50,4051453.75,2456.45,784,1883,758.2,0.199,1,gain
733455.50,4051453.75,2464.36,830,1840,777.7,0.204,1,gain
733386.50,4051452.75,2430.56,674,2039,714.0,0.188,1,gain
733398.50,4051452.75,2438.55,704,1989,724.8,0.190,1,gain
733401.50,4051452.75,2440.30,712,1978,727.5,0.191,1,gain
733402.50,4051452.75,2440.81,714,1975,728.4,0.191,1,gain
733403.50,4051452.75,2440.81,717,1975,729.3,0.192,1,gain
733404.50,4051452.75,2441.36,719,1971,730.2,0.192,1,gain
733413.50,4051452.75,2446.87,741,1938,738.5,0.194,1,gain
733416.50,4051452.75,2448.14,748,1931,741.2,0.195,1,gain
733425.50,4051452.75,2451.41,769,1911,749.5,0.197,1,gain
733426.50,4051452.75,2451.96,771,1908,750.4,0.197,1,gain
733432.50,4051452.75,2455.04,785,1891,756.0,0.199,1,gain
733433.50,4051452.75,2455.44,787,1888,756.9,0.199,1,gain
733438.50,4051452.75,2457.39,798,1877,761.5,0.200,1,gain
733462.50,4051452.75,2466.36,850,1829,783.9,0.206,1,gain
733385.50,4051451.75,2430.27,678,2041,712.7,0.187,1,gain
733399.50,4051451.75,2438.69,713,1988,725.3,0.191,1,gain
733400.50,4051451.75,2439.14,715,1985,726.2,0.191,1,gain
733402.50,4051451.75,2440.49,720,1977,728.0,0.191,1,gain
733432.50,4051451.75,2454.26,791,1895,755.6,0.199,1,gain
733433.50,4051451.75,2454.69,793,1892,756.5,0.199,1,gain
733435.50,4051451.75,2455.44,797,1888,758.4,0.199,1,gain
733387.50,4051450.75,2430.76,689,2037,714.1,0.188,1,gain
733394.50,4051450.75,2435.28,707,2009,720.4,0.189,1,gain
733401.50,4051450.75,2439.54,724,1982,726.8,0.191,1,gain
733402.50,4051450.75,2440.12,726,1979,727.7,0.191,1,gain
733386.50,4051449.75,2429.86,693,2043,712.9,0.187,1,gain
733387.50,4051449.75,2430.57,695,2038,713.8,0.188,1,gain
733390.50,4051449.75,2432.30,703,2027,716.5,0.188,1,gain
733392.50,4051449.75,2433.88,708,2017,718.2,0.189,1,gain
733393.50,4051449.75,2434.62,710,2013,719.1,0.189,1,gain
733402.50,4051449.75,2439.75,732,1981,727.3,0.191,1,gain
733391.50,4051448.75,2432.36,712,2027,717.0,0.188,1,gain
733396.50,4051448.75,2434.70,724,2012,721.5,0.190,1,gain
733399.50,4051448.75,2437.21,731,1996,724.2,0.190,1,gain
733388.50,4051447.75,2430.30,710,2039,713.9,0.188,1,gain
733389.50,4051447.75,2430.85,713,2036,714.8,0.188,1,gain
733391.50,4051447.75,2432.09,718,2028,716.6,0.188,1,gain
733395.50,4051447.75,2433.76,728,2017,720.2,0.189,1,gain
733401.50,4051447.75,2437.86,742,1992,725.6,0.191,1,gain
733471.50,4051447.75,2471.12,895,1804,790.6,0.208,1,gain
733474.50,4051447.75,2471.86,901,1801,793.5,0.208,1,gain
733610.50,4051447.75,2517.87,1128,1608,924.0,0.243,1,gain
733393.50,4051446.75,2432.74,729,2024,718.0,0.189,1,gain
733394.50,4051446.75,2432.74,731,2023,719.0,0.189,1,gain
733609.50,4051446.75,2517.61,1131,1608,922.7,0.242,1,gain
733612.50,4051446.75,2518.72,1135,1604,925.6,0.243,1,gain
733390.50,4051445.75,2431.19,727,2033,714.9,0.188,1,gain
733391.50,4051445.75,2431.79,730,2030,715.8,0.188,1,gain
733392.50,4051445.75,2432.30,732,2026,716.7,0.188,1,gain
733460.50,4051445.75,2464.94,884,1836,779.6,0.205,1,gain
733390.50,4051444.75,2430.84,734,2035,714.6,0.188,1,gain
733389.50,4051443.75,2429.67,737,2043,713.3,0.187,1,gain
733390.50,4051443.75,2430.33,740,2038,714.2,0.188,1,gain
733387.50,4051442.75,2428.30,739,2051,711.1,0.187,1,gain
733388.50,4051442.75,2428.79,741,2048,712.0,0.187,1,gain
733488.50,4051440.75,2478.42,965,1768,804.4,0.211,1,gain
733658.50,4051440.75,2533.89,1222,1554,968.9,0.255,1,gain
733315.50,4051439.75,2398.30,558,2277,646.1,0.170,1,gain
733489.50,4051439.75,2478.45,972,1768,805.0,0.212,1,gain
733490.50,4051439.75,2478.76,974,1766,805.9,0.212,1,gain
733492.50,4051439.75,2479.43,978,1763,807.8,0.212,1,gain
733495.50,4051439.75,2480.52,983,1758,810.7,0.213,1,gain
733656.50,4051439.75,2533.57,1224,1555,966.7,0.254,1,gain
733662.50,4051439.75,2535.21,1231,1550,972.6,0.256,1,gain
733483.50,4051438.75,2475.38,966,1783,798.9,0.210,1,gain
733490.50,4051438.75,2478.73,979,1767,805.6,0.212,1,gain
733491.50,4051438.75,2479.13,981,1765,806.5,0.212,1,gain
733492.50,4051438.75,2479.58,983,1763,807.5,0.212,1,gain
733501.50,4051437.75,2483.90,1004,1742,815.8,0.214,1,gain
733660.50,4051437.75,2534.64,1237,1552,970.1,0.255,1,gain
733661.50,4051437.75,2535.15,1238,1550,971.0,0.255,1,gain
733659.50,4051436.75,2534.15,1240,1553,968.8,0.255,1,gain
733670.50,4051436.75,2537.29,1253,1544,979.6,0.257,1,gain
733655.50,4051435.75,2533.05,1240,1557,964.6,0.253,1,gain
733656.50,4051435.75,2533.43,1241,1555,965.6,0.254,1,gain
733657.50,4051435.75,2533.43,1242,1556,966.5,0.254,1,gain
733658.50,4051435.75,2533.80,1243,1555,967.5,0.254,1,gain
733659.50,4051435.75,2534.14,1244,1553,968.5,0.254,1,gain
733661.50,4051435.75,2535.06,1247,1550,970.5,0.255,1,gain
733501.50,4051434.75,2484.03,1019,1741,814.8,0.214,1,gain
733660.50,4051434.75,2534.72,1250,1551,969.2,0.255,1,gain
733672.50,4051434.75,2537.74,1264,1543,981.0,0.258,1,gain
733310.50,4051425.75,2397.67,640,2283,635.9,0.167,1,gain
733409.50,4051423.75,2438.11,903,1988,724.3,0.190,1,gain
733167.50,4051422.75,2386.23,77,2544,509.0,0.134,1,gain
733252.50,4051422.75,2383.44,468,2440,583.9,0.153,1,gain
733253.50,4051422.75,2383.71,472,2436,584.7,0.154,1,gain
733721.50,4051422.75,2549.24,1367,1515,1026.1,0.270,1,gain
733252.50,4051421.75,2383.43,476,2439,583.4,0.153,1,gain
733161.50,4051419.75,2381.30,73,2600,503.1,0.132,1,gain
733172.50,4051418.75,2387.67,143,2520,511.1,0.134,1,gain
733256.50,4051418.75,2385.20,514,2421,585.5,0.154,1,gain
733172.50,4051417.75,2387.54,153,2520,510.7,0.134,1,gain
733259.50,4051417.75,2385.88,533,2412,587.7,0.154,1,gain
733259.50,4051416.75,2385.99,540,2411,587.3,0.154,1,gain
733171.50,4051414.75,2386.58,177,2529,508.5,0.134,1,gain
733175.50,4051414.75,2389.25,197,2498,511.6,0.134,1,gain
733263.50,4051411.75,2388.03,592,2390,588.6,0.155,1,gain
733264.50,4051410.75,2388.03,603,2389,589.1,0.155,1,gain
733168.50,4051409.75,2386.10,209,2536,503.6,0.132,1,gain
733173.50,4051409.75,2389.34,234,2498,507.5,0.133,1,gain
733263.50,4051409.75,2388.06,607,2390,587.7,0.154,1,gain
733679.50,4051409.75,2538.12,1377,1544,981.4,0.258,1,gain
733680.50,4051409.75,2538.36,1378,1544,982.3,0.258,1,gain
733168.50,4051408.75,2386.33,219,2533,503.1,0.132,1,gain
733169.50,4051408.75,2386.76,224,2528,503.9,0.132,1,gain
733173.50,4051408.75,2389.78,244,2494,506.9,0.133,1,gain
733167.50,4051407.75,2386.12,223,2536,501.7,0.132,1,gain
733168.50,4051407.75,2386.69,228,2529,502.5,0.132,1,gain
733169.50,4051407.75,2387.09,233,2524,503.3,0.132,1,gain
733167.50,4051406.75,2386.74,233,2530,501.2,0.132,1,gain
733168.50,4051406.75,2387.15,238,2525,502.0,0.132,1,gain
733173.50,4051406.75,2390.65,262,2485,505.9,0.133,1,gain
733303.50,4051406.75,2398.77,752,2278,622.0,0.163,1,gain
733304.50,4051406.75,2399.13,755,2275,622.9,0.164,1,gain
733575.50,4051406.75,2521.76,1268,1579,879.1,0.231,1,gain
733576.50,4051406.75,2522.08,1270,1578,880.1,0.231,1,gain
733166.50,4051405.75,2387.15,237,2528,499.8,0.131,1,gain
733167.50,4051405.75,2387.15,242,2526,500.7,0.132,1,gain
733249.50,4051405.75,2385.08,590,2426,573.8,0.151,1,gain
733250.50,4051405.75,2385.52,594,2422,574.7,0.151,1,gain
733507.50,4051405.75,2494.89,1178,1688,812.0,0.213,1,gain
733538.50,4051405.75,2509.10,1223,1626,842.5,0.221,1,gain
733539.50,4051405.75,2509.83,1224,1623,843.5,0.222,1,gain
733170.50,4051404.75,2389.49,266,2499,502.5,0.132,1,gain
733172.50,4051404.75,2390.91,276,2483,504.0,0.132,1,gain
733169.50,4051403.75,2389.60,271,2499,501.1,0.132,1,gain
733521.50,4051403.75,2499.59,1209,1668,825.1,0.217,1,gain
733522.50,4051403.75,2500.17,1210,1665,826.1,0.217,1,gain
733523.50,4051403.75,2500.54,1212,1664,827.1,0.217,1,gain
733524.50,4051403.75,2500.64,1213,1664,828.0,0.218,1,gain
733700.50,4051403.75,2544.34,1423,1527,1000.8,0.263,1,gain
733169.50,4051402.75,2389.69,280,2498,500.7,0.132,1,gain
733170.50,4051402.75,2390.59,285,2488,501.4,0.132,1,gain
733171.50,4051402.75,2390.67,290,2486,502.3,0.132,1,gain
733176.50,4051402.75,2392.29,314,2464,506.5,0.133,1,gain
733270.50,4051402.75,2391.24,682,2358,591.0,0.155,1,gain
733273.50,4051402.75,2391.74,692,2352,593.6,0.156,1,gain
733169.50,4051401.75,2390.36,290,2492,500.1,0.131,1,gain
733170.50,4051401.75,2391.02,295,2484,500.9,0.132,1,gain
733271.50,4051401.75,2391.37,693,2356,591.5,0.155,1,gain
733431.50,4051401.75,2447.76,1074,1930,737.6,0.194,1,gain
733466.50,4051401.75,2469.34,1134,1813,770.9,0.203,1,gain
733571.50,4051400.75,2520.71,1291,1582,873.6,0.230,1,gain
733170.50,4051399.75,2391.38,314,2480,499.9,0.131,1,gain
733171.50,4051399.75,2392.11,318,2472,500.7,0.132,1,gain
733175.50,4051399.75,2392.41,338,2463,504.2,0.132,1,gain
733563.50,4051399.75,2518.81,1286,1589,865.5,0.227,1,gain
733567.50,4051399.75,2520.26,1291,1583,869.4,0.228,1,gain
733568.50,4051399.75,2520.30,1292,1583,870.4,0.229,1,gain
733169.50,4051398.75,2391.63,318,2479,498.6,0.131,1,gain
733170.50,4051398.75,2392.20,323,2472,499.4,0.131,1,gain
733173.50,4051398.75,2392.77,337,2462,501.9,0.132,1,gain
733174.50,4051398.75,2392.77,342,2461,502.8,0.132,1,gain
733175.50,4051398.75,2392.79,347,2459,503.7,0.132,1,gain
733264.50,4051398.75,2391.68,693,2360,583.9,0.153,1,gain
733265.50,4051398.75,2391.94,696,2357,584.7,0.154,1,gain
733374.50,4051398.75,2425.38,979,2070,683.4,0.180,1,gain
733491.50,4051398.75,2483.21,1190,1744,794.3,0.209,1,gain
733565.50,4051398.75,2519.84,1293,1584,867.2,0.228,1,gain
733567.50,4051398.75,2520.03,1296,1584,869.2,0.228,1,gain
733568.50,4051398.75,2520.23,1297,1584,870.1,0.229,1,gain
733168.50,4051397.75,2391.15,323,2484,497.3,0.131,1,gain
733169.50,4051397.75,2391.82,328,2477,498.1,0.131,1,gain
733170.50,4051397.75,2392.12,332,2472,498.9,0.131,1,gain
733172.50,4051397.75,2392.75,342,2464,500.6,0.132,1,gain
733173.50,4051397.75,2392.77,347,2462,501.5,0.132,1,gain
733176.50,4051397.75,2392.96,361,2456,504.1,0.132,1,gain
733567.50,4051397.75,2519.80,1301,1585,868.9,0.228,1,gain
733568.50,4051397.75,2520.05,1302,1585,869.9,0.229,1,gain
733569.50,4051397.75,2520.18,1303,1584,870.8,0.229,1,gain
733160.50,4051396.75,2386.03,294,2544,490.5,0.129,1,gain
733161.50,4051396.75,2386.64,299,2537,491.3,0.129,1,gain
733168.50,4051396.75,2391.34,332,2482,496.8,0.131,1,gain
733169.50,4051396.75,2391.76,337,2477,497.6,0.131,1,gain
733568.50,4051396.75,2519.99,1307,1585,869.6,0.229,1,gain
733585.50,4051396.75,2525.95,1328,1563,886.4,0.233,1,gain
733586.50,4051396.75,2526.30,1329,1562,887.4,0.233,1,gain
733168.50,4051395.75,2391.34,342,2482,496.3,0.130,1,gain
733175.50,4051395.75,2392.97,375,2456,502.3,0.132,1,gain
733582.50,4051395.75,2524.77,1329,1568,883.2,0.232,1,gain
733583.50,4051395.75,2525.17,1330,1566,884.2,0.232,1,gain
733585.50,4051395.75,2526.04,1332,1563,886.2,0.233,1,gain
733586.50,4051395.75,2526.37,1333,1562,887.2,0.233,1,gain
733587.50,4051395.75,2526.37,1335,1562,888.1,0.233,1,gain
733164.50,4051394.75,2389.88,332,2501,492.6,0.129,1,gain
733165.50,4051394.75,2389.88,337,2499,493.5,0.130,1,gain
733168.50,4051394.75,2391.53,351,2480,495.9,0.130,1,gain
733582.50,4051394.75,2524.93,1333,1567,882.9,0.232,1,gain
733586.50,4051394.75,2526.47,1338,1561,886.9,0.233,1,gain
733163.50,4051393.75,2388.97,337,2510,491.4,0.129,1,gain
733165.50,4051393.75,2389.92,347,2498,493.0,0.130,1,gain
733166.50,4051393.75,2390.67,351,2490,493.8,0.130,1,gain
733186.50,4051393.75,2393.60,443,2434,511.1,0.134,1,gain
733160.50,4051392.75,2387.56,332,2528,488.5,0.128,1,gain
733162.50,4051392.75,2388.80,342,2513,490.1,0.129,1,gain
733166.50,4051392.75,2390.76,361,2489,493.3,0.130,1,gain
733185.50,4051392.75,2393.55,447,2436,509.8,0.134,0,gain
733159.50,4051391.75,2387.34,337,2531,487.2,0.128,1,gain
733161.50,4051391.75,2388.03,347,2522,488.8,0.128,1,gain
733164.50,4051391.75,2389.14,361,2506,491.3,0.129,1,gain
733157.50,4051390.75,2386.55,337,2542,485.1,0.127,1,gain
733158.50,4051390.75,2387.02,342,2536,485.9,0.128,1,gain
733160.50,4051390.75,2387.71,351,2526,487.5,0.128,1,gain
733175.50,4051390.75,2392.99,421,2454,500.1,0.131,1,gain
733157.50,4051389.75,2386.53,347,2541,484.6,0.127,1,gain
733169.50,4051389.75,2391.53,403,2476,494.5,0.130,1,gain
733174.50,4051389.75,2393.02,426,2455,498.8,0.131,1,gain
733176.50,4051389.75,2393.26,435,2450,500.5,0.132,1,gain
733394.50,4051389.75,2434.93,1074,2008,699.0,0.184,1,gain
733156.50,4051388.75,2386.48,351,2543,483.3,0.127,1,gain
733164.50,4051388.75,2389.39,389,2503,489.9,0.129,1,gain
733174.50,4051388.75,2392.91,435,2456,498.3,0.131,1,gain
733176.50,4051388.75,2393.32,444,2449,500.1,0.131,1,gain
733183.50,4051388.75,2393.90,475,2434,506.2,0.133,1,gain
733394.50,4051388.75,2434.87,1080,2008,698.7,0.184,1,gain
733315.50,4051387.75,2405.38,915,2223,625.6,0.164,1,gain
733317.50,4051387.75,2405.96,919,2218,627.4,0.165,1,gain
733152.50,4051386.75,2385.20,351,2562,479.1,0.126,1,gain
733159.50,4051386.75,2387.48,385,2528,484.9,0.127,1,gain
733164.50,4051386.75,2388.96,409,2506,489.1,0.129,1,gain
733148.50,4051385.75,2383.26,341,2587,475.4,0.125,1,gain
733151.50,4051385.75,2385.10,356,2564,477.8,0.126,1,gain
733152.50,4051385.75,2385.43,361,2559,478.6,0.126,1,gain
733154.50,4051385.75,2386.20,371,2548,480.2,0.126,1,gain
733159.50,4051385.75,2387.50,395,2527,484.5,0.127,1,gain
733100.50,4051384.75,2376.10,74,2775,434.7,0.114,1,gain
733146.50,4051384.75,2382.36,341,2599,473.3,0.124,1,gain
733154.50,4051384.75,2386.31,381,2547,479.8,0.126,1,gain
733155.50,4051384.75,2386.30,385,2545,480.7,0.126,1,gain
733164.50,4051384.75,2389.17,428,2503,488.2,0.128,1,gain
733171.50,4051384.75,2392.11,459,2466,494.0,0.130,1,gain
733140.50,4051383.75,2382.07,321,2613,467.7,0.123,1,gain
733143.50,4051383.75,2382.58,336,2602,470.2,0.124,1,gain
733145.50,4051383.75,2382.64,346,2598,472.0,0.124,1,gain
733152.50,4051383.75,2385.41,381,2558,477.7,0.126,1,gain
733153.50,4051383.75,2386.31,385,2548,478.4,0.126,1,gain
733155.50,4051383.75,2386.30,395,2544,480.2,0.126,1,gain
733165.50,4051383.75,2390.31,441,2491,488.5,0.128,1,gain
733167.50,4051383.75,2390.71,450,2484,490.2,0.129,1,gain
733140.50,4051382.75,2382.59,331,2608,467.1,0.123,1,gain
733150.50,4051382.75,2384.73,381,2568,475.6,0.125,1,gain
733151.50,4051382.75,2385.09,386,2563,476.4,0.125,1,gain
733167.50,4051382.75,2390.82,460,2483,489.8,0.129,1,gain
733169.50,4051382.75,2391.49,469,2474,491.5,0.129,1,gain
733171.50,4051382.75,2391.92,477,2467,493.2,0.130,1,gain
733172.50,4051382.75,2392.49,482,2460,494.0,0.130,1,gain
733272.50,4051382.75,2397.57,836,2308,584.6,0.154,1,gain
733273.50,4051382.75,2398.33,838,2302,585.4,0.154,1,gain
733274.50,4051382.75,2399.29,841,2294,586.2,0.154,1,gain
733097.50,4051381.75,2374.26,89,2801,431.0,0.113,1,gain
733102.50,4051381.75,2377.20,122,2754,434.7,0.114,1,gain
733140.50,4051381.75,2383.25,341,2601,466.6,0.123,1,gain
733147.50,4051381.75,2384.07,376,2579,472.6,0.124,1,gain
733149.50,4051381.75,2384.60,386,2570,474.3,0.125,1,gain
733150.50,4051381.75,2384.70,391,2568,475.2,0.125,1,gain
733151.50,4051381.75,2385.07,395,2562,476.0,0.125,1,gain
733171.50,4051381.75,2391.92,487,2466,492.8,0.129,1,gain
733175.50,4051381.75,2393.08,504,2450,496.2,0.130,1,gain
733271.50,4051381.75,2396.94,840,2313,583.3,0.153,1,gain
733272.50,4051381.75,2397.43,843,2309,584.2,0.154,1,gain
733275.50,4051381.75,2400.39,851,2285,586.7,0.154,1,gain
733101.50,4051380.75,2376.82,127,2760,433.4,0.114,1,gain
733151.50,4051380.75,2385.29,405,2560,475.5,0.125,1,gain
733160.50,4051380.75,2388.23,447,2517,483.0,0.127,1,gain
733271.50,4051380.75,2397.04,848,2312,583.0,0.153,1,gain
733273.50,4051380.75,2398.34,853,2301,584.7,0.154,1,gain
733275.50,4051380.75,2400.19,859,2287,586.4,0.154,1,gain
733277.50,4051380.75,2400.93,864,2280,588.1,0.155,1,gain
733165.50,4051379.75,2390.31,479,2489,486.8,0.128,1,gain
733276.50,4051379.75,2400.61,869,2283,586.9,0.154,1,gain
733278.50,4051379.75,2401.60,874,2274,588.7,0.155,1,gain
733276.50,4051378.75,2400.53,876,2283,586.5,0.154,1,gain
733154.50,4051377.75,2386.57,449,2541,476.7,0.125,1,gain
733156.50,4051377.75,2387.12,458,2533,478.4,0.126,1,gain
733158.50,4051377.75,2387.78,467,2523,480.0,0.126,1,gain
733166.50,4051377.75,2390.55,502,2485,486.8,0.128,1,gain
733167.50,4051377.75,2390.78,507,2481,487.6,0.128,1,gain
733282.50,4051377.75,2404.22,899,2252,591.4,0.155,1,gain
733106.50,4051376.75,2378.96,204,2720,435.4,0.114,1,gain
733125.50,4051376.75,2383.00,313,2632,451.2,0.119,1,gain
733160.50,4051376.75,2388.65,485,2511,481.3,0.126,1,gain
733167.50,4051376.75,2391.17,516,2478,487.2,0.128,1,gain
733175.50,4051376.75,2393.32,550,2447,494.1,0.130,1,gain
733179.50,4051376.75,2394.07,566,2435,497.6,0.131,1,gain
733273.50,4051376.75,2398.58,883,2299,583.2,0.153,1,gain
733276.50,4051376.75,2400.55,891,2283,585.8,0.154,1,gain
733111.50,4051375.75,2380.99,244,2685,438.9,0.115,1,gain
733113.50,4051375.75,2381.50,256,2675,440.5,0.116,1,gain
733159.50,4051375.75,2388.35,490,2515,480.0,0.126,1,gain
733160.50,4051375.75,2388.76,495,2510,480.8,0.126,1,gain
733161.50,4051375.75,2388.76,499,2508,481.7,0.127,1,gain
733174.50,4051375.75,2393.33,555,2448,492.7,0.129,1,gain
733175.50,4051375.75,2393.51,559,2445,493.6,0.130,1,gain
733274.50,4051375.75,2399.85,892,2289,583.7,0.153,1,gain
733283.50,4051375.75,2404.90,916,2247,591.6,0.155,1,gain
733174.50,4051374.75,2393.32,564,2448,492.3,0.129,1,gain
733175.50,4051374.75,2393.58,568,2444,493.2,0.130,1,gain
733177.50,4051374.75,2394.05,576,2437,494.9,0.130,1,gain
733181.50,4051374.75,2394.38,592,2429,498.5,0.131,1,gain
733132.50,4051373.75,2383.00,381,2616,456.0,0.120,1,gain
733176.50,4051373.75,2393.61,581,2442,493.7,0.130,1,gain
733179.50,4051373.75,2394.12,593,2433,496.3,0.130,1,gain
733275.50,4051373.75,2400.04,910,2287,583.9,0.153,1,gain
733099.50,4051372.75,2376.70,206,2760,427.9,0.112,1,gain
733100.50,4051372.75,2377.09,212,2753,428.7,0.113,1,gain
733277.50,4051372.75,2401.27,922,2277,585.3,0.154,1,gain
733098.50,4051371.75,2376.48,212,2765,426.6,0.112,1,gain
733102.50,4051371.75,2377.76,236,2740,429.8,0.113,1,gain
733277.50,4051371.75,2401.44,930,2275,584.9,0.154,1,gain
733096.50,4051370.75,2375.99,211,2775,424.5,0.112,1,gain
733098.50,4051370.75,2376.43,223,2764,426.2,0.112,1,gain
733101.50,4051370.75,2377.59,241,2744,428.5,0.113,1,gain
733117.50,4051370.75,2380.73,333,2670,441.9,0.116,1,gain
733118.50,4051370.75,2380.88,339,2666,442.7,0.116,1,gain
733119.50,4051370.75,2380.98,344,2663,443.6,0.117,1,gain
733276.50,4051370.75,2400.86,934,2280,583.7,0.153,1,gain
733277.50,4051370.75,2401.49,937,2275,584.6,0.154,1,gain
733279.50,4051370.75,2402.56,942,2266,586.4,0.154,1,gain
733360.50,4051370.75,2424.77,1124,2077,661.3,0.174,1,gain
733368.50,4051370.75,2429.20,1139,2048,668.7,0.176,1,gain
733369.50,4051370.75,2429.78,1141,2044,669.6,0.176,1,gain
733542.50,4051370.75,2506.21,1400,1642,837.1,0.220,1,gain
733118.50,4051369.75,2380.69,349,2667,442.3,0.116,1,gain
733158.50,4051369.75,2388.81,543,2511,476.5,0.125,1,gain
733285.50,4051368.75,2405.85,971,2238,591.0,0.155,1,gain
733101.50,4051367.75,2377.61,275,2741,427.1,0.112,1,gain
733600.50,4051367.75,2526.80,1478,1566,894.1,0.235,1,gain
733098.50,4051366.75,2375.99,269,2766,424.4,0.112,1,gain
733160.50,4051366.75,2389.25,580,2503,477.0,0.125,1,gain
733100.50,4051365.75,2376.70,292,2752,425.5,0.112,1,gain
733101.50,4051365.75,2376.98,298,2746,426.3,0.112,1,gain
733110.50,4051365.75,2378.53,349,2707,433.9,0.114,1,gain
733160.50,4051365.75,2389.29,589,2502,476.6,0.125,1,gain
733160.50,4051364.75,2389.33,599,2501,476.2,0.125,1,gain
733366.50,4051364.75,2428.38,1173,2053,665.0,0.175,1,gain
733586.50,4051364.75,2524.97,1477,1569,879.7,0.231,0,gain
733587.50,4051364.75,2524.87,1478,1570,880.7,0.231,0,gain
733366.50,4051363.75,2428.36,1179,2053,664.7,0.175,1,gain
733584.50,4051363.75,2524.52,1479,1570,877.5,0.231,0,gain
733585.50,4051363.75,2524.60,1480,1570,878.5,0.231,0,gain
733586.50,4051363.75,2524.84,1481,1570,879.5,0.231,0,gain
733587.50,4051363.75,2524.90,1482,1570,880.5,0.231,1,gain
733580.50,4051362.75,2524.31,1480,1570,873.4,0.230,1,gain
733581.50,4051362.75,2524.31,1481,1570,874.4,0.230,1,gain
733583.50,4051362.75,2524.19,1483,1571,876.3,0.230,1,gain
733584.50,4051362.75,2524.46,1484,1571,877.3,0.231,0,gain
733585.50,4051362.75,2524.54,1485,1571,878.3,0.231,1,gain
733586.50,4051362.75,2524.82,1486,1570,879.3,0.231,1,gain
733368.50,4051361.75,2429.28,1195,2047,666.0,0.175,1,gain
733369.50,4051361.75,2429.28,1197,2047,667.0,0.175,1,gain
733579.50,4051361.75,2523.64,1483,1573,872.2,0.229,1,gain
733110.50,4051360.75,2379.47,403,2694,431.5,0.113,1,gain
733110.50,4051359.75,2379.38,414,2694,431.1,0.113,1,gain
733372.50,4051359.75,2430.88,1215,2036,669.2,0.176,1,gain
733373.50,4051359.75,2431.37,1217,2033,670.2,0.176,1,gain
733110.50,4051358.75,2379.60,425,2691,430.6,0.113,1,gain
733373.50,4051358.75,2431.05,1223,2035,669.9,0.176,1,gain
733374.50,4051358.75,2431.63,1225,2031,670.8,0.176,1,gain
733375.50,4051358.75,2432.19,1226,2028,671.8,0.177,1,gain
733376.50,4051358.75,2433.28,1228,2021,672.7,0.177,1,gain
733110.50,4051357.75,2379.83,436,2688,430.1,0.113,1,gain
733300.50,4051357.75,2414.92,1084,2166,600.9,0.158,1,gain
733110.50,4051356.75,2380.01,447,2686,429.7,0.113,1,gain
733393.50,4051356.75,2443.01,1268,1960,688.2,0.181,1,gain
733393.50,4051355.75,2443.05,1274,1960,687.9,0.181,1,gain
733394.50,4051355.75,2443.69,1276,1956,688.9,0.181,1,gain
733395.50,4051355.75,2443.69,1278,1956,689.9,0.181,1,gain
733385.50,4051354.75,2437.12,1268,1996,680.1,0.179,1,gain
733386.50,4051354.75,2437.12,1269,1996,681.1,0.179,1,gain
733112.50,4051353.75,2380.95,489,2670,430.0,0.113,1,gain
733305.50,4051353.75,2416.86,1122,2150,604.3,0.159,1,gain
733396.50,4051353.75,2444.58,1291,1951,690.3,0.181,1,gain
733398.50,4051353.75,2446.63,1294,1938,692.2,0.182,1,gain
733617.50,4051353.75,2531.76,1557,1550,908.1,0.239,1,gain
733112.50,4051352.75,2380.83,500,2671,429.6,0.113,1,gain
733122.50,4051352.75,2382.20,549,2635,438.2,0.115,1,gain
733291.50,4051352.75,2407.89,1099,2219,591.4,0.155,1,gain
733292.50,4051352.75,2408.45,1101,2215,592.3,0.156,1,gain
733294.50,4051352.75,2409.57,1106,2206,594.1,0.156,1,gain
733396.50,4051352.75,2444.74,1297,1950,690.0,0.181,1,gain
733620.50,4051352.75,2532.72,1564,1547,910.9,0.239,1,gain
733119.50,4051351.75,2381.92,545,2643,435.2,0.114,1,gain
733300.50,4051351.75,2412.77,1126,2180,599.2,0.157,1,gain
733306.50,4051351.75,2416.29,1138,2153,604.7,0.159,1,gain
733301.50,4051350.75,2413.09,1135,2178,599.8,0.158,1,gain
733091.50,4051348.75,2375.06,434,2783,410.4,0.108,1,gain
733408.50,4051348.75,2450.08,1339,1918,700.5,0.184,1,gain
733110.50,4051347.75,2379.91,544,2682,425.9,0.112,1,gain
733111.50,4051347.75,2380.07,549,2678,426.7,0.112,1,gain
733300.50,4051347.75,2411.87,1154,2186,598.1,0.157,1,gain
733088.50,4051346.75,2373.93,441,2803,407.1,0.107,1,gain
733638.50,4051346.75,2539.85,1606,1523,928.0,0.244,1,gain
733409.50,4051345.75,2451.04,1358,1912,700.7,0.184,1,gain
733410.50,4051345.75,2451.43,1359,1910,701.6,0.184,1,gain
733412.50,4051345.75,2451.90,1362,1907,703.6,0.185,1,gain
733637.50,4051345.75,2539.74,1609,1523,926.8,0.244,1,gain
733313.50,4051344.75,2419.66,1200,2127,609.1,0.160,1,gain
733314.50,4051344.75,2420.49,1202,2121,610.0,0.160,1,gain
733401.50,4051344.75,2447.46,1352,1933,692.7,0.182,1,gain
733405.50,4051344.75,2449.11,1358,1923,696.6,0.183,1,gain
733410.50,4051344.75,2451.71,1365,1908,701.4,0.184,1,gain
733411.50,4051344.75,2451.71,1367,1908,702.4,0.185,1,gain
733637.50,4051344.75,2540.01,1614,1522,926.6,0.243,1,gain
733638.50,4051344.75,2540.35,1615,1521,927.6,0.244,1,gain
733092.50,4051343.75,2375.46,496,2773,409.1,0.107,1,gain
733410.50,4051343.75,2451.79,1371,1908,701.1,0.184,1,gain
733620.50,4051343.75,2534.23,1604,1541,909.3,0.239,1,gain
733637.50,4051343.75,2540.10,1618,1522,926.5,0.243,1,gain
733638.50,4051343.75,2540.51,1619,1521,927.5,0.244,1,gain
733311.50,4051342.75,2418.84,1210,2134,606.6,0.159,1,gain
733637.50,4051342.75,2540.39,1622,1521,926.3,0.243,1,gain
733636.50,4051341.75,2539.96,1626,1522,925.1,0.243,1,gain
733413.50,4051340.75,2453.31,1393,1899,703.3,0.185,1,gain
733187.50,4051339.75,2395.39,923,2405,490.7,0.129,1,gain
733402.50,4051339.75,2448.21,1383,1929,692.4,0.182,1,gain
733409.50,4051339.75,2451.92,1393,1907,699.2,0.184,1,gain
733179.50,4051338.75,2392.39,907,2441,483.3,0.127,1,gain
733187.50,4051338.75,2395.39,932,2405,490.4,0.129,1,gain
733188.50,4051338.75,2395.93,935,2400,491.2,0.129,1,gain
733409.50,4051338.75,2450.74,1399,1914,699.0,0.184,1,gain
733636.50,4051338.75,2540.18,1639,1521,924.6,0.243,1,gain
733182.50,4051337.75,2393.61,925,2426,485.6,0.128,1,gain
733188.50,4051337.75,2395.93,944,2399,490.9,0.129,1,gain
733319.50,4051337.75,2424.37,1259,2094,612.6,0.161,1,gain
733408.50,4051337.75,2450.93,1403,1913,697.8,0.183,1,gain
733415.50,4051337.75,2454.37,1413,1893,704.5,0.185,1,gain
733420.50,4051337.75,2456.64,1420,1880,709.4,0.186,1,gain
733421.50,4051337.75,2457.59,1421,1875,710.3,0.187,1,gain
733639.50,4051337.75,2541.07,1646,1519,927.4,0.244,1,gain
733188.50,4051336.75,2395.86,952,2400,490.6,0.129,1,gain
733397.50,4051336.75,2446.08,1393,1942,686.9,0.180,1,gain
733401.50,4051336.75,2447.99,1399,1930,690.8,0.182,1,gain
733403.50,4051336.75,2448.80,1402,1925,692.7,0.182,1,gain
733414.50,4051336.75,2453.75,1417,1896,703.3,0.185,1,gain
733419.50,4051336.75,2456.01,1424,1884,708.2,0.186,1,gain
733420.50,4051336.75,2456.61,1425,1880,709.1,0.186,1,gain
733639.50,4051336.75,2541.07,1650,1519,927.2,0.244,1,gain
733311.50,4051335.75,2419.81,1258,2127,604.6,0.159,1,gain
733411.50,4051335.75,2452.76,1419,1902,700.2,0.184,1,gain
733412.50,4051335.75,2452.91,1420,1901,701.1,0.184,1,gain
733413.50,4051335.75,2453.38,1422,1899,702.1,0.184,1,gain
733414.50,4051335.75,2453.75,1423,1896,703.1,0.185,1,gain
733416.50,4051335.75,2454.83,1426,1890,705.0,0.185,1,gain
733419.50,4051335.75,2455.94,1430,1884,707.9,0.186,1,gain
733419.50,4051334.75,2455.92,1435,1884,707.7,0.186,1,gain
733188.50,4051332.75,2394.57,987,2410,489.4,0.129,1,gain
733189.50,4051332.75,2395.06,990,2405,490.3,0.129,1,gain
733193.50,4051331.75,2396.35,1011,2389,493.5,0.130,1,gain
733310.50,4051331.75,2418.93,1283,2133,602.7,0.158,1,gain
733328.50,4051329.75,2428.56,1328,2063,618.9,0.163,1,gain
733329.50,4051329.75,2428.57,1330,2063,619.9,0.163,1,gain
733330.50,4051329.75,2428.54,1332,2062,620.9,0.163,1,gain
733318.50,4051328.75,2423.95,1317,2097,609.3,0.160,1,gain
733327.50,4051328.75,2428.81,1333,2062,617.7,0.162,1,gain
733328.50,4051328.75,2428.81,1335,2061,618.7,0.163,1,gain
733329.50,4051328.75,2428.77,1336,2061,619.6,0.163,1,gain
734065.50,4051328.75,2712.67,1900,1136,1367.7,0.359,1,gain
733196.50,4051327.75,2396.28,1053,2386,495.0,0.130,1,gain
733327.50,4051327.75,2428.87,1339,2061,617.4,0.162,1,gain
733432.50,4051327.75,2464.55,1492,1836,718.8,0.189,1,gain
733433.50,4051327.75,2465.01,1493,1834,719.8,0.189,1,gain
733434.50,4051327.75,2465.01,1494,1834,720.8,0.189,1,gain
733327.50,4051326.75,2429.06,1346,2060,617.2,0.162,1,gain
733432.50,4051326.75,2464.70,1497,1836,718.6,0.189,1,gain
733433.50,4051326.75,2465.19,1498,1833,719.6,0.189,1,gain
733434.50,4051326.75,2465.19,1500,1833,720.6,0.189,1,gain
733433.50,4051325.75,2465.56,1504,1831,719.4,0.189,1,gain
733220.50,4051323.75,2397.89,1150,2347,516.3,0.136,0,gain
733320.50,4051322.75,2423.44,1361,2099,609.7,0.160,1,gain
733610.50,4051321.75,2529.76,1694,1557,895.2,0.235,1,gain
733283.50,4051320.75,2407.17,1310,2228,574.7,0.151,1,gain
733284.50,4051320.75,2407.59,1312,2224,575.6,0.151,1,gain
733403.50,4051320.75,2452.75,1495,1903,689.0,0.181,1,gain
733611.50,4051320.75,2530.16,1699,1556,896.1,0.235,1,gain
733205.50,4051319.75,2399.36,1145,2350,500.7,0.132,1,gain
733206.50,4051319.75,2399.52,1147,2348,501.6,0.132,1,gain
733404.50,4051319.75,2453.71,1503,1897,689.7,0.181,1,gain
733329.50,4051318.75,2428.16,1402,2065,617.2,0.162,1,gain
733322.50,4051317.75,2424.63,1398,2090,610.3,0.160,1,gain
733326.50,4051317.75,2426.41,1404,2077,614.1,0.161,1,gain
733330.50,4051317.75,2428.63,1410,2062,617.9,0.162,1,gain
733333.50,4051317.75,2431.14,1415,2045,620.7,0.163,1,gain
733583.50,4051317.75,2528.21,1691,1554,867.9,0.228,1,gain
733584.50,4051317.75,2528.37,1692,1554,868.9,0.228,1,gain
733585.50,4051317.75,2528.51,1693,1554,869.9,0.229,1,gain
733322.50,4051316.75,2424.53,1405,2091,610.1,0.160,1,gain
733329.50,4051316.75,2427.63,1416,2068,616.7,0.162,1,gain
733333.50,4051316.75,2431.03,1422,2045,620.5,0.163,1,gain
733584.50,4051316.75,2528.48,1696,1553,868.7,0.228,1,gain
733291.50,4051315.75,2410.98,1360,2196,580.8,0.153,1,gain
733293.50,4051315.75,2412.19,1363,2187,582.6,0.153,1,gain
733558.50,4051315.75,2526.02,1680,1555,842.8,0.221,1,gain
733585.50,4051315.75,2528.79,1702,1552,869.6,0.228,1,gain
733322.50,4051314.75,2424.17,1418,2093,609.7,0.160,1,gain
733556.50,4051314.75,2525.36,1683,1557,840.6,0.221,1,gain
733558.50,4051314.75,2526.04,1685,1555,842.6,0.221,1,gain
733326.50,4051313.75,2425.38,1431,2084,613.2,0.161,1,gain
733554.50,4051313.75,2524.80,1686,1559,838.4,0.220,1,gain
733557.50,4051313.75,2525.77,1689,1556,841.5,0.221,1,gain
733558.50,4051313.75,2526.05,1690,1555,842.5,0.221,1,gain
733560.50,4051313.75,2526.61,1691,1553,844.5,0.222,1,gain
733562.50,4051313.75,2526.87,1693,1552,846.5,0.222,1,gain
733563.50,4051313.75,2526.93,1694,1553,847.5,0.223,1,gain
733147.50,4051312.75,2387.11,1042,2531,445.6,0.117,1,gain
733152.50,4051312.75,2387.93,1058,2515,450.2,0.118,1,gain
733555.50,4051312.75,2524.82,1692,1559,839.3,0.221,1,gain
733556.50,4051312.75,2525.47,1693,1557,840.3,0.221,1,gain
733557.50,4051312.75,2525.75,1694,1556,841.3,0.221,1,gain
733558.50,4051312.75,2526.01,1694,1555,842.3,0.221,1,gain
733559.50,4051312.75,2526.27,1695,1554,843.3,0.222,1,gain
733560.50,4051312.75,2526.43,1696,1554,844.3,0.222,1,gain
733561.50,4051312.75,2526.58,1697,1553,845.3,0.222,1,gain
733562.50,4051312.75,2526.68,1698,1553,846.3,0.222,1,gain
733563.50,4051312.75,2526.69,1698,1554,847.3,0.223,1,gain
733142.50,4051311.75,2386.33,1036,2546,440.8,0.116,1,gain
733143.50,4051311.75,2386.39,1039,2544,441.7,0.116,1,gain
733144.50,4051311.75,2386.64,1042,2540,442.6,0.116,1,gain
733294.50,4051311.75,2411.72,1393,2189,582.7,0.153,1,gain
733552.50,4051311.75,2524.14,1694,1561,836.1,0.220,1,gain
733553.50,4051311.75,2524.48,1695,1560,837.1,0.220,1,gain
733555.50,4051311.75,2524.78,1697,1560,839.1,0.220,1,gain
733556.50,4051311.75,2525.41,1697,1557,840.1,0.221,1,gain
733557.50,4051311.75,2525.68,1698,1556,841.1,0.221,1,gain
733560.50,4051311.75,2526.30,1701,1554,844.1,0.222,1,gain
733562.50,4051311.75,2526.45,1702,1554,846.1,0.222,1,gain
733563.50,4051311.75,2526.45,1703,1555,847.1,0.223,1,gain
733143.50,4051310.75,2386.38,1049,2544,441.4,0.116,1,gain
733144.50,4051310.75,2386.62,1052,2540,442.3,0.116,1,gain
733154.50,4051310.75,2388.21,1083,2509,451.4,0.119,1,gain
733170.50,4051310.75,2392.26,1129,2450,465.8,0.122,1,gain
733294.50,4051310.75,2411.87,1400,2188,582.4,0.153,1,gain
733436.50,4051310.75,2474.05,1591,1785,719.4,0.189,1,gain
733450.50,4051310.75,2477.16,1606,1770,733.2,0.193,1,gain
733552.50,4051310.75,2523.98,1699,1562,835.9,0.220,1,gain
733553.50,4051310.75,2524.36,1700,1561,836.9,0.220,1,gain
733554.50,4051310.75,2524.67,1701,1560,837.9,0.220,1,gain
733555.50,4051310.75,2524.67,1701,1560,838.9,0.220,0,gain
733556.50,4051310.75,2525.30,1702,1557,839.9,0.221,1,gain
733557.50,4051310.75,2525.53,1703,1557,840.9,0.221,1,gain
733141.50,4051309.75,2386.07,1052,2550,439.2,0.115,1,gain
733142.50,4051309.75,2386.14,1055,2547,440.2,0.116,1,gain
733143.50,4051309.75,2386.24,1058,2545,441.1,0.116,1,gain
733144.50,4051309.75,2386.55,1062,2540,442.0,0.116,1,gain
733145.50,4051309.75,2386.69,1065,2537,442.9,0.116,1,gain
733169.50,4051309.75,2392.45,1135,2450,464.6,0.122,1,gain
733175.50,4051309.75,2394.33,1151,2426,470.0,0.123,1,gain
733178.50,4051309.75,2394.94,1160,2417,472.7,0.124,1,gain
733179.50,4051309.75,2394.92,1162,2416,473.7,0.124,1,gain
733248.50,4051309.75,2403.56,1322,2278,538.5,0.142,1,gain
733336.50,4051309.75,2431.26,1472,2043,621.8,0.163,1,gain
733337.50,4051309.75,2432.06,1473,2038,622.7,0.164,1,gain
733553.50,4051309.75,2524.22,1705,1561,836.7,0.220,1,gain
733554.50,4051309.75,2524.22,1705,1562,837.7,0.220,1,gain
733555.50,4051309.75,2524.54,1706,1561,838.7,0.220,1,gain
733556.50,4051309.75,2525.13,1707,1558,839.8,0.221,1,gain
733154.50,4051308.75,2387.27,1102,2518,450.9,0.118,1,gain
733159.50,4051308.75,2388.65,1116,2497,455.4,0.120,1,gain
733248.50,4051308.75,2403.76,1330,2277,538.3,0.141,1,gain
733337.50,4051308.75,2431.84,1480,2039,622.5,0.164,1,gain
733552.50,4051308.75,2523.92,1709,1563,835.6,0.220,1,gain
733553.50,4051308.75,2524.22,1709,1561,836.6,0.220,1,gain
733555.50,4051308.75,2524.54,1711,1561,838.6,0.220,1,gain
733160.50,4051307.75,2388.69,1128,2496,456.0,0.120,1,gain
733191.50,4051307.75,2398.80,1210,2369,484.0,0.127,1,gain
733193.50,4051307.75,2399.05,1215,2365,485.9,0.128,1,gain
733194.50,4051307.75,2399.37,1218,2361,486.8,0.128,1,gain
733195.50,4051307.75,2399.70,1220,2357,487.7,0.128,1,gain
733336.50,4051307.75,2431.17,1485,2044,621.3,0.163,1,gain
733337.50,4051307.75,2431.78,1486,2039,622.3,0.164,1,gain
733467.50,4051307.75,2487.19,1639,1719,749.7,0.197,1,gain
733552.50,4051307.75,2523.72,1713,1563,835.4,0.220,1,gain
733565.50,4051307.75,2525.05,1724,1562,848.3,0.223,1,gain
733566.50,4051307.75,2525.16,1724,1562,849.3,0.223,0,gain
733181.50,4051306.75,2395.88,1194,2405,474.6,0.125,1,gain
733185.50,4051306.75,2396.85,1204,2392,478.3,0.126,1,gain
733341.50,4051306.75,2433.94,1498,2025,625.9,0.164,1,gain
733407.50,4051306.75,2455.93,1582,1884,690.0,0.181,1,gain
733566.50,4051306.75,2525.09,1729,1562,849.1,0.223,1,gain
733567.50,4051306.75,2525.39,1730,1561,850.1,0.223,1,gain
733140.50,4051305.75,2384.63,1088,2564,437.3,0.115,1,gain
733141.50,4051305.75,2384.56,1091,2563,438.2,0.115,1,gain
733167.50,4051305.75,2391.09,1166,2464,461.7,0.121,1,gain
733175.50,4051305.75,2393.42,1187,2433,468.9,0.123,1,gain
733176.50,4051305.75,2393.30,1190,2433,469.9,0.123,1,gain
733185.50,4051305.75,2396.64,1213,2394,478.0,0.126,1,gain
733341.50,4051305.75,2433.86,1505,2025,625.7,0.164,1,gain
733344.50,4051305.75,2435.66,1509,2013,628.5,0.165,1,gain
733552.50,4051305.75,2523.03,1723,1567,835.0,0.219,1,gain
733553.50,4051305.75,2523.34,1724,1566,836.0,0.220,1,gain
733554.50,4051305.75,2523.34,1725,1566,837.0,0.220,1,gain
733555.50,4051305.75,2523.72,1725,1565,838.0,0.220,1,gain
733556.50,4051305.75,2524.30,1726,1562,839.0,0.220,1,gain
733141.50,4051304.75,2384.28,1101,2566,438.0,0.115,1,gain
733176.50,4051304.75,2393.30,1199,2433,469.6,0.123,1,gain
733182.50,4051304.75,2395.43,1214,2407,475.0,0.125,1,gain
733184.50,4051304.75,2395.99,1219,2400,476.9,0.125,1,gain
733186.50,4051304.75,2396.63,1224,2392,478.7,0.126,1,gain
733288.50,4051304.75,2409.83,1432,2206,575.3,0.151,1,gain
733338.50,4051304.75,2431.78,1507,2039,622.6,0.164,1,gain
733339.50,4051304.75,2432.70,1508,2033,623.5,0.164,1,gain
733384.50,4051304.75,2447.02,1567,1937,667.1,0.175,1,gain
733388.50,4051304.75,2448.33,1572,1929,671.0,0.176,1,gain
733554.50,4051304.75,2523.13,1729,1567,836.8,0.220,1,gain
733555.50,4051304.75,2523.46,1730,1566,837.8,0.220,1,gain
733556.50,4051304.75,2524.04,1731,1564,838.9,0.220,1,gain
733558.50,4051304.75,2524.37,1732,1563,840.9,0.221,0,gain
733163.50,4051303.75,2388.75,1173,2490,457.7,0.120,1,gain
733172.50,4051303.75,2391.75,1197,2451,465.8,0.122,1,gain
733182.50,4051303.75,2395.12,1223,2410,474.8,0.125,1,gain
733388.50,4051303.75,2448.52,1578,1928,670.8,0.176,1,gain
733389.50,4051303.75,2449.15,1579,1924,671.8,0.177,1,gain
733410.50,4051303.75,2458.21,1603,1871,692.3,0.182,1,gain
733445.50,4051303.75,2480.07,1639,1753,727.1,0.191,1,gain
733474.50,4051303.75,2492.75,1667,1692,756.1,0.199,1,gain
733178.50,4051302.75,2393.33,1221,2430,471.0,0.124,1,gain
733187.50,4051302.75,2396.08,1244,2396,479.1,0.126,1,gain
733190.50,4051302.75,2397.24,1251,2383,481.9,0.127,1,gain
733194.50,4051302.75,2398.18,1260,2370,485.6,0.128,1,gain
733345.50,4051302.75,2436.21,1529,2009,628.8,0.165,1,gain
733469.50,4051302.75,2490.14,1668,1704,750.8,0.197,1,gain
733472.50,4051302.75,2492.28,1670,1694,753.9,0.198,1,gain
733474.50,4051302.75,2492.97,1672,1691,755.9,0.199,1,gain
733166.50,4051301.75,2389.05,1200,2483,459.9,0.121,1,gain
733167.50,4051301.75,2389.67,1202,2476,460.8,0.121,1,gain
733174.50,4051301.75,2391.86,1220,2448,467.1,0.123,1,gain
733179.50,4051301.75,2393.98,1233,2423,471.5,0.124,1,gain
733190.50,4051301.75,2397.24,1259,2382,481.6,0.127,1,gain
733203.50,4051301.75,2401.73,1289,2332,493.5,0.130,1,gain
733470.50,4051301.75,2490.91,1674,1701,751.7,0.198,1,gain
733473.50,4051301.75,2492.97,1677,1691,754.7,0.198,1,gain
733168.50,4051300.75,2389.23,1214,2478,461.5,0.121,1,gain
733169.50,4051300.75,2389.50,1217,2475,462.4,0.122,1,gain
733196.50,4051300.75,2398.51,1282,2365,486.9,0.128,1,gain
733202.50,4051300.75,2401.31,1295,2336,492.3,0.129,1,gain
733203.50,4051300.75,2401.59,1298,2333,493.2,0.130,1,gain
733204.50,4051300.75,2401.83,1300,2330,494.2,0.130,1,gain
733297.50,4051300.75,2411.85,1474,2187,583.0,0.153,1,gain
733298.50,4051300.75,2412.36,1476,2183,583.9,0.153,1,gain
733350.50,4051300.75,2438.38,1549,1995,633.2,0.166,1,gain
733468.50,4051300.75,2489.56,1677,1707,749.5,0.197,1,gain
733470.50,4051300.75,2491.05,1679,1700,751.5,0.197,1,gain
733471.50,4051300.75,2491.70,1680,1697,752.5,0.198,1,gain
733473.50,4051300.75,2493.27,1682,1689,754.6,0.198,1,gain
733172.50,4051299.75,2390.04,1233,2466,464.9,0.122,1,gain
733179.50,4051299.75,2392.90,1250,2432,471.1,0.124,1,gain
733472.50,4051299.75,2492.74,1686,1692,753.4,0.198,1,gain
733473.50,4051299.75,2492.74,1687,1692,754.4,0.198,1,gain
733545.50,4051299.75,2519.42,1747,1581,826.9,0.217,1,gain
733637.50,4051299.75,2546.05,1809,1498,919.8,0.242,1,gain
733438.50,4051297.75,2473.28,1666,1789,718.9,0.189,1,gain
733635.50,4051297.75,2545.46,1816,1499,917.5,0.241,1,gain
733177.50,4051296.75,2389.04,1273,2467,469.0,0.123,1,gain
733198.50,4051296.75,2398.22,1320,2365,487.8,0.128,1,gain
733209.50,4051296.75,2401.24,1344,2330,498.0,0.131,1,gain
733635.50,4051296.75,2546.01,1821,1497,917.4,0.241,1,gain
733636.50,4051296.75,2546.28,1821,1496,918.4,0.241,1,gain
733190.50,4051295.75,2394.33,1311,2406,480.4,0.126,1,gain
733210.50,4051295.75,2401.61,1354,2326,498.7,0.131,1,gain
733211.50,4051295.75,2401.94,1356,2322,499.6,0.131,1,gain
733358.50,4051295.75,2442.45,1590,1968,640.0,0.168,1,gain
733449.50,4051295.75,2481.28,1687,1748,729.6,0.192,1,gain
733115.50,4051294.75,2373.67,1120,2717,412.6,0.108,1,gain
733204.50,4051294.75,2399.59,1350,2348,492.9,0.130,1,gain
733209.50,4051294.75,2400.82,1360,2333,497.5,0.131,1,gain
733219.50,4051293.75,2403.76,1389,2300,506.6,0.133,1,gain
733221.50,4051293.75,2404.59,1393,2292,508.4,0.134,1,gain
733225.50,4051293.75,2405.56,1400,2281,512.2,0.135,1,gain
733359.50,4051293.75,2442.99,1604,1965,640.6,0.168,1,gain
733453.50,4051293.75,2482.43,1702,1742,733.3,0.193,1,gain
733454.50,4051293.75,2482.43,1702,1742,734.2,0.193,0,gain
733455.50,4051293.75,2482.89,1703,1740,735.2,0.193,1,gain
733213.50,4051292.75,2401.84,1385,2321,500.8,0.132,1,gain
733217.50,4051292.75,2402.65,1393,2311,504.5,0.133,1,gain
733223.50,4051292.75,2405.46,1404,2284,510.0,0.134,1,gain
733353.50,4051292.75,2438.56,1603,1993,634.6,0.167,1,gain
733447.50,4051292.75,2479.21,1702,1758,727.1,0.191,1,gain
733453.50,4051292.75,2482.10,1707,1744,733.1,0.193,1,gain
733454.50,4051292.75,2482.10,1708,1744,734.1,0.193,1,gain
733213.50,4051291.75,2401.55,1393,2323,500.6,0.132,1,gain
733218.50,4051291.75,2402.99,1403,2307,505.2,0.133,1,gain
733359.50,4051291.75,2443.08,1616,1964,640.2,0.168,1,gain
733362.50,4051291.75,2444.18,1620,1957,643.1,0.169,1,gain
733450.50,4051291.75,2480.64,1710,1751,729.9,0.192,1,gain
733452.50,4051291.75,2481.50,1712,1747,731.9,0.192,1,gain
733215.50,4051290.75,2401.96,1405,2318,502.2,0.132,1,gain
733229.50,4051290.75,2407.50,1432,2263,515.2,0.135,1,gain
733196.50,4051289.75,2395.39,1375,2390,484.5,0.127,1,gain
733361.50,4051289.75,2443.89,1631,1959,641.7,0.169,1,gain
733364.50,4051289.75,2444.95,1635,1952,644.7,0.169,1,gain
733569.50,4051289.75,2523.11,1811,1573,849.4,0.223,1,gain
733570.50,4051289.75,2523.45,1812,1572,850.4,0.223,1,gain
733820.50,4051289.75,2621.24,1937,1295,1108.0,0.291,1,gain
733194.50,4051288.75,2394.16,1380,2403,482.5,0.127,1,gain
733216.50,4051288.75,2401.75,1423,2319,502.7,0.132,1,gain
733221.50,4051288.75,2404.04,1433,2296,507.3,0.133,1,gain
733570.50,4051288.75,2523.45,1817,1572,850.2,0.223,1,gain
733571.50,4051288.75,2523.78,1817,1571,851.3,0.224,1,gain
733572.50,4051288.75,2524.10,1818,1570,852.3,0.224,1,gain
733573.50,4051288.75,2524.36,1818,1569,853.3,0.224,1,gain
733574.50,4051288.75,2524.54,1819,1568,854.3,0.224,1,gain
733576.50,4051288.75,2525.12,1820,1566,856.3,0.225,1,gain
733234.50,4051287.75,2409.12,1464,2246,519.2,0.136,1,gain
733358.50,4051287.75,2441.47,1640,1974,638.5,0.168,1,gain
733386.50,4051287.75,2450.22,1671,1918,665.9,0.175,1,gain
733413.50,4051287.75,2462.97,1698,1845,692.4,0.182,1,gain
733572.50,4051287.75,2524.10,1822,1570,852.1,0.224,1,gain
733576.50,4051287.75,2524.86,1825,1568,856.1,0.225,1,gain
733823.50,4051287.75,2622.85,1945,1291,1111.0,0.292,0,gain
733220.50,4051286.75,2402.49,1447,2309,506.1,0.133,1,gain
733221.50,4051286.75,2403.41,1449,2301,506.9,0.133,1,gain
733232.50,4051286.75,2408.39,1468,2253,517.1,0.136,1,gain
733412.50,4051286.75,2462.75,1703,1846,691.3,0.182,1,gain
733234.50,4051285.75,2409.07,1480,2247,518.7,0.136,1,gain
733362.50,4051285.75,2444.11,1657,1958,642.0,0.169,1,gain
733363.50,4051285.75,2444.22,1658,1957,643.0,0.169,1,gain
733365.50,4051285.75,2444.48,1661,1955,644.9,0.169,1,gain
733367.50,4051285.75,2445.99,1663,1945,646.9,0.170,1,gain
733354.50,4051284.75,2438.96,1655,1990,634.1,0.167,1,gain
733359.50,4051284.75,2441.79,1660,1972,638.9,0.168,1,gain
733197.50,4051283.75,2393.55,1428,2404,484.2,0.127,1,gain
733230.50,4051283.75,2407.72,1489,2260,514.5,0.135,1,gain
733251.50,4051283.75,2411.32,1524,2218,534.6,0.140,1,gain
733252.50,4051283.75,2411.18,1525,2218,535.6,0.141,1,gain
733253.50,4051283.75,2411.08,1527,2218,536.6,0.141,1,gain
733254.50,4051283.75,2411.11,1528,2217,537.6,0.141,1,gain
733360.50,4051283.75,2442.19,1668,1970,639.7,0.168,1,gain
733361.50,4051283.75,2442.68,1669,1966,640.7,0.168,1,gain
733410.50,4051283.75,2462.06,1718,1850,688.8,0.181,1,gain
733250.50,4051282.75,2411.34,1530,2218,533.4,0.140,1,gain
733251.50,4051282.75,2411.60,1531,2216,534.4,0.140,1,gain
733252.50,4051282.75,2411.52,1533,2216,535.4,0.141,1,gain
733359.50,4051282.75,2441.38,1673,1975,638.6,0.168,1,gain
733362.50,4051282.75,2442.96,1676,1965,641.5,0.169,1,gain
733363.50,4051282.75,2443.65,1677,1960,642.5,0.169,1,gain
733410.50,4051282.75,2462.16,1724,1849,688.6,0.181,1,gain
733197.50,4051281.75,2392.85,1445,2409,483.9,0.127,1,gain
733219.50,4051281.75,2401.24,1486,2320,504.1,0.132,1,gain
733244.50,4051281.75,2411.33,1527,2222,527.4,0.139,1,gain
733247.50,4051281.75,2411.58,1532,2219,530.3,0.139,1,gain
733356.50,4051281.75,2439.30,1676,1988,635.5,0.167,1,gain
733409.50,4051281.75,2461.33,1729,1854,687.5,0.181,1,gain
733410.50,4051281.75,2461.91,1730,1851,688.5,0.181,1,gain
733220.50,4051280.75,2401.46,1495,2317,504.8,0.133,1,gain
733411.50,4051280.75,2463.00,1736,1844,689.3,0.181,1,gain
733197.50,4051279.75,2392.22,1462,2414,483.5,0.127,1,gain
733199.50,4051279.75,2393.19,1466,2404,485.3,0.128,1,gain
733220.50,4051279.75,2401.26,1503,2318,504.6,0.133,1,gain
733359.50,4051279.75,2440.08,1692,1983,638.1,0.168,1,gain
733360.50,4051279.75,2440.46,1693,1980,639.1,0.168,1,gain
733412.50,4051279.75,2463.26,1743,1843,690.1,0.181,1,gain
733423.50,4051279.75,2469.22,1753,1810,701.1,0.184,1,gain
733844.50,4051279.75,2635.59,1981,1258,1132.8,0.298,1,gain
733221.50,4051278.75,2401.82,1513,2313,505.3,0.133,1,gain
733257.50,4051278.75,2412.23,1570,2207,539.4,0.142,0,gain
733359.50,4051278.75,2440.08,1698,1983,637.9,0.168,1,gain
733360.50,4051278.75,2440.46,1699,1980,638.9,0.168,1,gain
733371.50,4051278.75,2446.20,1710,1944,649.6,0.171,1,gain
733413.50,4051278.75,2463.47,1750,1842,691.0,0.182,1,gain
733414.50,4051278.75,2464.22,1751,1838,692.0,0.182,1,gain
733417.50,4051278.75,2465.52,1753,1831,694.9,0.183,1,gain
733418.50,4051278.75,2465.97,1754,1828,695.9,0.183,1,gain
733425.50,4051278.75,2469.83,1760,1807,702.9,0.185,1,gain
733221.50,4051277.75,2400.88,1521,2320,505.2,0.133,1,gain
733222.50,4051277.75,2400.88,1523,2319,506.2,0.133,1,gain
733223.50,4051277.75,2401.71,1525,2312,507.1,0.133,1,gain
733226.50,4051277.75,2402.73,1530,2302,509.9,0.134,1,gain
733250.50,4051277.75,2412.25,1567,2212,532.3,0.140,1,gain
733256.50,4051277.75,2413.32,1576,2200,538.1,0.141,1,gain
733357.50,4051277.75,2438.31,1702,1994,635.8,0.167,1,gain
733358.50,4051277.75,2438.91,1703,1990,636.8,0.167,1,gain
733368.50,4051277.75,2443.92,1713,1958,646.5,0.170,1,gain
733370.50,4051277.75,2445.43,1715,1949,648.5,0.170,1,gain
733094.50,4051276.75,2366.61,1244,2836,389.4,0.102,1,gain
733230.50,4051276.75,2403.40,1544,2293,513.5,0.135,1,gain
733234.50,4051276.75,2405.43,1550,2274,517.2,0.136,1,gain
733432.50,4051276.75,2473.67,1777,1787,709.6,0.186,1,gain
733433.50,4051276.75,2474.90,1778,1780,710.6,0.187,1,gain
733851.50,4051276.75,2639.40,1994,1249,1140.0,0.300,1,gain
733096.50,4051275.75,2366.94,1261,2827,391.0,0.103,1,gain
733227.50,4051275.75,2402.24,1547,2304,510.5,0.134,1,gain
733241.50,4051275.75,2407.55,1569,2253,523.6,0.138,1,gain
733252.50,4051275.75,2412.71,1585,2207,533.8,0.140,1,gain
733370.50,4051275.75,2445.13,1728,1950,648.2,0.170,1,gain
733373.50,4051275.75,2446.12,1731,1944,651.1,0.171,1,gain
733426.50,4051275.75,2470.61,1778,1803,703.5,0.185,1,gain
733427.50,4051275.75,2471.18,1779,1800,704.5,0.185,1,gain
733428.50,4051275.75,2471.65,1780,1797,705.5,0.185,1,gain
733432.50,4051275.75,2473.80,1783,1786,709.5,0.186,1,gain
733433.50,4051275.75,2474.91,1784,1780,710.5,0.187,1,gain
733228.50,4051274.75,2402.58,1557,2301,511.2,0.134,1,gain
733269.50,4051274.75,2416.18,1617,2171,550.0,0.145,1,gain
733373.50,4051274.75,2446.12,1737,1944,650.9,0.171,1,gain
733408.50,4051274.75,2460.82,1768,1857,685.4,0.180,1,gain
733427.50,4051274.75,2471.07,1784,1801,704.3,0.185,1,gain
733241.50,4051273.75,2406.85,1584,2258,523.2,0.137,1,gain
733269.50,4051273.75,2416.30,1624,2171,549.8,0.144,1,gain
733366.50,4051273.75,2441.59,1736,1972,644.0,0.169,1,gain
733368.50,4051273.75,2442.93,1738,1964,645.9,0.170,1,gain
733429.50,4051273.75,2472.29,1792,1794,706.2,0.186,1,gain
733430.50,4051273.75,2472.82,1792,1791,707.2,0.186,1,gain
733366.50,4051272.75,2441.35,1742,1974,643.8,0.169,1,gain
733427.50,4051272.75,2471.20,1796,1800,704.0,0.185,1,gain
733429.50,4051272.75,2472.29,1797,1794,706.0,0.186,1,gain
733246.50,4051271.75,2408.92,1607,2239,527.5,0.139,1,gain
733247.50,4051271.75,2408.92,1609,2238,528.5,0.139,1,gain
733253.50,4051271.75,2411.61,1617,2214,534.1,0.140,1,gain
733258.50,4051271.75,2413.64,1624,2196,538.9,0.142,1,gain
733373.50,4051271.75,2445.53,1755,1948,650.5,0.171,1,gain
733428.50,4051271.75,2471.99,1802,1796,704.9,0.185,1,gain
733429.50,4051271.75,2472.51,1803,1793,705.9,0.185,1,gain
733249.50,4051270.75,2409.36,1619,2233,530.2,0.139,1,gain
733375.50,4051270.75,2446.43,1763,1942,652.3,0.171,1,gain
733860.50,4051270.75,2644.86,2018,1236,1149.2,0.302,1,gain
733861.50,4051270.75,2645.53,2018,1234,1150.3,0.302,1,gain
733254.50,4051269.75,2411.41,1633,2215,534.8,0.141,1,gain
733376.50,4051269.75,2446.65,1770,1941,653.1,0.172,1,gain
733860.50,4051269.75,2645.01,2021,1235,1149.1,0.302,1,gain
733259.50,4051268.75,2413.49,1648,2197,539.3,0.142,1,gain
733260.50,4051268.75,2414.02,1649,2192,540.2,0.142,1,gain
733261.50,4051268.75,2414.61,1650,2187,541.2,0.142,1,gain
733375.50,4051268.75,2445.97,1775,1945,652.0,0.171,1,gain
733434.50,4051268.75,2475.78,1823,1776,710.5,0.187,1,gain
733259.50,4051267.75,2412.99,1655,2200,539.2,0.142,1,gain
733260.50,4051267.75,2413.56,1656,2195,540.1,0.142,1,gain
733261.50,4051267.75,2414.16,1658,2190,541.0,0.142,1,gain
733423.50,4051267.75,2469.34,1821,1810,699.3,0.184,1,gain
733424.50,4051267.75,2470.15,1821,1805,700.3,0.184,1,gain
733446.50,4051267.75,2483.24,1838,1737,722.5,0.190,1,gain
733453.50,4051267.75,2486.18,1843,1723,729.5,0.192,1,gain
733259.50,4051266.75,2412.84,1662,2201,539.0,0.142,1,gain
733260.50,4051266.75,2413.40,1664,2197,539.9,0.142,1,gain
733262.50,4051266.75,2414.42,1666,2188,541.8,0.142,1,gain
733273.50,4051266.75,2418.46,1680,2153,552.3,0.145,1,gain
733274.50,4051266.75,2418.51,1681,2152,553.3,0.145,1,gain
733275.50,4051266.75,2418.52,1683,2152,554.3,0.146,1,gain
733424.50,4051266.75,2470.16,1827,1805,700.2,0.184,1,gain
733444.50,4051266.75,2481.49,1842,1746,720.3,0.189,1,gain
733445.50,4051266.75,2482.05,1842,1743,721.3,0.190,1,gain
733446.50,4051266.75,2482.63,1843,1740,722.3,0.190,1,gain
733258.50,4051265.75,2412.22,1669,2206,537.9,0.141,1,gain
733259.50,4051265.75,2412.84,1670,2201,538.8,0.142,1,gain
733260.50,4051265.75,2413.16,1671,2198,539.8,0.142,1,gain
733261.50,4051265.75,2413.56,1672,2195,540.7,0.142,1,gain
733262.50,4051265.75,2414.16,1674,2190,541.7,0.142,1,gain
733272.50,4051265.75,2418.37,1686,2154,551.2,0.145,1,gain
733273.50,4051265.75,2418.57,1687,2152,552.1,0.145,1,gain
733274.50,4051265.75,2418.58,1689,2152,553.1,0.145,1,gain
733275.50,4051265.75,2418.48,1690,2152,554.1,0.146,1,gain
733276.50,4051265.75,2418.41,1691,2152,555.1,0.146,1,gain
733444.50,4051265.75,2481.15,1847,1748,720.1,0.189,1,gain
733447.50,4051265.75,2482.76,1849,1740,723.2,0.190,1,gain
733448.50,4051265.75,2483.32,1850,1737,724.2,0.190,1,gain
733256.50,4051264.75,2410.97,1674,2217,535.9,0.141,1,gain
733257.50,4051264.75,2411.40,1675,2213,536.8,0.141,1,gain
733258.50,4051264.75,2411.99,1676,2208,537.7,0.141,1,gain
733261.50,4051264.75,2413.56,1680,2195,540.5,0.142,1,gain
733271.50,4051264.75,2418.37,1692,2155,550.0,0.145,1,gain
733272.50,4051264.75,2418.37,1693,2154,551.0,0.145,1,gain
733273.50,4051264.75,2418.70,1695,2151,551.9,0.145,1,gain
733274.50,4051264.75,2418.68,1696,2151,552.9,0.145,1,gain
733275.50,4051264.75,2418.57,1697,2151,553.9,0.146,1,gain
733443.50,4051264.75,2479.94,1852,1754,719.0,0.189,1,gain
733444.50,4051264.75,2480.81,1853,1750,720.0,0.189,1,gain
733447.50,4051264.75,2482.44,1855,1742,723.0,0.190,1,gain
733448.50,4051264.75,2483.02,1856,1739,724.0,0.190,1,gain
733484.50,4051264.75,2503.02,1879,1643,760.6,0.200,1,gain
733485.50,4051264.75,2503.58,1880,1640,761.7,0.200,1,gain
733271.50,4051263.75,2418.22,1699,2156,549.8,0.144,1,gain
733272.50,4051263.75,2418.22,1701,2155,550.8,0.145,1,gain
733274.50,4051263.75,2418.65,1703,2151,552.8,0.145,1,gain
733275.50,4051263.75,2418.57,1704,2151,553.7,0.146,1,gain
733372.50,4051263.75,2445.82,1803,1946,648.3,0.170,1,gain
733373.50,4051263.75,2446.32,1804,1943,649.3,0.171,1,gain
733443.50,4051263.75,2479.50,1858,1757,718.8,0.189,1,gain
733444.50,4051263.75,2480.46,1858,1752,719.9,0.189,1,gain
733483.50,4051263.75,2502.62,1884,1644,759.5,0.200,1,gain
733259.50,4051262.75,2412.13,1692,2206,538.4,0.141,1,gain
733260.50,4051262.75,2412.75,1693,2201,539.3,0.142,1,gain
733269.50,4051262.75,2417.75,1704,2160,547.7,0.144,1,gain
733272.50,4051262.75,2418.19,1708,2155,550.7,0.145,1,gain
733273.50,4051262.75,2418.39,1709,2153,551.6,0.145,1,gain
733445.50,4051262.75,2480.34,1865,1753,720.7,0.189,1,gain
733492.50,4051262.75,2507.06,1895,1625,768.6,0.202,1,gain
733493.50,4051262.75,2507.06,1895,1625,769.6,0.202,0,gain
733512.50,4051262.75,2518.16,1906,1576,789.2,0.207,1,gain
733513.50,4051262.75,2518.87,1907,1573,790.2,0.208,1,gain
733753.50,4051262.75,2599.51,2013,1340,1036.3,0.272,1,gain
733259.50,4051261.75,2411.99,1700,2207,538.2,0.141,1,gain
733260.50,4051261.75,2412.70,1701,2201,539.1,0.142,1,gain
733262.50,4051261.75,2413.53,1703,2194,541.0,0.142,1,gain
733271.50,4051261.75,2418.19,1714,2156,549.5,0.144,1,gain
733365.50,4051261.75,2441.02,1809,1976,641.2,0.168,1,gain
733428.50,4051261.75,2471.99,1858,1796,703.5,0.185,1,gain
733445.50,4051261.75,2479.95,1870,1755,720.6,0.189,1,gain
733493.50,4051261.75,2506.47,1900,1628,769.4,0.202,1,gain
733511.50,4051261.75,2516.33,1911,1585,787.9,0.207,1,gain
733512.50,4051261.75,2517.36,1911,1580,789.0,0.207,1,gain
733513.50,4051261.75,2517.96,1912,1578,790.0,0.208,1,gain
733514.50,4051261.75,2518.52,1912,1575,791.1,0.208,1,gain
733260.50,4051260.75,2412.40,1708,2204,539.0,0.142,1,gain
733434.50,4051260.75,2473.52,1868,1788,709.4,0.186,1,gain
733436.50,4051260.75,2474.20,1869,1785,711.4,0.187,1,gain
733438.50,4051260.75,2475.30,1871,1779,713.4,0.187,1,gain
733439.50,4051260.75,2475.84,1872,1776,714.4,0.188,1,gain
733440.50,4051260.75,2475.84,1872,1776,715.4,0.188,0,gain
733443.50,4051260.75,2477.81,1874,1766,718.4,0.189,1,gain
733445.50,4051260.75,2479.36,1876,1758,720.4,0.189,1,gain
733446.50,4051260.75,2480.01,1876,1755,721.4,0.190,1,gain
733447.50,4051260.75,2480.51,1877,1752,722.5,0.190,1,gain
733448.50,4051260.75,2480.51,1878,1752,723.4,0.190,1,gain
733483.50,4051260.75,2501.87,1899,1648,759.1,0.199,1,gain
733484.50,4051260.75,2501.87,1900,1649,760.1,0.200,1,gain
733485.50,4051260.75,2502.89,1901,1644,761.1,0.200,1,gain
733511.50,4051260.75,2515.91,1916,1587,787.8,0.207,1,gain
733513.50,4051260.75,2517.66,1917,1579,789.9,0.208,1,gain
733514.50,4051260.75,2518.23,1917,1577,790.9,0.208,1,gain
733259.50,4051259.75,2411.53,1714,2211,537.9,0.141,1,gain
733261.50,4051259.75,2412.67,1717,2201,539.8,0.142,1,gain
733271.50,4051259.75,2418.20,1728,2156,549.2,0.144,1,gain
733443.50,4051259.75,2477.58,1880,1767,718.3,0.189,1,gain
733482.50,4051259.75,2501.27,1904,1651,758.0,0.199,1,gain
733483.50,4051259.75,2501.69,1905,1649,759.0,0.199,1,gain
733485.50,4051259.75,2502.69,1906,1645,761.0,0.200,1,gain
733490.50,4051259.75,2504.95,1909,1635,766.1,0.201,1,gain
733491.50,4051259.75,2505.41,1909,1633,767.1,0.202,1,gain
733492.50,4051259.75,2505.41,1910,1633,768.1,0.202,1,gain
733493.50,4051259.75,2505.90,1911,1631,769.1,0.202,1,gain
733494.50,4051259.75,2506.37,1911,1629,770.2,0.202,1,gain
733266.50,4051258.75,2414.80,1730,2183,544.4,0.143,1,gain
733424.50,4051258.75,2468.69,1872,1814,699.1,0.184,1,gain
733433.50,4051258.75,2472.05,1879,1796,708.1,0.186,1,gain
733444.50,4051258.75,2478.46,1886,1763,719.2,0.189,1,gain
733446.50,4051258.75,2479.52,1887,1757,721.2,0.190,1,gain
733480.50,4051258.75,2500.32,1908,1656,755.8,0.199,1,gain
733481.50,4051258.75,2500.64,1909,1654,756.8,0.199,1,gain
733482.50,4051258.75,2501.08,1909,1652,757.8,0.199,1,gain
733486.50,4051258.75,2502.79,1912,1645,761.9,0.200,1,gain
733487.50,4051258.75,2503.16,1912,1643,762.9,0.200,1,gain
733488.50,4051258.75,2503.50,1913,1642,763.9,0.201,1,gain
733490.50,4051258.75,2504.73,1914,1636,766.0,0.201,1,gain
733491.50,4051258.75,2505.17,1915,1634,767.0,0.202,1,gain
733493.50,4051258.75,2505.61,1916,1632,769.0,0.202,1,gain
733507.50,4051258.75,2513.50,1924,1598,783.4,0.206,1,gain
733508.50,4051258.75,2513.98,1924,1596,784.4,0.206,1,gain
733509.50,4051258.75,2514.49,1925,1593,785.5,0.206,1,gain
733510.50,4051258.75,2514.49,1925,1594,786.5,0.207,1,gain
733521.50,4051258.75,2520.53,1931,1568,797.8,0.210,1,gain
733522.50,4051258.75,2521.13,1932,1566,798.8,0.210,1,gain
733258.50,4051257.75,2410.66,1728,2217,536.7,0.141,1,gain
733259.50,4051257.75,2411.26,1729,2212,537.6,0.141,1,gain
733268.50,4051257.75,2416.41,1740,2170,546.0,0.143,1,gain
733362.50,4051257.75,2438.98,1832,1989,637.7,0.168,1,gain
733477.50,4051257.75,2498.49,1912,1664,752.6,0.198,1,gain
733478.50,4051257.75,2499.02,1912,1662,753.6,0.198,1,gain
733480.50,4051257.75,2500.32,1913,1656,755.7,0.199,1,gain
733481.50,4051257.75,2500.64,1914,1654,756.7,0.199,1,gain
733482.50,4051257.75,2500.88,1915,1653,757.7,0.199,1,gain
733508.50,4051257.75,2513.56,1929,1598,784.3,0.206,1,gain
733269.50,4051256.75,2416.88,1748,2166,546.8,0.144,1,gain
733362.50,4051256.75,2438.98,1838,1989,637.6,0.168,1,gain
733475.50,4051256.75,2497.29,1916,1670,750.5,0.197,1,gain
733477.50,4051256.75,2498.49,1917,1664,752.5,0.198,1,gain
733483.50,4051256.75,2501.28,1920,1652,758.6,0.199,1,gain
733271.50,4051255.75,2417.10,1757,2164,548.6,0.144,1,gain
733321.50,4051255.75,2414.92,1809,2153,598.1,0.157,1,gain
733362.50,4051255.75,2438.99,1844,1989,637.4,0.168,1,gain
733368.50,4051255.75,2441.61,1849,1972,643.3,0.169,1,gain
733370.50,4051255.75,2442.60,1850,1966,645.3,0.170,1,gain
733377.50,4051255.75,2445.89,1856,1945,652.1,0.171,1,gain
733378.50,4051255.75,2446.53,1857,1941,653.1,0.172,1,gain
733474.50,4051255.75,2496.60,1920,1673,749.3,0.197,0,gain
733477.50,4051255.75,2498.33,1922,1665,752.4,0.198,1,gain
733478.50,4051255.75,2498.80,1923,1663,753.4,0.198,1,gain
733483.50,4051255.75,2500.88,1926,1654,758.5,0.199,1,gain
733268.50,4051254.75,2415.82,1761,2174,545.6,0.143,1,gain
733269.50,4051254.75,2416.24,1763,2171,546.6,0.144,1,gain
733369.50,4051254.75,2441.68,1856,1971,644.2,0.169,1,gain
733370.50,4051254.75,2442.43,1856,1967,645.1,0.170,1,gain
733371.50,4051254.75,2442.78,1857,1964,646.1,0.170,1,gain
733374.50,4051254.75,2444.29,1860,1955,649.1,0.171,1,gain
733375.50,4051254.75,2444.83,1860,1952,650.1,0.171,1,gain
733376.50,4051254.75,2445.43,1861,1948,651.0,0.171,1,gain
733482.50,4051254.75,2500.57,1930,1655,757.3,0.199,1,gain
733483.50,4051254.75,2500.57,1931,1655,758.3,0.199,1,gain
733525.50,4051254.75,2521.86,1953,1563,801.5,0.211,1,gain
733257.50,4051253.75,2409.60,1757,2226,535.2,0.141,1,gain
733269.50,4051253.75,2416.10,1770,2172,546.4,0.144,1,gain
733270.50,4051253.75,2416.10,1771,2171,547.4,0.144,1,gain
733360.50,4051253.75,2436.55,1855,2004,635.3,0.167,1,gain
733370.50,4051253.75,2441.78,1863,1971,645.0,0.169,1,gain
733374.50,4051253.75,2443.76,1866,1958,649.0,0.171,1,gain
733479.50,4051253.75,2499.07,1934,1662,754.2,0.198,1,gain
733480.50,4051253.75,2499.49,1934,1660,755.2,0.198,1,gain
733481.50,4051253.75,2499.86,1935,1658,756.2,0.199,1,gain
733534.50,4051253.75,2525.49,1962,1550,810.6,0.213,1,gain
733536.50,4051253.75,2525.67,1963,1550,812.6,0.214,0,gain
733258.50,4051252.75,2410.27,1765,2220,535.9,0.141,1,gain
733260.50,4051252.75,2411.60,1767,2209,537.8,0.141,1,gain
733261.50,4051252.75,2412.18,1769,2204,538.7,0.142,1,gain
733262.50,4051252.75,2412.18,1770,2204,539.7,0.142,1,gain
733263.50,4051252.75,2412.56,1771,2200,540.7,0.142,1,gain
733264.50,4051252.75,2413.04,1772,2196,541.6,0.142,1,gain
733267.50,4051252.75,2415.04,1775,2180,544.4,0.143,1,gain
733268.50,4051252.75,2415.51,1776,2176,545.3,0.143,1,gain
733269.50,4051252.75,2415.99,1777,2172,546.3,0.144,1,gain
733270.50,4051252.75,2415.99,1778,2172,547.3,0.144,1,gain
733374.50,4051252.75,2443.25,1872,1961,648.8,0.170,1,gain
733472.50,4051252.75,2494.90,1935,1681,746.9,0.196,1,gain
733479.50,4051252.75,2498.72,1939,1664,754.1,0.198,1,gain
733480.50,4051252.75,2499.08,1940,1662,755.1,0.198,1,gain
733537.50,4051252.75,2525.71,1969,1550,813.5,0.214,1,gain
733538.50,4051252.75,2525.96,1969,1549,814.5,0.214,1,gain
733539.50,4051252.75,2526.15,1970,1548,815.5,0.214,1,gain
733540.50,4051252.75,2526.31,1970,1548,816.5,0.215,0,gain
733256.50,4051251.75,2408.90,1771,2231,533.9,0.140,1,gain
733265.50,4051251.75,2413.38,1780,2193,542.4,0.143,1,gain
733267.50,4051251.75,2415.09,1782,2180,544.2,0.143,1,gain
733269.50,4051251.75,2416.02,1784,2172,546.1,0.144,1,gain
733270.50,4051251.75,2416.02,1785,2172,547.1,0.144,1,gain
733362.50,4051251.75,2436.04,1869,2007,637.0,0.167,1,gain
733363.50,4051251.75,2436.28,1870,2005,638.0,0.168,1,gain
733478.50,4051251.75,2497.58,1944,1669,752.9,0.198,1,gain
733479.50,4051251.75,2498.31,1944,1666,753.9,0.198,1,gain
733531.50,4051251.75,2523.39,1971,1559,807.2,0.212,1,gain
733534.50,4051251.75,2524.93,1972,1552,810.3,0.213,1,gain
733535.50,4051251.75,2524.93,1973,1553,811.3,0.213,1,gain
733536.50,4051251.75,2525.25,1973,1552,812.3,0.213,1,gain
733537.50,4051251.75,2525.52,1974,1551,813.3,0.214,1,gain
733539.50,4051251.75,2526.01,1975,1549,815.4,0.214,1,gain
733540.50,4051251.75,2526.33,1975,1548,816.4,0.215,1,gain
733546.50,4051251.75,2526.44,1978,1550,822.3,0.216,1,gain
733547.50,4051251.75,2526.37,1978,1551,823.3,0.216,1,gain
733269.50,4051250.75,2416.09,1792,2172,546.0,0.143,1,gain
733479.50,4051250.75,2497.93,1949,1668,753.8,0.198,1,gain
733536.50,4051250.75,2524.90,1978,1553,812.2,0.213,1,gain
733538.50,4051250.75,2525.46,1979,1551,814.2,0.214,1,gain
733543.50,4051250.75,2526.71,1981,1547,819.3,0.215,0,gain
733544.50,4051250.75,2526.71,1982,1548,820.3,0.216,1,gain
733545.50,4051250.75,2526.91,1982,1547,821.3,0.216,1,gain
733546.50,4051250.75,2526.81,1983,1548,822.3,0.216,1,gain
733547.50,4051250.75,2526.75,1983,1549,823.3,0.216,1,gain
733254.50,4051249.75,2406.81,1783,2248,531.9,0.140,1,gain
733267.50,4051249.75,2415.16,1797,2179,543.9,0.143,1,gain
733477.50,4051249.75,2496.42,1954,1675,751.6,0.198,1,gain
733478.50,4051249.75,2496.82,1954,1673,752.6,0.198,1,gain
733479.50,4051249.75,2497.64,1955,1669,753.7,0.198,1,gain
733534.50,4051249.75,2522.93,1982,1562,810.0,0.213,0,gain
733535.50,4051249.75,2523.75,1983,1558,811.0,0.213,1,gain
733537.50,4051249.75,2524.40,1983,1556,813.1,0.214,1,gain
733538.50,4051249.75,2524.78,1984,1555,814.1,0.214,1,gain
733539.50,4051249.75,2525.16,1984,1553,815.1,0.214,1,gain
733540.50,4051249.75,2525.44,1985,1552,816.1,0.214,1,gain
733541.50,4051249.75,2525.71,1985,1551,817.1,0.215,1,gain
733545.50,4051249.75,2526.57,1987,1549,821.2,0.216,1,gain
733471.50,4051248.75,2493.43,1956,1689,745.4,0.196,1,gain
733477.50,4051248.75,2495.83,1959,1678,751.5,0.197,1,gain
733478.50,4051248.75,2496.29,1959,1676,752.5,0.198,1,gain
733529.50,4051248.75,2520.66,1985,1571,804.7,0.211,1,gain
733533.50,4051248.75,2522.50,1986,1564,808.8,0.213,1,gain
733542.50,4051248.75,2525.60,1991,1552,818.0,0.215,1,gain
733476.50,4051247.75,2495.20,1964,1681,750.4,0.197,1,gain
733477.50,4051247.75,2495.68,1964,1679,751.4,0.197,1,gain
733530.50,4051247.75,2520.72,1990,1571,805.6,0.212,1,gain
733531.50,4051247.75,2521.13,1990,1570,806.6,0.212,1,gain
733384.50,4051246.75,2447.63,1915,1934,658.0,0.173,1,gain
733475.50,4051246.75,2494.46,1968,1685,749.2,0.197,1,gain
733476.50,4051246.75,2495.02,1969,1682,750.3,0.197,1,gain
733477.50,4051246.75,2495.54,1969,1680,751.3,0.197,1,gain
733489.50,4051246.75,2501.74,1975,1651,763.5,0.201,1,gain
733547.50,4051246.75,2526.35,2002,1551,822.8,0.216,1,gain
733548.50,4051246.75,2526.63,2003,1550,823.9,0.216,1,gain
733549.50,4051246.75,2526.91,2003,1549,824.9,0.217,1,gain
733383.50,4051245.75,2447.78,1920,1933,656.8,0.173,1,gain
733474.50,4051245.75,2493.80,1973,1688,748.1,0.197,1,gain
733475.50,4051245.75,2494.28,1974,1686,749.1,0.197,1,gain
733384.50,4051244.75,2447.99,1927,1932,657.7,0.173,1,gain
733386.50,4051244.75,2449.25,1928,1924,659.7,0.173,1,gain
733473.50,4051244.75,2493.09,1978,1691,747.0,0.196,1,gain
733474.50,4051244.75,2493.65,1978,1689,748.0,0.197,1,gain
733475.50,4051244.75,2494.33,1979,1685,749.0,0.197,1,gain
733122.50,4051243.75,2365.10,1653,2776,408.9,0.107,1,gain
733253.50,4051243.75,2405.24,1827,2260,530.2,0.139,1,gain
733384.50,4051243.75,2448.30,1933,1930,657.6,0.173,1,gain
733476.50,4051243.75,2494.96,1985,1682,750.0,0.197,1,gain
733254.50,4051242.75,2405.69,1836,2256,531.0,0.140,1,gain
733367.50,4051242.75,2438.48,1928,1991,640.8,0.168,1,gain
733471.50,4051242.75,2492.56,1987,1694,744.8,0.196,1,gain
733367.50,4051241.75,2438.99,1934,1988,640.7,0.168,1,gain
733469.50,4051241.75,2491.37,1992,1699,742.6,0.195,1,gain
733470.50,4051241.75,2491.96,1992,1697,743.7,0.195,1,gain
733471.50,4051241.75,2492.62,1993,1693,744.7,0.196,1,gain
733477.50,4051241.75,2495.24,1996,1681,750.8,0.197,1,gain
733400.50,4051240.75,2451.81,1961,1909,673.2,0.177,1,gain
733276.50,4051239.75,2411.81,1878,2198,551.8,0.145,1,gain
733399.50,4051239.75,2451.94,1966,1908,672.1,0.177,1,gain
733400.50,4051239.75,2451.94,1967,1908,673.0,0.177,1,gain
733269.50,4051238.75,2409.77,1879,2216,544.9,0.143,1,gain
733399.50,4051238.75,2452.01,1972,1908,672.0,0.177,1,gain
733271.50,4051237.75,2409.35,1888,2218,546.8,0.144,1,gain
733385.50,4051237.75,2450.40,1969,1918,657.9,0.173,1,gain
733392.50,4051237.75,2452.31,1973,1906,664.9,0.175,0,gain
733400.50,4051237.75,2452.00,1978,1908,672.8,0.177,1,gain
733401.50,4051237.75,2453.07,1979,1901,673.8,0.177,1,gain
733385.50,4051236.75,2450.49,1975,1917,657.8,0.173,1,gain
733391.50,4051236.75,2453.04,1979,1902,663.8,0.174,1,gain
733392.50,4051236.75,2452.93,1979,1903,664.8,0.175,1,gain
733400.50,4051236.75,2452.00,1984,1908,672.7,0.177,1,gain
733268.50,4051235.75,2407.86,1900,2230,543.7,0.143,1,gain
733269.50,4051235.75,2408.21,1901,2227,544.7,0.143,1,gain
733391.50,4051235.75,2452.91,1985,1903,663.7,0.174,1,gain
733391.50,4051234.75,2453.05,1991,1902,663.6,0.174,1,gain
733392.50,4051234.75,2453.51,1991,1899,664.6,0.175,1,gain
733393.50,4051234.75,2453.87,1992,1897,665.6,0.175,1,gain
733242.50,4051233.75,2395.73,1893,2338,519.1,0.136,1,gain
733264.50,4051233.75,2406.44,1911,2243,539.6,0.142,1,gain
733267.50,4051233.75,2405.63,1914,2247,542.7,0.143,1,gain
733268.50,4051233.75,2406.18,1915,2242,543.6,0.143,1,gain
733392.50,4051233.75,2453.73,1997,1898,664.5,0.175,1,gain
733405.50,4051233.75,2454.45,2004,1893,677.4,0.178,1,gain
733875.50,4051233.75,2648.45,2148,1234,1161.9,0.305,1,gain
733265.50,4051232.75,2403.99,1920,2260,540.8,0.142,1,gain
733267.50,4051232.75,2405.63,1921,2247,542.6,0.143,1,gain
733404.50,4051232.75,2453.87,2009,1897,676.3,0.178,1,gain
733405.50,4051232.75,2454.41,2010,1894,677.3,0.178,0,gain
733238.50,4051231.75,2393.64,1904,2358,515.2,0.135,1,gain
733386.50,4051231.75,2451.97,2006,1909,658.3,0.173,1,gain
733387.50,4051231.75,2452.23,2006,1907,659.3,0.173,1,gain
733393.50,4051231.75,2454.35,2009,1894,665.3,0.175,1,gain
733404.50,4051231.75,2453.81,2015,1897,676.2,0.178,1,gain
733405.50,4051231.75,2454.33,2016,1894,677.2,0.178,1,gain
733406.50,4051231.75,2454.88,2016,1891,678.2,0.178,1,gain
733595.50,4051231.75,2551.98,2090,1455,871.7,0.229,1,gain
733596.50,4051231.75,2552.49,2090,1453,872.8,0.229,1,gain
733387.50,4051230.75,2452.16,2012,1907,659.2,0.173,1,gain
733407.50,4051230.75,2454.84,2022,1891,679.1,0.178,0,gain
733630.50,4051230.75,2567.96,2104,1403,908.2,0.239,1,gain
733383.50,4051229.75,2449.87,2016,1921,655.2,0.172,1,gain
733408.50,4051229.75,2455.22,2029,1889,680.0,0.179,1,gain
733592.50,4051229.75,2552.55,2098,1451,868.7,0.228,1,gain
733593.50,4051229.75,2552.55,2098,1452,869.7,0.229,1,gain
733288.50,4051226.75,2403.19,1980,2249,563.0,0.148,1,gain
733296.50,4051226.75,2405.11,1985,2231,570.7,0.150,1,gain
733289.50,4051225.75,2403.13,1988,2249,563.9,0.148,1,gain
733396.50,4051225.75,2454.37,2046,1894,667.8,0.175,1,gain
733290.50,4051224.75,2402.97,1995,2249,564.8,0.148,1,gain
733396.50,4051224.75,2454.41,2052,1894,667.7,0.175,1,gain
733398.50,4051224.75,2455.42,2053,1888,669.7,0.176,1,gain
733365.50,4051223.75,2436.64,2044,2002,637.0,0.167,1,gain
733384.50,4051223.75,2449.17,2052,1925,655.7,0.172,1,gain
733385.50,4051223.75,2449.46,2053,1923,656.7,0.173,1,gain
733386.50,4051221.75,2450.20,2065,1919,657.5,0.173,1,gain
733241.50,4051220.75,2389.35,1991,2386,517.5,0.136,1,gain
733242.50,4051220.75,2389.89,1992,2381,518.4,0.136,1,gain
733236.50,4051219.75,2387.00,1995,2409,512.8,0.135,1,gain
733241.50,4051219.75,2388.77,1999,2390,517.5,0.136,1,gain
733385.50,4051219.75,2450.29,2077,1919,656.4,0.172,1,gain
733387.50,4051219.75,2451.14,2077,1913,658.3,0.173,1,gain
733586.50,4051219.75,2549.92,2141,1461,861.8,0.226,1,gain
733238.50,4051218.75,2386.84,2005,2408,514.7,0.135,1,gain
733239.50,4051218.75,2387.56,2005,2401,515.6,0.135,1,gain
733353.50,4051218.75,2428.63,2069,2054,625.0,0.164,0,gain
733386.50,4051218.75,2450.81,2083,1915,657.3,0.173,1,gain
733587.50,4051218.75,2551.04,2146,1456,862.9,0.227,1,gain
733588.50,4051218.75,2551.57,2146,1454,863.9,0.227,1,gain
733591.50,4051218.75,2552.88,2147,1450,867.0,0.228,1,gain
733386.50,4051217.75,2450.92,2089,1915,657.2,0.173,1,gain
733387.50,4051217.75,2451.38,2089,1912,658.2,0.173,1,gain
733388.50,4051216.75,2451.56,2096,1911,659.1,0.173,1,gain
733397.50,4051215.75,2455.50,2105,1888,668.0,0.176,0,gain
733439.50,4051215.75,2471.18,2120,1802,710.0,0.187,1,gain
733453.50,4051215.75,2477.20,2124,1771,724.1,0.190,1,gain
733391.50,4051214.75,2453.37,2109,1900,662.0,0.174,1,gain
733395.50,4051214.75,2455.13,2110,1890,665.9,0.175,1,gain
733454.50,4051214.75,2477.44,2130,1770,725.1,0.191,1,gain
733402.50,4051213.75,2459.38,2118,1866,672.9,0.177,1,gain
733441.50,4051213.75,2471.55,2131,1800,711.9,0.187,1,gain
733593.50,4051213.75,2556.16,2170,1436,869.1,0.228,1,gain
733318.50,4051212.75,2411.33,2092,2177,590.8,0.155,1,gain
733348.50,4051212.75,2427.78,2104,2061,619.6,0.163,1,gain
733349.50,4051212.75,2428.24,2105,2057,620.6,0.163,1,gain
733353.50,4051212.75,2429.65,2106,2048,624.5,0.164,1,gain
733354.50,4051212.75,2430.75,2107,2041,625.5,0.164,1,gain
733401.50,4051212.75,2458.77,2124,1869,671.8,0.177,1,gain
733402.50,4051212.75,2459.25,2124,1866,672.8,0.177,1,gain
733403.50,4051212.75,2459.70,2124,1864,673.8,0.177,1,gain
733405.50,4051212.75,2459.67,2125,1864,675.8,0.178,0,gain
733333.50,4051211.75,2418.66,2105,2123,605.2,0.159,1,gain
733335.50,4051211.75,2419.81,2106,2115,607.1,0.160,1,gain
733347.50,4051211.75,2427.30,2110,2064,618.6,0.163,1,gain
733348.50,4051211.75,2427.78,2111,2061,619.6,0.163,1,gain
733353.50,4051211.75,2429.65,2113,2048,624.5,0.164,1,gain
733354.50,4051211.75,2430.75,2113,2041,625.4,0.164,1,gain
733348.50,4051210.75,2428.09,2117,2059,619.5,0.163,1,gain
733388.50,4051210.75,2451.17,2131,1913,658.7,0.173,1,gain
733382.50,4051209.75,2447.87,2135,1933,652.7,0.172,1,gain
733384.50,4051209.75,2449.12,2136,1925,654.7,0.172,1,gain
733385.50,4051209.75,2449.76,2136,1922,655.7,0.172,1,gain
733386.50,4051209.75,2450.36,2136,1918,656.7,0.173,1,gain
733402.50,4051209.75,2458.92,2142,1868,672.6,0.177,1,gain
733352.50,4051208.75,2430.15,2131,2045,623.3,0.164,1,gain
733381.50,4051208.75,2447.59,2141,1935,651.7,0.171,1,gain
733382.50,4051208.75,2448.09,2141,1932,652.7,0.172,1,gain
733383.50,4051208.75,2448.41,2141,1930,653.7,0.172,1,gain
733384.50,4051208.75,2448.80,2142,1927,654.7,0.172,1,gain
733385.50,4051208.75,2449.26,2142,1925,655.6,0.172,1,gain
733403.50,4051208.75,2458.94,2148,1868,673.6,0.177,1,gain
733405.50,4051208.75,2459.84,2148,1863,675.6,0.178,1,gain
733342.50,4051207.75,2424.39,2134,2084,613.5,0.161,1,gain
733343.50,4051207.75,2424.72,2134,2081,614.5,0.161,1,gain
733344.50,4051207.75,2425.26,2134,2077,615.5,0.162,1,gain
733393.50,4051207.75,2453.31,2150,1901,663.5,0.174,1,gain
733404.50,4051207.75,2459.24,2154,1866,674.5,0.177,1,gain
733415.50,4051207.75,2458.41,2157,1871,685.5,0.180,1,gain
733416.50,4051207.75,2459.04,2157,1868,686.5,0.180,1,gain
733332.50,4051206.75,2419.39,2137,2119,603.8,0.159,1,gain
733352.50,4051206.75,2430.27,2143,2044,623.1,0.164,1,gain
733385.50,4051206.75,2449.88,2154,1921,655.5,0.172,1,gain
733386.50,4051206.75,2449.88,2154,1921,656.5,0.173,0,gain
733389.50,4051206.75,2451.04,2155,1914,659.5,0.173,1,gain
733391.50,4051206.75,2451.73,2156,1910,661.5,0.174,1,gain
733392.50,4051206.75,2452.32,2156,1906,662.5,0.174,1,gain
733408.50,4051206.75,2458.98,2161,1868,678.4,0.178,1,gain
733415.50,4051206.75,2458.32,2163,1872,685.4,0.180,1,gain
733416.50,4051206.75,2459.05,2163,1868,686.4,0.180,1,gain
733417.50,4051206.75,2459.60,2163,1865,687.4,0.181,1,gain
733332.50,4051205.75,2419.52,2143,2118,603.7,0.159,1,gain
733391.50,4051205.75,2452.09,2162,1908,661.4,0.174,1,gain
733407.50,4051205.75,2459.40,2166,1866,677.4,0.178,1,gain
733593.50,4051205.75,2557.92,2206,1429,869.0,0.228,1,gain
733348.50,4051204.75,2428.51,2155,2056,619.1,0.163,1,gain
733353.50,4051204.75,2430.80,2156,2040,624.0,0.164,1,gain
733359.50,4051204.75,2434.92,2158,2014,629.8,0.165,0,gain
733365.50,4051204.75,2439.01,2160,1988,635.7,0.167,1,gain
733386.50,4051204.75,2450.16,2166,1919,656.4,0.172,0,gain
733394.50,4051204.75,2453.01,2168,1902,664.4,0.175,1,gain
733399.50,4051204.75,2455.44,2170,1888,669.4,0.176,1,gain
733400.50,4051204.75,2456.01,2170,1885,670.4,0.176,1,gain
733408.50,4051204.75,2459.09,2172,1867,678.3,0.178,1,gain
733353.50,4051203.75,2430.83,2162,2040,624.0,0.164,1,gain
733355.50,4051203.75,2432.60,2163,2029,625.9,0.164,1,gain
733365.50,4051203.75,2439.01,2166,1988,635.6,0.167,1,gain
733366.50,4051203.75,2439.70,2166,1984,636.6,0.167,1,gain
733367.50,4051203.75,2439.70,2167,1983,637.6,0.168,1,gain
733378.50,4051203.75,2446.72,2170,1940,648.4,0.170,1,gain
733385.50,4051203.75,2449.97,2172,1920,655.4,0.172,1,gain
733393.50,4051203.75,2452.69,2174,1904,663.3,0.174,1,gain
733397.50,4051203.75,2453.94,2175,1897,667.3,0.175,1,gain
733398.50,4051203.75,2454.81,2175,1892,668.3,0.176,1,gain
733401.50,4051203.75,2457.10,2176,1879,671.3,0.176,1,gain
733407.50,4051203.75,2459.40,2178,1866,677.3,0.178,1,gain
733409.50,4051203.75,2458.92,2178,1868,679.3,0.178,1,gain
733274.50,4051202.75,2408.79,2141,2219,546.6,0.144,1,gain
733311.50,4051202.75,2407.41,2156,2206,583.6,0.153,1,gain
733328.50,4051202.75,2416.67,2161,2138,599.8,0.158,1,gain
733335.50,4051202.75,2421.13,2163,2106,606.5,0.159,1,gain
733346.50,4051202.75,2427.03,2167,2066,617.1,0.162,1,gain
733347.50,4051202.75,2427.66,2167,2062,618.1,0.162,1,gain
733353.50,4051202.75,2430.81,2169,2040,623.9,0.164,1,gain
733367.50,4051202.75,2439.70,2173,1983,637.6,0.168,1,gain
733378.50,4051202.75,2447.08,2176,1938,648.4,0.170,1,gain
733385.50,4051202.75,2450.49,2178,1917,655.3,0.172,1,gain
733392.50,4051202.75,2453.40,2179,1900,662.3,0.174,1,gain
733393.50,4051202.75,2453.70,2180,1898,663.3,0.174,1,gain
733401.50,4051202.75,2457.34,2182,1877,671.3,0.176,1,gain
733407.50,4051202.75,2459.48,2183,1865,677.2,0.178,1,gain
733408.50,4051202.75,2459.80,2184,1863,678.2,0.178,1,gain
733329.50,4051201.75,2417.20,2168,2134,600.7,0.158,1,gain
733335.50,4051201.75,2421.01,2170,2107,606.4,0.159,1,gain
733337.50,4051201.75,2422.10,2170,2100,608.3,0.160,1,gain
733342.50,4051201.75,2424.24,2172,2084,613.2,0.161,1,gain
733362.50,4051201.75,2437.21,2177,1999,632.6,0.166,1,gain
733363.50,4051201.75,2437.73,2178,1996,633.6,0.166,1,gain
733366.50,4051201.75,2439.90,2178,1982,636.5,0.167,1,gain
733391.50,4051201.75,2453.43,2185,1900,661.2,0.174,1,gain
733393.50,4051201.75,2454.18,2186,1896,663.2,0.174,1,gain
733394.50,4051201.75,2454.18,2186,1896,664.2,0.175,0,gain
733402.50,4051201.75,2457.71,2188,1875,672.2,0.177,0,gain
733403.50,4051201.75,2458.15,2188,1873,673.2,0.177,1,gain
733404.50,4051201.75,2458.56,2188,1870,674.2,0.177,1,gain
733405.50,4051201.75,2458.85,2189,1869,675.2,0.177,1,gain
733409.50,4051201.75,2460.22,2190,1861,679.2,0.178,1,gain
733593.50,4051201.75,2558.69,2224,1426,868.9,0.228,1,gain
733335.50,4051200.75,2421.04,2176,2107,606.4,0.159,1,gain
733336.50,4051200.75,2421.66,2176,2103,607.3,0.160,1,gain
733337.50,4051200.75,2422.13,2177,2099,608.3,0.160,1,gain
733338.50,4051200.75,2422.65,2177,2096,609.3,0.160,1,gain
733344.50,4051200.75,2425.40,2179,2076,615.1,0.162,1,gain
733345.50,4051200.75,2425.92,2179,2073,616.1,0.162,1,gain
733363.50,4051200.75,2437.81,2184,1996,633.5,0.166,1,gain
733364.50,4051200.75,2438.51,2184,1991,634.5,0.167,1,gain
733365.50,4051200.75,2439.34,2184,1986,635.5,0.167,1,gain
733366.50,4051200.75,2440.05,2185,1981,636.4,0.167,1,gain
733387.50,4051200.75,2451.83,2190,1909,657.2,0.173,1,gain
733389.50,4051200.75,2452.45,2190,1906,659.2,0.173,1,gain
733392.50,4051200.75,2454.05,2191,1896,662.2,0.174,1,gain
733397.50,4051200.75,2456.03,2192,1885,667.2,0.175,1,gain
733408.50,4051200.75,2460.65,2195,1859,678.2,0.178,1,gain
733312.50,4051199.75,2408.10,2176,2201,584.3,0.154,1,gain
733341.50,4051199.75,2423.61,2184,2089,612.1,0.161,0,gain
733362.50,4051199.75,2437.19,2190,1999,632.5,0.166,1,gain
733364.50,4051199.75,2438.53,2190,1991,634.5,0.167,1,gain
733365.50,4051199.75,2439.27,2190,1986,635.4,0.167,1,gain
733367.50,4051199.75,2440.06,2191,1981,637.4,0.167,0,gain
733398.50,4051199.75,2456.84,2198,1880,668.1,0.176,1,gain
733399.50,4051199.75,2457.04,2199,1879,669.1,0.176,1,gain
733400.50,4051199.75,2457.57,2199,1876,670.1,0.176,1,gain
733401.50,4051199.75,2458.32,2199,1872,671.1,0.176,1,gain
733403.50,4051199.75,2458.74,2200,1869,673.1,0.177,1,gain
733404.50,4051199.75,2458.96,2200,1868,674.1,0.177,1,gain
733405.50,4051199.75,2459.55,2200,1865,675.1,0.177,1,gain
733406.50,4051199.75,2460.16,2200,1861,676.1,0.178,1,gain
733312.50,4051198.75,2407.99,2183,2201,584.3,0.154,1,gain
733341.50,4051198.75,2423.52,2191,2089,612.1,0.161,1,gain
733342.50,4051198.75,2424.08,2191,2085,613.1,0.161,1,gain
733360.50,4051198.75,2435.50,2195,2010,630.5,0.166,1,gain
733361.50,4051198.75,2436.10,2196,2006,631.5,0.166,1,gain
733385.50,4051198.75,2451.60,2201,1911,655.1,0.172,1,gain
733591.50,4051198.75,2556.75,2237,1433,866.6,0.228,1,gain
733336.50,4051197.75,2421.44,2196,2104,607.2,0.160,1,gain
733342.50,4051197.75,2423.89,2197,2086,613.0,0.161,1,gain
733343.50,4051197.75,2424.58,2197,2082,614.0,0.161,1,gain
733359.50,4051197.75,2435.33,2201,2011,629.5,0.165,1,gain
733386.50,4051197.75,2452.04,2207,1908,656.1,0.172,1,gain
733403.50,4051197.75,2459.41,2211,1865,673.0,0.177,1,gain
733404.50,4051197.75,2459.91,2211,1863,674.0,0.177,1,gain
733453.50,4051197.75,2478.66,2221,1764,723.3,0.190,1,gain
733454.50,4051197.75,2479.01,2221,1762,724.3,0.190,1,gain
733455.50,4051197.75,2479.01,2221,1762,725.3,0.191,0,gain
733456.50,4051197.75,2479.23,2222,1761,726.3,0.191,1,gain
733586.50,4051197.75,2554.29,2241,1442,861.3,0.226,1,gain
733587.50,4051197.75,2554.29,2241,1442,862.3,0.227,0,gain
733589.50,4051197.75,2555.58,2242,1437,864.4,0.227,1,gain
733304.50,4051196.75,2404.80,2194,2227,576.5,0.151,1,gain
733309.50,4051196.75,2405.77,2195,2217,581.4,0.153,1,gain
733336.50,4051196.75,2421.42,2202,2104,607.2,0.160,1,gain
733342.50,4051196.75,2423.90,2203,2086,613.0,0.161,1,gain
733344.50,4051196.75,2425.25,2204,2077,614.9,0.162,1,gain
733386.50,4051196.75,2451.96,2213,1909,656.0,0.172,1,gain
733588.50,4051196.75,2554.92,2246,1440,863.3,0.227,1,gain
733406.50,4051195.75,2461.36,2223,1854,676.0,0.178,1,gain
733407.50,4051195.75,2461.89,2223,1852,677.0,0.178,1,gain
733591.50,4051195.75,2556.63,2251,1434,866.5,0.228,1,gain
733593.50,4051195.75,2558.70,2251,1426,868.7,0.228,1,gain
733304.50,4051194.75,2404.48,2207,2229,576.5,0.151,1,gain
733305.50,4051194.75,2404.50,2207,2228,577.5,0.152,1,gain
733306.50,4051194.75,2404.78,2208,2226,578.4,0.152,1,gain
733333.50,4051194.75,2418.90,2214,2121,604.2,0.159,1,gain
733346.50,4051194.75,2426.73,2217,2067,616.8,0.162,1,gain
733370.50,4051194.75,2442.26,2222,1968,640.1,0.168,1,gain
733371.50,4051194.75,2442.87,2222,1964,641.1,0.168,1,gain
733372.50,4051194.75,2443.29,2222,1961,642.1,0.169,1,gain
733373.50,4051194.75,2443.98,2223,1957,643.1,0.169,1,gain
733590.50,4051194.75,2555.96,2255,1436,865.4,0.227,1,gain
733591.50,4051194.75,2556.63,2255,1434,866.5,0.228,1,gain
733592.50,4051194.75,2557.80,2255,1429,867.6,0.228,1,gain
733284.50,4051193.75,2406.23,2208,2230,556.4,0.146,1,gain
733288.50,4051193.75,2406.09,2209,2228,560.4,0.147,0,gain
733305.50,4051193.75,2404.51,2214,2228,577.4,0.152,1,gain
733373.50,4051193.75,2443.77,2229,1958,643.1,0.169,1,gain
733435.50,4051193.75,2470.75,2240,1804,705.0,0.185,1,gain
733504.50,4051193.75,2505.26,2250,1639,775.3,0.204,1,gain
733505.50,4051193.75,2505.89,2250,1637,776.3,0.204,1,gain
733506.50,4051193.75,2506.41,2250,1634,777.3,0.204,1,gain
733507.50,4051193.75,2506.41,2250,1635,778.3,0.205,1,gain
733508.50,4051193.75,2506.88,2250,1633,779.4,0.205,1,gain
733590.50,4051193.75,2555.86,2260,1437,865.4,0.227,1,gain
733591.50,4051193.75,2556.61,2260,1434,866.4,0.228,1,gain
733197.50,4051192.75,2376.28,2189,2537,474.1,0.125,1,gain
733278.50,4051192.75,2404.83,2214,2243,550.5,0.145,1,gain
733281.50,4051192.75,2405.19,2214,2239,553.5,0.145,1,gain
733287.50,4051192.75,2406.33,2216,2227,559.3,0.147,0,gain
733288.50,4051192.75,2405.97,2216,2229,560.3,0.147,1,gain
733340.50,4051192.75,2422.57,2228,2095,610.9,0.161,1,gain
733354.50,4051192.75,2431.54,2231,2036,624.4,0.164,1,gain
733387.50,4051192.75,2451.63,2237,1911,656.9,0.173,1,gain
733435.50,4051192.75,2470.91,2245,1803,705.0,0.185,1,gain
733464.50,4051192.75,2483.80,2250,1739,734.3,0.193,1,gain
733503.50,4051192.75,2504.78,2255,1642,774.2,0.203,1,gain
733504.50,4051192.75,2505.34,2255,1639,775.3,0.204,1,gain
733508.50,4051192.75,2506.85,2255,1633,779.3,0.205,1,gain
733258.50,4051191.75,2400.88,2215,2285,531.0,0.140,1,gain
733336.50,4051191.75,2420.65,2234,2109,607.0,0.160,1,gain
733337.50,4051191.75,2421.11,2234,2105,608.0,0.160,1,gain
733338.50,4051191.75,2421.77,2234,2101,608.9,0.160,1,gain
733339.50,4051191.75,2421.77,2235,2101,609.9,0.160,1,gain
733340.50,4051191.75,2422.42,2235,2096,610.9,0.161,1,gain
733467.50,4051191.75,2484.83,2255,1734,737.3,0.194,1,gain
733508.50,4051191.75,2506.94,2260,1632,779.3,0.205,1,gain
733509.50,4051191.75,2507.51,2260,1630,780.3,0.205,1,gain
733261.50,4051190.75,2400.42,2224,2286,534.0,0.140,1,gain
733262.50,4051190.75,2400.43,2224,2286,535.0,0.141,0,gain
733385.50,4051190.75,2450.54,2249,1917,654.8,0.172,1,gain
733386.50,4051190.75,2451.02,2249,1914,655.8,0.172,1,gain
733388.50,4051190.75,2452.33,2249,1906,657.8,0.173,1,gain
733426.50,4051190.75,2466.15,2255,1829,695.8,0.183,1,gain
733503.50,4051190.75,2504.81,2265,1641,774.2,0.203,1,gain
733507.50,4051190.75,2506.40,2265,1635,778.3,0.205,1,gain
733271.50,4051189.75,2400.72,2233,2277,543.8,0.143,1,gain
733272.50,4051189.75,2401.10,2234,2273,544.8,0.143,1,gain
733277.50,4051189.75,2401.25,2235,2269,549.8,0.144,1,gain
733341.50,4051189.75,2423.21,2248,2091,611.8,0.161,1,gain
733342.50,4051189.75,2423.67,2248,2088,612.7,0.161,1,gain
733351.50,4051189.75,2428.90,2249,2052,621.5,0.163,1,gain
733356.50,4051189.75,2432.45,2250,2029,626.3,0.165,1,gain
733385.50,4051189.75,2450.89,2255,1915,654.8,0.172,1,gain
733386.50,4051189.75,2451.28,2255,1913,655.8,0.172,1,gain
733388.50,4051189.75,2452.40,2255,1906,657.8,0.173,1,gain
733390.50,4051189.75,2453.41,2255,1900,659.8,0.173,1,gain
733425.50,4051189.75,2465.44,2260,1833,694.8,0.183,1,gain
733522.50,4051189.75,2515.18,2272,1597,793.8,0.209,1,gain
733529.50,4051189.75,2519.80,2272,1577,801.1,0.211,1,gain
733600.50,4051189.75,2563.17,2279,1410,876.0,0.230,1,gain
733273.50,4051188.75,2400.61,2241,2276,545.8,0.143,1,gain
733342.50,4051188.75,2423.61,2254,2088,612.7,0.161,1,gain
733344.50,4051188.75,2424.63,2254,2081,614.7,0.162,1,gain
733350.50,4051188.75,2428.05,2255,2058,620.5,0.163,1,gain
733351.50,4051188.75,2428.71,2256,2054,621.4,0.163,1,gain
733355.50,4051188.75,2431.79,2256,2034,625.3,0.164,0,gain
733383.50,4051188.75,2450.45,2260,1918,652.8,0.172,0,gain
733384.50,4051188.75,2450.99,2260,1915,653.8,0.172,1,gain
733386.50,4051188.75,2451.79,2261,1910,655.8,0.172,1,gain
733387.50,4051188.75,2452.20,2261,1907,656.8,0.173,1,gain
733390.50,4051188.75,2453.72,2261,1898,659.8,0.173,1,gain
733459.50,4051188.75,2481.97,2270,1748,729.1,0.192,1,gain
733464.50,4051188.75,2483.47,2271,1741,734.2,0.193,1,gain
733149.50,4051187.75,2371.47,2215,2654,427.7,0.112,1,gain
733267.50,4051187.75,2398.45,2247,2295,540.1,0.142,1,gain
733268.50,4051187.75,2399.45,2247,2288,540.9,0.142,1,gain
733341.50,4051187.75,2422.81,2260,2093,611.7,0.161,1,gain
733342.50,4051187.75,2423.42,2260,2089,612.7,0.161,1,gain
733343.50,4051187.75,2423.97,2261,2085,613.7,0.161,1,gain
733344.50,4051187.75,2424.42,2261,2082,614.6,0.162,1,gain
733345.50,4051187.75,2424.84,2261,2079,615.6,0.162,1,gain
733232.50,4051186.75,2385.13,2247,2425,507.0,0.133,1,gain
733256.50,4051186.75,2396.03,2252,2322,529.4,0.139,1,gain
733263.50,4051186.75,2397.21,2253,2307,536.2,0.141,1,gain
733268.50,4051186.75,2398.68,2254,2293,541.0,0.142,1,gain
733269.50,4051186.75,2398.85,2254,2291,542.0,0.142,1,gain
733335.50,4051186.75,2420.27,2266,2111,605.9,0.159,1,gain
733340.50,4051186.75,2422.16,2266,2098,610.8,0.160,1,gain
733341.50,4051186.75,2422.60,2267,2095,611.7,0.161,1,gain
733342.50,4051186.75,2423.23,2267,2090,612.7,0.161,1,gain
733343.50,4051186.75,2423.86,2267,2086,613.7,0.161,1,gain
733345.50,4051186.75,2424.85,2267,2079,615.6,0.162,1,gain
733390.50,4051186.75,2454.31,2273,1895,659.7,0.173,1,gain
733393.50,4051186.75,2455.92,2273,1886,662.7,0.174,1,gain
733402.50,4051186.75,2459.47,2274,1865,671.7,0.176,1,gain
733404.50,4051186.75,2460.32,2275,1860,673.7,0.177,1,gain
733238.50,4051185.75,2391.21,2255,2373,512.1,0.135,1,gain
733249.50,4051185.75,2393.84,2258,2343,522.7,0.137,1,gain
733250.50,4051185.75,2393.84,2258,2343,523.7,0.138,0,gain
733252.50,4051185.75,2394.47,2258,2336,525.6,0.138,1,gain
733253.50,4051185.75,2394.79,2258,2333,526.5,0.138,1,gain
733340.50,4051185.75,2422.30,2273,2097,610.7,0.160,1,gain
733384.50,4051185.75,2451.42,2278,1912,653.7,0.172,1,gain
733386.50,4051185.75,2452.42,2278,1906,655.7,0.172,1,gain
733387.50,4051185.75,2452.98,2278,1903,656.7,0.173,1,gain
733393.50,4051185.75,2456.03,2279,1885,662.7,0.174,1,gain
733405.50,4051185.75,2460.78,2280,1858,674.7,0.177,1,gain
733129.50,4051184.75,2369.62,2236,2710,408.4,0.107,1,gain
733235.50,4051184.75,2388.16,2263,2399,509.5,0.134,1,gain
733247.50,4051184.75,2393.30,2265,2349,520.7,0.137,1,gain
733248.50,4051184.75,2393.42,2265,2347,521.7,0.137,1,gain
733344.50,4051184.75,2424.67,2280,2081,614.6,0.161,1,gain
733387.50,4051184.75,2452.78,2284,1904,656.7,0.173,1,gain
733406.50,4051184.75,2461.33,2286,1855,675.6,0.178,1,gain
733407.50,4051184.75,2461.73,2286,1852,676.7,0.178,1,gain
733408.50,4051184.75,2461.73,2286,1853,677.6,0.178,1,gain
733409.50,4051184.75,2462.25,2287,1850,678.7,0.178,1,gain
733146.50,4051183.75,2370.44,2251,2669,424.8,0.112,1,gain
733235.50,4051183.75,2387.98,2270,2400,509.5,0.134,1,gain
733286.50,4051183.75,2402.34,2278,2254,558.4,0.147,1,gain
733289.50,4051183.75,2402.61,2279,2251,561.4,0.148,1,gain
733345.50,4051183.75,2425.40,2286,2076,615.5,0.162,1,gain
733385.50,4051183.75,2451.95,2290,1909,654.7,0.172,1,gain
733394.50,4051183.75,2456.57,2291,1882,663.6,0.174,1,gain
733407.50,4051183.75,2461.64,2292,1853,676.6,0.178,1,gain
733408.50,4051183.75,2461.64,2292,1853,677.6,0.178,0,gain
733409.50,4051183.75,2462.21,2292,1850,678.6,0.178,1,gain
733410.50,4051183.75,2462.76,2292,1847,679.6,0.179,1,gain
733238.50,4051182.75,2390.58,2278,2377,512.1,0.135,1,gain
733248.50,4051182.75,2393.37,2280,2348,521.7,0.137,1,gain
733341.50,4051182.75,2423.02,2292,2092,611.6,0.161,1,gain
733390.50,4051182.75,2454.60,2296,1893,659.6,0.173,0,gain
733407.50,4051182.75,2461.64,2298,1853,676.6,0.178,1,gain
733408.50,4051182.75,2461.64,2298,1853,677.6,0.178,0,gain
733409.50,4051182.75,2462.08,2298,1851,678.6,0.178,1,gain
733410.50,4051182.75,2462.70,2298,1847,679.6,0.179,1,gain
732754.50,4051181.75,2450.79,587,3075,26.8,0.007,1,gain
733252.50,4051181.75,2393.83,2288,2341,525.5,0.138,1,gain
733345.50,4051181.75,2425.49,2299,2075,615.5,0.162,1,gain
733346.50,4051181.75,2425.49,2299,2075,616.5,0.162,0,gain
733394.50,4051181.75,2456.75,2302,1881,663.6,0.174,1,gain
733396.50,4051181.75,2457.48,2303,1877,665.6,0.175,1,gain
733401.50,4051181.75,2458.99,2303,1868,670.6,0.176,1,gain
733410.50,4051181.75,2462.73,2304,1847,679.6,0.179,1,gain
733235.50,4051180.75,2388.41,2293,2396,509.4,0.134,1,gain
733245.50,4051180.75,2392.15,2294,2359,518.8,0.136,1,gain
733346.50,4051180.75,2425.49,2305,2075,616.4,0.162,0,gain
733394.50,4051180.75,2456.75,2308,1881,663.6,0.174,1,gain
733396.50,4051180.75,2457.80,2308,1875,665.6,0.175,1,gain
733405.50,4051180.75,2461.50,2309,1854,674.6,0.177,0,gain
733410.50,4051180.75,2462.76,2309,1847,679.6,0.179,1,gain
733411.50,4051180.75,2463.12,2309,1845,680.6,0.179,1,gain
733394.50,4051179.75,2457.01,2314,1879,663.6,0.174,1,gain
733402.50,4051179.75,2460.68,2315,1858,671.6,0.176,1,gain
733408.50,4051179.75,2462.34,2315,1849,677.6,0.178,1,gain
733138.50,4051178.75,2371.02,2295,2678,416.8,0.110,1,gain
733144.50,4051178.75,2370.99,2296,2667,422.6,0.111,1,gain
733276.50,4051178.75,2397.32,2312,2296,548.9,0.144,1,gain
732753.50,4051177.75,2451.06,1214,3053,24.5,0.006,1,gain
733156.50,4051177.75,2377.73,2307,2586,433.1,0.114,1,gain
733236.50,4051177.75,2389.25,2316,2389,510.2,0.134,1,gain
733403.50,4051177.75,2461.38,2326,1854,672.5,0.177,1,gain
733415.50,4051177.75,2466.18,2327,1828,684.6,0.180,1,gain
733416.50,4051177.75,2466.18,2327,1828,685.6,0.180,0,gain
733417.50,4051177.75,2466.70,2327,1825,686.6,0.180,1,gain
733418.50,4051177.75,2467.14,2327,1823,687.6,0.181,1,gain
733156.50,4051176.75,2377.02,2316,2592,433.2,0.114,1,gain
733234.50,4051176.75,2387.84,2323,2401,508.4,0.134,1,gain
733235.50,4051176.75,2388.39,2323,2396,509.3,0.134,1,gain
733395.50,4051176.75,2457.52,2332,1876,664.5,0.175,1,gain
733396.50,4051176.75,2457.96,2332,1874,665.5,0.175,1,gain
733397.50,4051176.75,2458.34,2332,1872,666.5,0.175,1,gain
733398.50,4051176.75,2458.96,2332,1868,667.5,0.175,1,gain
733400.50,4051176.75,2460.11,2332,1862,669.5,0.176,1,gain
733401.50,4051176.75,2460.37,2332,1860,670.5,0.176,1,gain
733404.50,4051176.75,2461.99,2332,1851,673.5,0.177,1,gain
733408.50,4051176.75,2462.90,2332,1846,677.5,0.178,1,gain
733409.50,4051176.75,2463.25,2332,1844,678.5,0.178,1,gain
733412.50,4051176.75,2464.11,2332,1839,681.6,0.179,1,gain
733413.50,4051176.75,2465.16,2332,1834,682.6,0.179,1,gain
733414.50,4051176.75,2465.67,2332,1831,683.6,0.180,1,gain
733415.50,4051176.75,2465.67,2332,1831,684.6,0.180,0,gain
733156.50,4051175.75,2376.82,2325,2593,433.2,0.114,1,gain
733238.50,4051175.75,2388.77,2331,2390,512.2,0.135,1,gain
733239.50,4051175.75,2388.77,2331,2389,513.2,0.135,1,gain
733397.50,4051175.75,2458.54,2337,1870,666.5,0.175,1,gain
733401.50,4051175.75,2460.61,2338,1859,670.5,0.176,1,gain
733403.50,4051175.75,2462.08,2338,1850,672.5,0.177,1,gain
733409.50,4051175.75,2463.25,2338,1844,678.5,0.178,1,gain
733116.50,4051174.75,2370.85,2331,2724,395.2,0.104,1,gain
733156.50,4051174.75,2377.07,2334,2591,433.1,0.114,1,gain
733232.50,4051174.75,2386.85,2339,2411,506.5,0.133,1,gain
733238.50,4051174.75,2387.79,2339,2397,512.3,0.135,1,gain
733239.50,4051174.75,2387.97,2339,2395,513.3,0.135,1,gain
733328.50,4051174.75,2415.87,2342,2142,599.0,0.157,1,gain
733348.50,4051174.75,2429.08,2342,2052,618.2,0.162,1,gain
733354.50,4051174.75,2432.01,2343,2032,624.1,0.164,1,gain
733362.50,4051174.75,2437.30,2343,1999,631.9,0.166,0,gain
733420.50,4051174.75,2468.52,2344,1815,689.6,0.181,1,gain
733421.50,4051174.75,2468.73,2344,1814,690.6,0.181,1,gain
733353.50,4051173.75,2431.39,2349,2036,623.1,0.164,1,gain
733360.50,4051173.75,2436.89,2349,2001,629.9,0.166,0,gain
733364.50,4051173.75,2438.56,2349,1991,633.8,0.167,1,gain
733329.50,4051172.75,2416.45,2355,2138,599.9,0.158,1,gain
733337.50,4051172.75,2421.19,2355,2104,607.6,0.160,1,gain
733344.50,4051172.75,2424.85,2355,2079,614.4,0.161,1,gain
733345.50,4051172.75,2425.53,2355,2075,615.4,0.162,1,gain
733351.50,4051172.75,2430.34,2355,2043,621.1,0.163,1,gain
733352.50,4051172.75,2430.82,2355,2040,622.1,0.163,1,gain
733356.50,4051172.75,2433.39,2355,2023,626.0,0.164,1,gain
733362.50,4051172.75,2437.14,2355,1999,631.8,0.166,1,gain
733364.50,4051172.75,2438.38,2355,1992,633.8,0.167,1,gain
733365.50,4051172.75,2439.20,2355,1987,634.8,0.167,1,gain
733407.50,4051172.75,2463.28,2355,1844,676.5,0.178,0,gain
733419.50,4051172.75,2467.78,2355,1819,688.6,0.181,1,gain
733444.50,4051172.75,2476.76,2355,1773,713.7,0.188,1,gain
733445.50,4051172.75,2477.27,2355,1771,714.8,0.188,1,gain
733446.50,4051172.75,2477.79,2355,1768,715.8,0.188,1,gain
732782.50,4051171.75,2445.73,2313,2769,52.9,0.014,1,gain
733209.50,4051171.75,2385.26,2361,2448,484.0,0.127,1,gain
733229.50,4051171.75,2385.50,2361,2424,503.7,0.132,1,gain
733230.50,4051171.75,2385.50,2361,2423,504.7,0.133,1,gain
733232.50,4051171.75,2385.74,2361,2419,506.7,0.133,1,gain
733234.50,4051171.75,2386.29,2361,2413,508.6,0.134,1,gain
733329.50,4051171.75,2416.22,2361,2139,600.0,0.158,1,gain
733335.50,4051171.75,2419.31,2361,2117,605.7,0.159,0,gain
733337.50,4051171.75,2421.28,2361,2104,607.6,0.160,1,gain
733340.50,4051171.75,2423.00,2361,2092,610.5,0.160,1,gain
733341.50,4051171.75,2423.58,2361,2088,611.5,0.161,1,gain
733342.50,4051171.75,2424.19,2361,2084,612.4,0.161,1,gain
733343.50,4051171.75,2424.87,2361,2079,613.4,0.161,1,gain
733344.50,4051171.75,2424.87,2361,2079,614.4,0.161,0,gain
733356.50,4051171.75,2433.45,2361,2023,626.0,0.164,1,gain
733364.50,4051171.75,2438.30,2361,1992,633.8,0.167,1,gain
733365.50,4051171.75,2439.08,2361,1987,634.8,0.167,1,gain
733366.50,4051171.75,2439.81,2361,1983,635.8,0.167,1,gain
733445.50,4051171.75,2477.39,2360,1770,714.8,0.188,1,gain
733446.50,4051171.75,2477.98,2360,1767,715.8,0.188,1,gain
732761.50,4051170.75,2450.39,2399,2809,31.4,0.008,1,gain
733165.50,4051170.75,2379.85,2370,2552,441.5,0.116,1,gain
733337.50,4051170.75,2421.30,2368,2104,607.6,0.160,1,gain
733338.50,4051170.75,2421.96,2368,2099,608.6,0.160,1,gain
733340.50,4051170.75,2423.15,2368,2091,610.5,0.160,1,gain
733341.50,4051170.75,2423.68,2368,2087,611.5,0.161,1,gain
733348.50,4051170.75,2428.10,2367,2058,618.2,0.162,1,gain
733349.50,4051170.75,2428.84,2367,2053,619.2,0.163,1,gain
733354.50,4051170.75,2432.05,2367,2032,624.0,0.164,1,gain
733364.50,4051170.75,2438.28,2367,1992,633.8,0.167,1,gain
733365.50,4051170.75,2438.95,2367,1988,634.8,0.167,1,gain
733366.50,4051170.75,2439.61,2367,1984,635.8,0.167,1,gain
733367.50,4051170.75,2440.12,2367,1981,636.8,0.167,1,gain
733411.50,4051170.75,2464.93,2366,1835,680.5,0.179,1,gain
733444.50,4051170.75,2477.15,2366,1771,713.8,0.188,1,gain
733445.50,4051170.75,2477.63,2366,1769,714.8,0.188,1,gain
733446.50,4051170.75,2478.25,2366,1766,715.8,0.188,1,gain
733447.50,4051170.75,2478.73,2366,1763,716.8,0.188,1,gain
733456.50,4051170.75,2481.88,2366,1748,725.9,0.191,1,gain
733337.50,4051169.75,2421.25,2374,2104,607.6,0.160,1,gain
733353.50,4051169.75,2430.81,2373,2040,623.1,0.164,0,gain
733366.50,4051169.75,2439.30,2373,1986,635.8,0.167,1,gain
733367.50,4051169.75,2439.79,2373,1983,636.8,0.167,1,gain
733409.50,4051169.75,2463.75,2372,1841,678.5,0.178,1,gain
733445.50,4051169.75,2477.67,2371,1768,714.8,0.188,1,gain
733447.50,4051169.75,2478.93,2371,1762,716.8,0.188,1,gain
733448.50,4051169.75,2479.40,2371,1760,717.8,0.189,1,gain
733456.50,4051169.75,2482.17,2371,1746,725.9,0.191,1,gain
733160.50,4051168.75,2377.82,2388,2577,436.9,0.115,1,gain
733166.50,4051168.75,2379.80,2387,2551,442.5,0.116,1,gain
733167.50,4051168.75,2379.92,2387,2548,443.4,0.117,1,gain
733211.50,4051168.75,2385.92,2385,2441,485.9,0.128,1,gain
733330.50,4051168.75,2416.66,2381,2136,600.9,0.158,1,gain
733337.50,4051168.75,2421.25,2380,2104,607.6,0.160,1,gain
733348.50,4051168.75,2428.27,2380,2057,618.2,0.162,1,gain
733353.50,4051168.75,2430.87,2380,2039,623.1,0.164,1,gain
733354.50,4051168.75,2431.88,2380,2033,624.1,0.164,1,gain
733368.50,4051168.75,2439.89,2379,1982,637.8,0.168,1,gain
733410.50,4051168.75,2464.47,2377,1837,679.5,0.179,1,gain
733163.50,4051167.75,2379.08,2396,2561,439.7,0.116,1,gain
733166.50,4051167.75,2379.94,2396,2549,442.5,0.116,1,gain
733337.50,4051167.75,2421.00,2387,2106,607.6,0.160,1,gain
733338.50,4051167.75,2421.69,2387,2101,608.6,0.160,1,gain
733355.50,4051167.75,2432.26,2386,2030,625.0,0.164,1,gain
733364.50,4051167.75,2437.33,2385,1998,633.8,0.167,1,gain
733366.50,4051167.75,2438.09,2385,1993,635.8,0.167,1,gain
733369.50,4051167.75,2439.94,2385,1981,638.8,0.168,1,gain
733410.50,4051167.75,2464.68,2383,1836,679.5,0.179,1,gain
733446.50,4051167.75,2478.41,2382,1765,715.8,0.188,1,gain
733166.50,4051166.75,2379.94,2405,2549,442.5,0.116,1,gain
733212.50,4051166.75,2386.49,2401,2435,486.8,0.128,1,gain
733337.50,4051166.75,2421.00,2393,2105,607.6,0.160,1,gain
733338.50,4051166.75,2421.69,2393,2101,608.6,0.160,1,gain
733339.50,4051166.75,2422.54,2393,2095,609.5,0.160,1,gain
733341.50,4051166.75,2423.60,2393,2088,611.5,0.161,1,gain
733351.50,4051166.75,2430.15,2392,2044,621.1,0.163,1,gain
733353.50,4051166.75,2430.68,2392,2041,623.1,0.164,0,gain
733355.50,4051166.75,2432.26,2392,2030,625.0,0.164,1,gain
733356.50,4051166.75,2432.84,2392,2027,626.0,0.164,1,gain
733357.50,4051166.75,2434.00,2392,2019,627.0,0.165,1,gain
733358.50,4051166.75,2434.76,2392,2015,627.9,0.165,1,gain
733364.50,4051166.75,2437.33,2391,1998,633.9,0.167,1,gain
733365.50,4051166.75,2437.79,2391,1995,634.8,0.167,1,gain
733366.50,4051166.75,2438.09,2391,1993,635.8,0.167,1,gain
733367.50,4051166.75,2438.46,2391,1990,636.8,0.167,1,gain
733368.50,4051166.75,2439.34,2391,1985,637.8,0.168,1,gain
733369.50,4051166.75,2439.94,2391,1981,638.8,0.168,1,gain
733370.50,4051166.75,2439.94,2391,1981,639.8,0.168,0,gain
733414.50,4051166.75,2466.41,2389,1827,683.6,0.180,0,gain
733423.50,4051166.75,2470.59,2388,1804,692.6,0.182,0,gain
733445.50,4051166.75,2477.27,2387,1771,714.8,0.188,1,gain
733452.50,4051166.75,2480.09,2387,1757,721.9,0.190,1,gain
733465.50,4051166.75,2485.63,2386,1730,735.0,0.193,1,gain
733468.50,4051166.75,2486.21,2386,1728,738.1,0.194,1,gain
733212.50,4051165.75,2386.53,2409,2434,486.8,0.128,1,gain
733220.50,4051165.75,2387.62,2408,2417,494.6,0.130,1,gain
733340.50,4051165.75,2423.09,2399,2091,610.5,0.160,1,gain
733341.50,4051165.75,2423.65,2399,2088,611.5,0.161,1,gain
733344.50,4051165.75,2424.83,2399,2079,614.4,0.161,1,gain
733366.50,4051165.75,2437.53,2397,1996,635.9,0.167,1,gain
733367.50,4051165.75,2437.85,2397,1994,636.8,0.167,1,gain
733369.50,4051165.75,2439.00,2397,1987,638.8,0.168,0,gain
733450.50,4051165.75,2479.00,2392,1762,719.8,0.189,0,gain
733468.50,4051165.75,2486.30,2392,1727,738.1,0.194,1,gain
732786.50,4051164.75,2445.37,2791,2719,57.3,0.015,1,gain
733151.50,4051164.75,2377.58,2424,2594,428.2,0.113,1,gain
733340.50,4051164.75,2422.96,2405,2092,610.5,0.160,1,gain
733354.50,4051164.75,2431.36,2404,2036,624.1,0.164,1,gain
733367.50,4051164.75,2437.29,2403,1997,636.9,0.167,1,gain
733445.50,4051164.75,2477.05,2398,1772,714.8,0.188,1,gain
733446.50,4051164.75,2478.13,2398,1766,715.8,0.188,1,gain
733448.50,4051164.75,2478.41,2398,1765,717.8,0.189,0,gain
733457.50,4051164.75,2481.68,2397,1749,726.9,0.191,0,gain
733464.50,4051164.75,2485.18,2397,1732,734.0,0.193,1,gain
733465.50,4051164.75,2485.74,2397,1729,735.1,0.193,1,gain
733468.50,4051164.75,2486.43,2397,1726,738.1,0.194,1,gain
732759.50,4051163.75,2451.00,3306,2768,30.2,0.008,1,gain
732760.50,4051163.75,2450.74,3275,2771,31.2,0.008,1,gain
733335.50,4051163.75,2419.15,2412,2118,605.8,0.159,1,gain
733337.50,4051163.75,2420.93,2412,2106,607.7,0.160,1,gain
733340.50,4051163.75,2422.86,2412,2093,610.6,0.160,1,gain
733367.50,4051163.75,2436.89,2409,2000,636.9,0.167,1,gain
733414.50,4051163.75,2467.03,2405,1823,683.6,0.180,1,gain
733465.50,4051163.75,2485.63,2402,1730,735.1,0.193,1,gain
733466.50,4051163.75,2485.63,2402,1730,736.1,0.193,0,gain
733480.50,4051163.75,2493.46,2401,1693,750.4,0.197,1,gain
733481.50,4051163.75,2494.26,2401,1689,751.4,0.197,1,gain
733485.50,4051163.75,2494.52,2401,1689,755.4,0.199,0,gain
732799.50,4051162.75,2443.03,2821,2686,70.6,0.019,1,gain
733334.50,4051162.75,2418.36,2419,2123,604.9,0.159,0,gain
733341.50,4051162.75,2423.53,2418,2088,611.5,0.161,1,gain
733349.50,4051162.75,2428.42,2417,2055,619.3,0.163,1,gain
733351.50,4051162.75,2429.44,2417,2049,621.2,0.163,1,gain
733352.50,4051162.75,2429.44,2417,2048,622.2,0.163,1,gain
733353.50,4051162.75,2429.95,2417,2045,623.2,0.164,1,gain
733354.50,4051162.75,2430.96,2417,2039,624.1,0.164,1,gain
733357.50,4051162.75,2433.10,2416,2025,627.0,0.165,1,gain
733405.50,4051162.75,2462.75,2412,1847,674.6,0.177,1,gain
733422.50,4051162.75,2471.12,2410,1801,691.7,0.182,1,gain
733465.50,4051162.75,2485.47,2407,1731,735.1,0.193,1,gain
733467.50,4051162.75,2485.88,2407,1729,737.1,0.194,1,gain
733480.50,4051162.75,2493.38,2406,1693,750.4,0.197,1,gain
732763.50,4051161.75,2450.71,3414,2688,34.6,0.009,1,gain
733223.50,4051161.75,2388.20,2439,2409,497.5,0.131,1,gain
733340.50,4051161.75,2422.74,2424,2093,610.6,0.160,1,gain
733352.50,4051161.75,2429.16,2423,2050,622.2,0.164,0,gain
733353.50,4051161.75,2429.64,2423,2047,623.2,0.164,1,gain
733354.50,4051161.75,2430.49,2423,2041,624.2,0.164,1,gain
733355.50,4051161.75,2431.14,2423,2037,625.1,0.164,1,gain
733356.50,4051161.75,2431.59,2423,2034,626.1,0.165,1,gain
733358.50,4051161.75,2434.11,2422,2018,628.0,0.165,1,gain
733359.50,4051161.75,2433.09,2422,2024,629.1,0.165,1,gain
733360.50,4051161.75,2433.09,2422,2024,630.1,0.166,0,gain
733361.50,4051161.75,2433.37,2422,2022,631.0,0.166,1,gain
733479.50,4051161.75,2492.56,2412,1697,749.4,0.197,1,gain
732765.50,4051160.75,2450.20,3458,2693,36.8,0.010,1,gain
733210.50,4051160.75,2383.52,2449,2460,485.4,0.128,1,gain
733211.50,4051160.75,2383.89,2449,2456,486.3,0.128,1,gain
733354.50,4051160.75,2430.04,2429,2044,624.2,0.164,1,gain
733355.50,4051160.75,2430.54,2429,2041,625.2,0.164,1,gain
733356.50,4051160.75,2431.07,2429,2037,626.2,0.165,1,gain
733357.50,4051160.75,2432.08,2429,2031,627.1,0.165,1,gain
733360.50,4051160.75,2433.09,2428,2024,630.1,0.166,1,gain
733128.50,4051159.75,2377.44,2475,2635,405.7,0.107,1,gain
733129.50,4051159.75,2377.33,2475,2634,406.7,0.107,1,gain
733130.50,4051159.75,2377.33,2475,2632,407.7,0.107,1,gain
733209.50,4051159.75,2383.34,2457,2462,484.4,0.127,1,gain
733210.50,4051159.75,2383.34,2457,2461,485.4,0.128,1,gain
733346.50,4051159.75,2425.45,2436,2075,616.5,0.162,1,gain
733349.50,4051159.75,2427.59,2436,2060,619.3,0.163,1,gain
733350.50,4051159.75,2427.97,2436,2058,620.3,0.163,1,gain
733356.50,4051159.75,2430.46,2435,2041,626.2,0.165,1,gain
733358.50,4051159.75,2431.84,2435,2032,628.1,0.165,1,gain
733359.50,4051159.75,2431.84,2434,2032,629.1,0.165,1,gain
733360.50,4051159.75,2432.38,2434,2028,630.1,0.166,1,gain
733361.50,4051159.75,2432.74,2434,2026,631.1,0.166,1,gain
733479.50,4051159.75,2491.84,2422,1701,749.3,0.197,1,gain
733480.50,4051159.75,2492.28,2422,1699,750.4,0.197,1,gain
733482.50,4051159.75,2493.60,2422,1693,752.4,0.198,1,gain
733483.50,4051159.75,2494.00,2421,1691,753.4,0.198,1,gain
733484.50,4051159.75,2494.00,2421,1691,754.4,0.198,0,gain
733615.50,4051159.75,2574.34,2411,1371,892.2,0.234,1,gain
732763.50,4051158.75,2450.88,3734,2657,35.5,0.009,1,gain
732764.50,4051158.75,2450.58,3695,2667,36.4,0.010,1,gain
733210.50,4051158.75,2383.60,2465,2459,485.4,0.128,1,gain
733335.50,4051158.75,2419.13,2444,2118,605.9,0.159,1,gain
733347.50,4051158.75,2426.01,2442,2071,617.5,0.162,1,gain
733350.50,4051158.75,2427.40,2442,2061,620.4,0.163,1,gain
733351.50,4051158.75,2427.40,2442,2061,621.4,0.163,0,gain
733353.50,4051158.75,2428.28,2441,2055,623.3,0.164,1,gain
733354.50,4051158.75,2428.97,2441,2051,624.3,0.164,1,gain
733356.50,4051158.75,2429.97,2441,2044,626.2,0.165,1,gain
733357.50,4051158.75,2430.89,2441,2038,627.2,0.165,1,gain
733358.50,4051158.75,2431.33,2441,2035,628.2,0.165,1,gain
733410.50,4051158.75,2465.59,2434,1831,679.7,0.179,1,gain
733479.50,4051158.75,2491.65,2427,1702,749.4,0.197,1,gain
733480.50,4051158.75,2492.19,2427,1700,750.4,0.197,1,gain
732764.50,4051157.75,2450.56,3797,2666,36.8,0.010,1,gain
733223.50,4051157.75,2388.28,2470,2408,497.6,0.131,1,gain
733224.50,4051157.75,2388.51,2470,2405,498.5,0.131,1,gain
733226.50,4051157.75,2388.90,2469,2400,500.5,0.132,1,gain
733335.50,4051157.75,2419.40,2450,2116,605.9,0.159,1,gain
733341.50,4051157.75,2422.94,2449,2092,611.6,0.161,1,gain
733354.50,4051157.75,2428.44,2447,2054,624.3,0.164,1,gain
733355.50,4051157.75,2428.87,2447,2051,625.3,0.164,1,gain
733356.50,4051157.75,2429.42,2447,2047,626.3,0.165,1,gain
733357.50,4051157.75,2430.41,2447,2041,627.2,0.165,1,gain
732802.50,4051156.75,2443.02,3110,2645,74.4,0.020,1,gain
733220.50,4051156.75,2387.43,2478,2418,494.8,0.130,1,gain
733223.50,4051156.75,2388.29,2478,2408,497.6,0.131,1,gain
733224.50,4051156.75,2388.50,2477,2405,498.6,0.131,1,gain
733352.50,4051156.75,2426.37,2454,2067,622.5,0.164,1,gain
733353.50,4051156.75,2426.71,2454,2065,623.4,0.164,1,gain
733222.50,4051155.75,2387.82,2486,2412,496.7,0.131,1,gain
733223.50,4051155.75,2388.46,2485,2406,497.6,0.131,1,gain
733224.50,4051155.75,2388.63,2485,2404,498.6,0.131,1,gain
733226.50,4051155.75,2388.94,2485,2400,500.5,0.132,1,gain
733230.50,4051155.75,2390.38,2484,2385,504.3,0.133,1,gain
733231.50,4051155.75,2390.60,2483,2382,505.2,0.133,1,gain
733347.50,4051155.75,2424.14,2461,2082,617.6,0.162,1,gain
733349.50,4051155.75,2425.14,2460,2075,619.6,0.163,1,gain
733350.50,4051155.75,2425.14,2460,2075,620.6,0.163,0,gain
733351.50,4051155.75,2425.65,2460,2072,621.5,0.163,1,gain
733352.50,4051155.75,2426.08,2460,2069,622.5,0.164,1,gain
733447.50,4051155.75,2478.56,2446,1764,717.0,0.188,0,gain
733473.50,4051155.75,2489.45,2443,1712,743.3,0.195,1,gain
732807.50,4051154.75,2442.33,3158,2626,79.8,0.021,1,gain
732994.50,4051154.75,2402.84,2601,2657,269.7,0.071,1,gain
733166.50,4051154.75,2382.28,2509,2528,442.3,0.116,1,gain
733216.50,4051154.75,2386.71,2495,2427,491.0,0.129,1,gain
733218.50,4051154.75,2387.04,2494,2423,492.9,0.130,1,gain
733219.50,4051154.75,2387.23,2494,2420,493.9,0.130,1,gain
733223.50,4051154.75,2388.58,2493,2405,497.6,0.131,1,gain
733225.50,4051154.75,2389.06,2493,2400,499.5,0.131,1,gain
733227.50,4051154.75,2389.32,2492,2396,501.5,0.132,1,gain
733228.50,4051154.75,2389.72,2492,2392,502.4,0.132,1,gain
733229.50,4051154.75,2390.17,2492,2387,503.4,0.132,1,gain
733347.50,4051154.75,2423.86,2467,2084,617.7,0.162,1,gain
733446.50,4051154.75,2478.88,2452,1762,716.0,0.188,1,gain
733471.50,4051154.75,2489.03,2448,1714,741.3,0.195,1,gain
733472.50,4051154.75,2489.43,2448,1712,742.3,0.195,1,gain
733473.50,4051154.75,2489.82,2448,1710,743.4,0.195,1,gain
733474.50,4051154.75,2489.82,2448,1710,744.4,0.196,0,gain
732788.50,4051153.75,2445.47,3468,2663,61.3,0.016,1,gain
732993.50,4051153.75,2403.11,2616,2656,268.7,0.071,1,gain
732994.50,4051153.75,2402.84,2616,2657,269.8,0.071,1,gain
732999.50,4051153.75,2402.17,2611,2652,274.8,0.072,1,gain
733138.50,4051153.75,2379.59,2528,2596,415.3,0.109,1,gain
733164.50,4051153.75,2382.24,2519,2531,440.4,0.116,1,gain
733165.50,4051153.75,2382.24,2519,2529,441.4,0.116,1,gain
733218.50,4051153.75,2387.20,2502,2421,492.9,0.130,1,gain
733219.50,4051153.75,2387.37,2502,2419,493.9,0.130,1,gain
733224.50,4051153.75,2389.17,2500,2400,498.6,0.131,1,gain
733225.50,4051153.75,2389.55,2500,2396,499.5,0.131,1,gain
733226.50,4051153.75,2389.55,2500,2395,500.5,0.132,1,gain
733227.50,4051153.75,2389.98,2500,2391,501.4,0.132,1,gain
733331.50,4051153.75,2417.68,2476,2128,602.1,0.158,1,gain
733332.50,4051153.75,2417.68,2476,2128,603.1,0.158,0,gain
733333.50,4051153.75,2418.14,2476,2125,604.1,0.159,1,gain
733344.50,4051153.75,2421.66,2474,2098,614.8,0.162,1,gain
733345.50,4051153.75,2422.18,2474,2095,615.8,0.162,1,gain
733346.50,4051153.75,2422.62,2473,2092,616.8,0.162,1,gain
733470.50,4051153.75,2488.77,2454,1715,740.3,0.195,1,gain
733471.50,4051153.75,2489.30,2454,1712,741.4,0.195,1,gain
733473.50,4051153.75,2489.71,2453,1711,743.4,0.195,1,gain
732790.50,4051152.75,2445.04,3492,2662,63.6,0.017,1,gain
732791.50,4051152.75,2444.80,3474,2664,64.6,0.017,1,gain
732997.50,4051152.75,2403.00,2627,2646,272.7,0.072,1,gain
732998.50,4051152.75,2402.48,2626,2650,273.8,0.072,1,gain
732999.50,4051152.75,2402.17,2625,2651,274.8,0.072,1,gain
733163.50,4051152.75,2382.23,2528,2532,439.5,0.115,1,gain
733213.50,4051152.75,2386.29,2511,2434,488.1,0.128,1,gain
733217.50,4051152.75,2387.37,2510,2421,491.9,0.129,1,gain
733218.50,4051152.75,2387.57,2510,2418,492.9,0.130,1,gain
733226.50,4051152.75,2389.81,2508,2393,500.5,0.132,1,gain
733334.50,4051152.75,2418.18,2482,2124,605.1,0.159,1,gain
733343.50,4051152.75,2420.80,2480,2104,613.9,0.161,1,gain
733344.50,4051152.75,2421.31,2480,2100,614.9,0.162,1,gain
733450.50,4051152.75,2480.37,2462,1755,720.1,0.189,1,gain
732805.50,4051151.75,2442.57,3322,2629,78.5,0.021,1,gain
732806.50,4051151.75,2442.47,3310,2625,79.4,0.021,1,gain
732807.50,4051151.75,2442.37,3298,2620,80.4,0.021,1,gain
732989.50,4051151.75,2404.48,2649,2647,264.7,0.070,1,gain
732994.50,4051151.75,2403.75,2644,2643,269.7,0.071,1,gain
732995.50,4051151.75,2403.66,2643,2642,270.7,0.071,1,gain
733145.50,4051151.75,2380.94,2544,2572,422.0,0.111,1,gain
733216.50,4051151.75,2387.69,2518,2419,490.9,0.129,1,gain
733325.50,4051151.75,2414.83,2490,2149,596.4,0.157,1,gain
733342.50,4051151.75,2420.27,2487,2108,613.0,0.161,1,gain
733343.50,4051151.75,2420.80,2486,2104,613.9,0.161,1,gain
732991.50,4051150.75,2404.20,2662,2645,266.8,0.070,1,gain
732993.50,4051150.75,2403.88,2659,2644,268.8,0.071,1,gain
733163.50,4051150.75,2382.24,2545,2532,439.6,0.116,1,gain
733164.50,4051150.75,2382.49,2545,2528,440.5,0.116,1,gain
733214.50,4051150.75,2386.76,2527,2429,489.1,0.129,1,gain
733215.50,4051150.75,2387.46,2526,2422,490.0,0.129,1,gain
733324.50,4051150.75,2413.37,2497,2159,595.5,0.156,1,gain
733337.50,4051150.75,2418.39,2494,2121,608.1,0.160,1,gain
733488.50,4051150.75,2496.95,2467,1678,758.8,0.199,1,gain
733489.50,4051150.75,2497.39,2466,1676,759.8,0.200,1,gain
732789.50,4051149.75,2445.02,3687,2669,63.6,0.017,1,gain
732790.50,4051149.75,2444.88,3666,2665,64.5,0.017,1,gain
732796.50,4051149.75,2443.81,3554,2656,70.3,0.018,1,gain
733092.50,4051149.75,2391.75,2591,2561,368.1,0.097,1,gain
733164.50,4051149.75,2382.29,2554,2530,440.6,0.116,1,gain
733323.50,4051149.75,2413.09,2504,2161,594.6,0.156,1,gain
733324.50,4051149.75,2413.37,2503,2158,595.6,0.156,1,gain
733325.50,4051149.75,2414.14,2503,2153,596.5,0.157,1,gain
733486.50,4051149.75,2496.78,2472,1678,756.8,0.199,1,gain
733487.50,4051149.75,2497.03,2472,1677,757.8,0.199,1,gain
733488.50,4051149.75,2497.37,2472,1675,758.8,0.199,1,gain
733489.50,4051149.75,2497.79,2472,1674,759.8,0.200,1,gain
733491.50,4051149.75,2498.22,2471,1672,761.9,0.200,1,gain
732755.50,4051148.75,2451.69,5428,2748,33.7,0.009,1,gain
732756.50,4051148.75,2451.64,5316,2719,34.4,0.009,1,gain
732790.50,4051148.75,2444.94,3724,2659,64.9,0.017,1,gain
732791.50,4051148.75,2444.73,3703,2660,65.8,0.017,1,gain
732799.50,4051148.75,2443.45,3555,2640,73.5,0.019,1,gain
732800.50,4051148.75,2443.27,3539,2639,74.4,0.020,1,gain
732811.50,4051148.75,2441.67,3386,2612,85.1,0.022,1,gain
732812.50,4051148.75,2441.36,3374,2617,86.1,0.023,1,gain
732824.50,4051148.75,2439.30,3250,2606,97.9,0.026,1,gain
732973.50,4051148.75,2406.97,2714,2658,248.8,0.065,1,gain
733091.50,4051148.75,2392.68,2602,2553,367.0,0.096,1,gain
733092.50,4051148.75,2392.51,2601,2553,368.1,0.097,1,gain
733093.50,4051148.75,2392.51,2600,2551,369.0,0.097,1,gain
733094.50,4051148.75,2392.22,2600,2552,370.1,0.097,1,gain
733095.50,4051148.75,2392.05,2599,2552,371.1,0.098,1,gain
733325.50,4051148.75,2414.01,2510,2154,596.5,0.157,1,gain
733327.50,4051148.75,2414.57,2509,2149,598.5,0.157,1,gain
733328.50,4051148.75,2414.81,2509,2147,599.5,0.158,1,gain
733329.50,4051148.75,2415.22,2509,2144,600.4,0.158,1,gain
733332.50,4051148.75,2416.13,2508,2137,603.4,0.159,1,gain
733487.50,4051148.75,2497.70,2477,1674,757.9,0.199,1,gain
733488.50,4051148.75,2498.08,2477,1672,758.9,0.199,1,gain
733489.50,4051148.75,2498.56,2477,1670,759.9,0.200,1,gain
732755.50,4051147.75,2451.72,5559,2747,34.4,0.009,1,gain
732756.50,4051147.75,2451.66,5440,2718,35.1,0.009,1,gain
732800.50,4051147.75,2443.24,3589,2639,74.8,0.020,1,gain
733091.50,4051147.75,2392.78,2612,2552,367.1,0.096,1,gain
733092.50,4051147.75,2392.93,2612,2549,368.0,0.097,1,gain
733093.50,4051147.75,2392.93,2611,2547,369.0,0.097,1,gain
733161.50,4051147.75,2382.65,2573,2531,437.7,0.115,0,gain
733162.50,4051147.75,2382.45,2572,2531,438.7,0.115,1,gain
733163.50,4051147.75,2382.34,2572,2531,439.7,0.116,0,gain
733164.50,4051147.75,2382.34,2571,2529,440.7,0.116,1,gain
733165.50,4051147.75,2382.49,2571,2526,441.6,0.116,1,gain
733166.50,4051147.75,2382.69,2570,2523,442.6,0.116,1,gain
733326.50,4051147.75,2414.27,2516,2152,597.6,0.157,0,gain
733328.50,4051147.75,2414.75,2515,2148,599.5,0.158,1,gain
733481.50,4051147.75,2494.01,2483,1691,751.7,0.198,1,gain
733482.50,4051147.75,2494.84,2483,1687,752.8,0.198,1,gain
733486.50,4051147.75,2497.41,2482,1675,756.9,0.199,1,gain
733489.50,4051147.75,2498.48,2482,1670,759.9,0.200,0,gain
732797.50,4051146.75,2443.65,3693,2647,72.2,0.019,1,gain
732808.50,4051146.75,2441.96,3514,2622,82.8,0.022,1,gain
732821.50,4051146.75,2437.55,3355,2696,95.9,0.025,1,gain
733161.50,4051146.75,2382.71,2581,2530,437.7,0.115,1,gain
733162.50,4051146.75,2382.47,2581,2531,438.7,0.115,1,gain
733163.50,4051146.75,2382.34,2580,2530,439.7,0.116,1,gain
733164.50,4051146.75,2382.34,2580,2529,440.7,0.116,1,gain
733165.50,4051146.75,2382.49,2579,2526,441.7,0.116,1,gain
733482.50,4051146.75,2494.91,2488,1686,752.8,0.198,1,gain
733483.50,4051146.75,2495.27,2488,1685,753.8,0.198,1,gain
733484.50,4051146.75,2495.65,2488,1683,754.8,0.198,1,gain
733485.50,4051146.75,2496.82,2487,1678,755.9,0.199,1,gain
733488.50,4051146.75,2498.93,2487,1668,759.0,0.199,1,gain
732800.50,4051145.75,2443.10,3688,2643,75.4,0.020,1,gain
732821.50,4051145.75,2437.53,3394,2695,96.2,0.025,1,gain
732822.50,4051145.75,2438.20,3384,2661,97.0,0.025,1,gain
732823.50,4051145.75,2438.93,3374,2624,97.8,0.026,1,gain
733148.50,4051145.75,2382.29,2597,2554,425.1,0.112,1,gain
733149.50,4051145.75,2382.65,2597,2549,426.0,0.112,1,gain
733164.50,4051145.75,2382.36,2589,2529,440.8,0.116,1,gain
733169.50,4051145.75,2382.87,2586,2517,445.6,0.117,1,gain
733170.50,4051145.75,2382.83,2586,2516,446.6,0.117,1,gain
733271.50,4051145.75,2407.19,2545,2229,543.5,0.143,0,gain
733486.50,4051145.75,2497.33,2492,1675,756.9,0.199,1,gain
732823.50,4051144.75,2439.27,3413,2610,98.0,0.026,1,gain
733147.50,4051144.75,2381.63,2607,2561,424.3,0.111,1,gain
733148.50,4051144.75,2382.31,2606,2553,425.1,0.112,1,gain
733164.50,4051144.75,2382.51,2597,2527,440.8,0.116,1,gain
733168.50,4051144.75,2382.89,2595,2518,444.7,0.117,1,gain
733441.50,4051144.75,2478.10,2506,1766,711.3,0.187,1,gain
733444.50,4051144.75,2478.82,2506,1763,714.3,0.188,1,gain
733445.50,4051144.75,2478.82,2505,1763,715.3,0.188,1,gain
733452.50,4051144.75,2483.39,2504,1740,722.4,0.190,1,gain
733478.50,4051144.75,2492.93,2499,1696,748.8,0.197,1,gain
733481.50,4051144.75,2493.98,2498,1691,751.8,0.198,0,gain
733486.50,4051144.75,2497.06,2497,1677,757.0,0.199,1,gain
733489.50,4051144.75,2498.54,2497,1670,760.0,0.200,0,gain
733490.50,4051144.75,2498.80,2497,1669,761.0,0.200,1,gain
733491.50,4051144.75,2499.16,2496,1667,762.1,0.200,1,gain
732820.50,4051143.75,2438.12,3484,2678,95.6,0.025,1,gain
732836.50,4051143.75,2436.27,3322,2625,111.1,0.029,1,gain
733442.50,4051143.75,2478.32,2511,1765,712.3,0.187,1,gain
733445.50,4051143.75,2478.78,2511,1763,715.3,0.188,1,gain
733446.50,4051143.75,2479.28,2511,1760,716.3,0.188,1,gain
733488.50,4051143.75,2498.15,2502,1672,759.1,0.199,1,gain
732821.50,4051142.75,2438.99,3512,2634,96.7,0.025,1,gain
732837.50,4051142.75,2436.69,3347,2603,112.2,0.029,1,gain
733169.50,4051142.75,2382.95,2612,2516,445.8,0.117,1,gain
733170.50,4051142.75,2382.91,2611,2515,446.8,0.117,1,gain
733443.50,4051142.75,2478.47,2517,1764,713.4,0.187,1,gain
733444.50,4051142.75,2478.47,2516,1764,714.4,0.188,1,gain
733445.50,4051142.75,2478.76,2516,1763,715.4,0.188,1,gain
732799.50,4051141.75,2442.86,3903,2658,76.0,0.020,1,gain
732800.50,4051141.75,2442.70,3883,2655,76.9,0.020,1,gain
732809.50,4051141.75,2441.16,3720,2642,85.4,0.022,1,gain
732818.50,4051141.75,2438.62,3588,2671,94.3,0.025,1,gain
733425.50,4051141.75,2470.57,2526,1805,695.2,0.183,1,gain
733426.50,4051141.75,2470.98,2526,1803,696.2,0.183,1,gain
733427.50,4051141.75,2470.98,2526,1803,697.2,0.183,0,gain
733428.50,4051141.75,2470.74,2526,1804,698.2,0.183,1,gain
733459.50,4051141.75,2487.30,2518,1720,729.7,0.192,1,gain
732807.50,4051140.75,2441.48,3797,2644,83.9,0.022,1,gain
732818.50,4051140.75,2438.68,3627,2668,94.6,0.025,1,gain
732819.50,4051140.75,2438.68,3614,2659,95.5,0.025,1,gain
732821.50,4051140.75,2439.41,3589,2614,97.2,0.026,1,gain
733162.50,4051140.75,2383.06,2633,2525,439.0,0.115,1,gain
733163.50,4051140.75,2383.06,2633,2523,440.0,0.116,1,gain
733164.50,4051140.75,2382.94,2632,2523,441.0,0.116,1,gain
733166.50,4051140.75,2383.04,2631,2519,442.9,0.116,1,gain
733167.50,4051140.75,2383.06,2630,2518,443.9,0.117,1,gain
733456.50,4051140.75,2484.60,2524,1734,726.6,0.191,1,gain
733459.50,4051140.75,2487.01,2524,1722,729.7,0.192,1,gain
733460.50,4051140.75,2487.65,2523,1719,730.7,0.192,1,gain
733463.50,4051140.75,2488.68,2523,1714,733.8,0.193,1,gain
733464.50,4051140.75,2489.11,2522,1712,734.8,0.193,1,gain
733465.50,4051140.75,2489.41,2522,1711,735.8,0.193,1,gain
733470.50,4051140.75,2490.91,2521,1704,740.8,0.195,1,gain
733471.50,4051140.75,2490.91,2521,1704,741.8,0.195,0,gain
732807.50,4051139.75,2441.37,3841,2647,84.3,0.022,1,gain
732808.50,4051139.75,2441.19,3823,2646,85.2,0.022,1,gain
732809.50,4051139.75,2441.19,3806,2637,86.1,0.023,1,gain
732817.50,4051139.75,2438.65,3680,2676,94.0,0.025,1,gain
732818.50,4051139.75,2438.65,3666,2667,94.9,0.025,1,gain
733080.50,4051139.75,2395.18,2706,2546,356.5,0.094,1,gain
733466.50,4051139.75,2489.94,2527,1708,736.9,0.194,1,gain
733472.50,4051139.75,2491.45,2526,1702,742.9,0.195,0,gain
733473.50,4051139.75,2491.76,2526,1700,743.9,0.195,1,gain
732818.50,4051138.75,2438.99,3706,2652,95.2,0.025,1,gain
732815.50,4051137.75,2438.99,3790,2676,92.8,0.024,1,gain
733464.50,4051137.75,2488.76,2538,1714,734.9,0.193,1,gain
732816.50,4051136.75,2439.70,3815,2636,93.9,0.025,1,gain
732821.50,4051136.75,2440.46,3741,2568,98.3,0.026,1,gain
733169.50,4051136.75,2382.90,2663,2515,446.2,0.117,1,gain
733392.50,4051136.75,2448.84,2564,1926,662.4,0.174,1,gain
733172.50,4051135.75,2382.80,2670,2512,449.2,0.118,1,gain
733231.50,4051134.75,2394.01,2642,2355,505.9,0.133,1,gain
733244.50,4051134.75,2404.08,2636,2269,517.6,0.136,1,gain
733453.50,4051134.75,2480.28,2557,1756,723.8,0.190,1,gain
733466.50,4051134.75,2488.84,2553,1714,737.0,0.194,1,gain
733480.50,4051134.75,2495.60,2550,1683,751.3,0.197,1,gain
732817.50,4051133.75,2440.39,3917,2596,95.8,0.025,1,gain
733169.50,4051133.75,2383.56,2689,2509,446.3,0.117,1,gain
733232.50,4051133.75,2394.58,2649,2349,506.9,0.133,1,gain
733245.50,4051133.75,2404.54,2642,2265,518.6,0.136,1,gain
733247.50,4051133.75,2406.65,2641,2248,520.4,0.137,1,gain
733400.50,4051133.75,2454.21,2578,1895,670.5,0.176,1,gain
733462.50,4051133.75,2485.78,2560,1729,733.0,0.193,1,gain
733478.50,4051133.75,2495.81,2555,1681,749.4,0.197,1,gain
733479.50,4051133.75,2495.81,2555,1681,750.4,0.197,0,gain
733249.50,4051132.75,2406.01,2648,2251,522.5,0.137,1,gain
733253.50,4051132.75,2408.30,2645,2232,526.3,0.138,1,gain
733478.50,4051132.75,2496.17,2560,1679,749.5,0.197,1,gain
733480.50,4051132.75,2496.55,2560,1678,751.5,0.197,1,gain
733166.50,4051131.75,2383.41,2709,2515,443.6,0.117,1,gain
733167.50,4051131.75,2383.73,2708,2510,444.5,0.117,1,gain
733232.50,4051131.75,2394.27,2664,2351,507.1,0.133,1,gain
733475.50,4051131.75,2494.78,2566,1686,746.4,0.196,1,gain
733476.50,4051131.75,2495.48,2566,1682,747.5,0.196,1,gain
732821.50,4051130.75,2441.72,3966,2510,100.4,0.026,1,gain
733083.50,4051130.75,2398.48,2799,2504,359.7,0.095,1,gain
733165.50,4051130.75,2383.69,2718,2513,442.6,0.116,1,gain
733234.50,4051130.75,2394.50,2671,2348,509.1,0.134,1,gain
733255.50,4051130.75,2408.01,2659,2233,528.4,0.139,1,gain
733393.50,4051130.75,2449.37,2598,1923,663.8,0.174,1,gain
733400.50,4051130.75,2452.54,2595,1904,670.7,0.176,1,gain
733403.50,4051130.75,2454.36,2594,1894,673.7,0.177,1,gain
733404.50,4051130.75,2455.02,2594,1890,674.7,0.177,1,gain
733405.50,4051130.75,2455.23,2594,1889,675.7,0.178,1,gain
733467.50,4051130.75,2488.75,2574,1715,738.2,0.194,1,gain
733471.50,4051130.75,2491.76,2572,1700,742.4,0.195,1,gain
733472.50,4051130.75,2492.42,2572,1697,743.4,0.195,1,gain
733475.50,4051130.75,2494.63,2571,1686,746.5,0.196,1,gain
733476.50,4051130.75,2495.43,2571,1683,747.5,0.196,1,gain
733484.50,4051130.75,2499.00,2569,1667,755.7,0.199,1,gain
733485.50,4051130.75,2499.19,2568,1666,756.7,0.199,1,gain
733234.50,4051129.75,2394.02,2678,2351,509.2,0.134,1,gain
733256.50,4051129.75,2407.75,2665,2234,529.5,0.139,1,gain
733393.50,4051129.75,2449.45,2604,1922,663.8,0.174,1,gain
733401.50,4051129.75,2452.06,2601,1907,671.8,0.177,1,gain
733402.50,4051129.75,2452.51,2600,1905,672.8,0.177,1,gain
733403.50,4051129.75,2453.55,2600,1899,673.8,0.177,1,gain
733404.50,4051129.75,2454.10,2600,1895,674.8,0.177,1,gain
733440.50,4051129.75,2471.52,2587,1801,710.8,0.187,1,gain
733441.50,4051129.75,2472.61,2587,1795,711.8,0.187,1,gain
733442.50,4051129.75,2472.61,2587,1796,712.8,0.187,1,gain
733443.50,4051129.75,2473.25,2586,1792,713.9,0.188,1,gain
733482.50,4051129.75,2498.96,2574,1666,753.7,0.198,1,gain
733487.50,4051129.75,2499.94,2573,1663,758.8,0.199,1,gain
733490.50,4051129.75,2500.99,2572,1658,761.8,0.200,1,gain
732819.50,4051128.75,2441.38,4073,2535,99.5,0.026,1,gain
732821.50,4051128.75,2441.79,4039,2505,101.2,0.027,1,gain
733386.50,4051128.75,2444.48,2612,1952,657.0,0.173,1,gain
733387.50,4051128.75,2445.19,2612,1947,658.0,0.173,1,gain
733392.50,4051128.75,2448.20,2610,1930,662.9,0.174,1,gain
733393.50,4051128.75,2449.45,2609,1922,663.9,0.174,1,gain
733401.50,4051128.75,2451.34,2606,1911,671.9,0.177,1,gain
733402.50,4051128.75,2451.91,2606,1908,672.9,0.177,1,gain
733440.50,4051128.75,2471.29,2593,1802,710.9,0.187,1,gain
733443.50,4051128.75,2472.92,2592,1794,713.9,0.188,1,gain
733444.50,4051128.75,2473.53,2591,1791,714.9,0.188,1,gain
733446.50,4051128.75,2474.80,2591,1784,716.9,0.188,1,gain
733491.50,4051128.75,2501.81,2577,1654,762.9,0.200,1,gain
732818.50,4051127.75,2441.40,4128,2539,99.0,0.026,1,gain
733086.50,4051127.75,2400.89,2827,2473,362.6,0.095,1,gain
733254.50,4051127.75,2405.37,2681,2252,527.9,0.139,1,gain
733257.50,4051127.75,2406.93,2679,2239,530.7,0.139,1,gain
733392.50,4051127.75,2447.93,2615,1931,663.0,0.174,1,gain
733393.50,4051127.75,2448.74,2615,1926,664.0,0.174,1,gain
733395.50,4051127.75,2448.69,2614,1927,666.0,0.175,1,gain
733396.50,4051127.75,2448.62,2614,1927,667.0,0.175,0,gain
733415.50,4051127.75,2458.12,2607,1873,685.9,0.180,0,gain
733416.50,4051127.75,2458.68,2607,1870,686.9,0.180,1,gain
733432.50,4051127.75,2466.37,2601,1828,702.9,0.185,1,gain
733433.50,4051127.75,2466.37,2601,1828,703.9,0.185,0,gain
733434.50,4051127.75,2466.85,2600,1826,704.9,0.185,1,gain
733439.50,4051127.75,2470.42,2598,1807,709.9,0.187,1,gain
733446.50,4051127.75,2474.58,2596,1786,717.0,0.188,1,gain
733447.50,4051127.75,2475.85,2596,1779,718.0,0.189,1,gain
732817.50,4051126.75,2441.31,4184,2549,98.6,0.026,1,gain
732820.50,4051126.75,2441.95,4130,2503,101.1,0.027,1,gain
732821.50,4051126.75,2442.26,4112,2485,102.0,0.027,1,gain
733264.50,4051126.75,2411.02,2682,2205,537.4,0.141,1,gain
733389.50,4051126.75,2445.73,2622,1944,660.1,0.173,1,gain
733395.50,4051126.75,2448.00,2620,1931,666.0,0.175,0,gain
733396.50,4051126.75,2448.05,2620,1930,667.0,0.175,1,gain
733397.50,4051126.75,2448.35,2619,1928,668.0,0.176,1,gain
733398.50,4051126.75,2448.87,2619,1925,669.0,0.176,1,gain
733399.50,4051126.75,2449.44,2618,1922,670.0,0.176,1,gain
733402.50,4051126.75,2451.02,2617,1913,673.0,0.177,1,gain
733438.50,4051126.75,2469.24,2604,1813,709.0,0.186,1,gain
733441.50,4051126.75,2471.02,2603,1804,712.0,0.187,1,gain
732819.50,4051125.75,2442.00,4185,2506,100.7,0.026,1,gain
733262.50,4051125.75,2409.73,2691,2216,535.6,0.141,1,gain
733263.50,4051125.75,2410.33,2690,2211,536.5,0.141,1,gain
733265.50,4051125.75,2410.67,2689,2207,538.5,0.142,1,gain
733266.50,4051125.75,2411.08,2688,2204,539.5,0.142,1,gain
733386.50,4051125.75,2443.94,2629,1955,657.2,0.173,1,gain
733388.50,4051125.75,2444.94,2629,1949,659.2,0.173,1,gain
733402.50,4051125.75,2450.27,2623,1917,673.1,0.177,1,gain
733414.50,4051125.75,2457.02,2618,1879,685.0,0.180,1,gain
733427.50,4051125.75,2463.04,2614,1846,698.0,0.183,1,gain
733439.50,4051125.75,2469.65,2609,1811,710.0,0.187,1,gain
733464.50,4051125.75,2486.11,2601,1728,735.4,0.193,1,gain
733493.50,4051125.75,2504.34,2591,1642,765.2,0.201,1,gain
733608.50,4051125.75,2568.43,2560,1394,885.6,0.233,1,gain
733609.50,4051125.75,2568.91,2560,1393,886.6,0.233,1,gain
732819.50,4051124.75,2442.09,4222,2501,101.1,0.027,1,gain
732925.50,4051124.75,2418.66,3249,2614,203.8,0.054,1,gain
732976.50,4051124.75,2415.52,3072,2513,253.4,0.067,1,gain
732979.50,4051124.75,2415.14,3064,2511,256.4,0.067,1,gain
733230.50,4051124.75,2390.90,2718,2378,506.1,0.133,1,gain
733231.50,4051124.75,2390.94,2718,2376,507.1,0.133,1,gain
733264.50,4051124.75,2410.22,2696,2211,537.6,0.141,1,gain
733265.50,4051124.75,2410.22,2696,2210,538.6,0.142,1,gain
733395.50,4051124.75,2446.23,2631,1941,666.2,0.175,1,gain
733399.50,4051124.75,2448.18,2630,1929,670.2,0.176,1,gain
733400.50,4051124.75,2448.78,2629,1926,671.2,0.176,1,gain
733414.50,4051124.75,2456.70,2624,1881,685.1,0.180,1,gain
733415.50,4051124.75,2456.70,2624,1881,686.1,0.180,0,gain
733416.50,4051124.75,2457.19,2623,1878,687.1,0.181,1,gain
733423.50,4051124.75,2460.72,2621,1859,694.0,0.182,1,gain
733424.50,4051124.75,2460.72,2620,1859,695.0,0.183,1,gain
733433.50,4051124.75,2465.66,2617,1832,704.1,0.185,0,gain
733434.50,4051124.75,2466.08,2616,1830,705.1,0.185,1,gain
733435.50,4051124.75,2466.65,2616,1827,706.1,0.186,1,gain
733444.50,4051124.75,2472.52,2613,1796,715.1,0.188,1,gain
733454.50,4051124.75,2479.04,2609,1763,725.3,0.191,1,gain
733478.50,4051124.75,2495.95,2601,1681,749.9,0.197,1,gain
733610.50,4051124.75,2568.93,2564,1393,887.7,0.233,1,gain
732926.50,4051123.75,2419.51,3263,2594,204.8,0.054,1,gain
732975.50,4051123.75,2415.86,3090,2510,252.6,0.066,1,gain
732976.50,4051123.75,2415.85,3087,2508,253.5,0.067,1,gain
732977.50,4051123.75,2415.76,3084,2507,254.5,0.067,1,gain
732978.50,4051123.75,2415.64,3081,2506,255.5,0.067,1,gain
732979.50,4051123.75,2415.49,3078,2506,256.5,0.067,1,gain
732980.50,4051123.75,2415.33,3076,2506,257.5,0.068,1,gain
733385.50,4051123.75,2442.78,2641,1962,656.4,0.172,1,gain
733397.50,4051123.75,2446.63,2636,1938,668.3,0.176,1,gain
733398.50,4051123.75,2447.19,2636,1935,669.3,0.176,1,gain
733410.50,4051123.75,2453.88,2631,1896,681.2,0.179,1,gain
733413.50,4051123.75,2455.60,2630,1887,684.1,0.180,1,gain
733418.50,4051123.75,2457.91,2628,1874,689.1,0.181,1,gain
733419.50,4051123.75,2458.37,2628,1871,690.1,0.181,1,gain
733420.50,4051123.75,2458.96,2627,1868,691.1,0.182,1,gain
733447.50,4051123.75,2474.84,2617,1784,718.3,0.189,1,gain
733452.50,4051123.75,2477.52,2615,1771,723.3,0.190,1,gain
733480.50,4051123.75,2497.11,2605,1675,752.0,0.198,1,gain
733498.50,4051123.75,2506.35,2600,1634,770.5,0.202,1,gain
732820.50,4051122.75,2442.86,4276,2463,102.8,0.027,1,gain
732976.50,4051122.75,2415.93,3102,2506,253.7,0.067,1,gain
732982.50,4051122.75,2415.20,3085,2502,259.6,0.068,1,gain
732989.50,4051122.75,2413.60,3066,2509,266.7,0.070,1,gain
732990.50,4051122.75,2413.52,3063,2507,267.7,0.070,1,gain
733388.50,4051122.75,2443.18,2646,1959,659.4,0.173,0,gain
733389.50,4051122.75,2443.51,2645,1957,660.4,0.174,1,gain
733390.50,4051122.75,2443.79,2645,1955,661.4,0.174,1,gain
733391.50,4051122.75,2444.02,2645,1954,662.4,0.174,1,gain
733409.50,4051122.75,2453.27,2637,1900,680.2,0.179,1,gain
733410.50,4051122.75,2453.66,2637,1898,681.2,0.179,1,gain
733411.50,4051122.75,2454.12,2636,1895,682.2,0.179,1,gain
733417.50,4051122.75,2457.25,2634,1878,688.2,0.181,1,gain
733418.50,4051122.75,2457.76,2633,1875,689.2,0.181,1,gain
733419.50,4051122.75,2458.28,2633,1872,690.2,0.181,1,gain
733425.50,4051122.75,2460.75,2631,1858,696.2,0.183,1,gain
733439.50,4051122.75,2469.17,2625,1814,710.2,0.187,1,gain
733491.50,4051122.75,2504.12,2607,1643,763.4,0.201,1,gain
732820.50,4051121.75,2442.86,4312,2462,103.3,0.027,1,gain
732926.50,4051121.75,2420.09,3300,2583,205.1,0.054,1,gain
733409.50,4051121.75,2453.27,2643,1900,680.3,0.179,1,gain
733411.50,4051121.75,2454.12,2642,1895,682.3,0.179,1,gain
733485.50,4051121.75,2502.53,2614,1649,757.4,0.199,1,gain
733498.50,4051121.75,2506.48,2610,1633,770.6,0.202,1,gain
732991.50,4051120.75,2413.67,3089,2502,269.0,0.071,1,gain
733421.50,4051120.75,2459.19,2643,1867,692.3,0.182,1,gain
733422.50,4051120.75,2459.61,2643,1865,693.3,0.182,1,gain
733423.50,4051120.75,2459.61,2642,1865,694.3,0.182,1,gain
733478.50,4051120.75,2494.93,2621,1686,750.1,0.197,1,gain
733479.50,4051120.75,2495.96,2621,1681,751.1,0.197,1,gain
733498.50,4051120.75,2506.84,2614,1632,770.7,0.203,1,gain
733499.50,4051120.75,2507.31,2614,1630,771.7,0.203,1,gain
732820.50,4051119.75,2443.12,4384,2449,104.2,0.027,1,gain
733002.50,4051119.75,2412.10,3074,2499,280.1,0.074,1,gain
733003.50,4051119.75,2411.94,3071,2498,281.1,0.074,1,gain
733004.50,4051119.75,2411.42,3068,2503,282.1,0.074,1,gain
733077.50,4051119.75,2403.61,2924,2458,354.5,0.093,1,gain
733415.50,4051119.75,2455.83,2651,1885,686.4,0.180,1,gain
733474.50,4051119.75,2492.42,2628,1698,746.1,0.196,1,gain
733475.50,4051119.75,2493.13,2628,1694,747.1,0.196,1,gain
733476.50,4051119.75,2493.13,2627,1695,748.1,0.197,1,gain
733478.50,4051119.75,2494.76,2627,1687,750.2,0.197,1,gain
733480.50,4051119.75,2496.33,2626,1679,752.2,0.198,1,gain
733497.50,4051119.75,2506.23,2620,1634,769.7,0.202,1,gain
733498.50,4051119.75,2506.84,2619,1632,770.8,0.203,1,gain
732971.50,4051118.75,2416.36,3177,2511,249.6,0.066,1,gain
732979.50,4051118.75,2415.51,3152,2504,257.5,0.068,1,gain
732980.50,4051118.75,2415.56,3149,2500,258.4,0.068,1,gain
732981.50,4051118.75,2415.43,3146,2500,259.4,0.068,1,gain
732983.50,4051118.75,2415.49,3140,2494,261.3,0.069,1,gain
732984.50,4051118.75,2415.41,3137,2493,262.3,0.069,1,gain
733001.50,4051118.75,2412.36,3090,2497,279.3,0.073,1,gain
733003.50,4051118.75,2412.24,3084,2494,281.2,0.074,1,gain
733004.50,4051118.75,2411.80,3082,2498,282.3,0.074,1,gain
733006.50,4051118.75,2411.25,3077,2501,284.3,0.075,1,gain
733163.50,4051118.75,2387.98,2823,2478,441.2,0.116,1,gain
733164.50,4051118.75,2388.01,2822,2476,442.2,0.116,1,gain
733239.50,4051118.75,2392.97,2756,2353,515.3,0.135,1,gain
733495.50,4051118.75,2506.53,2625,1632,767.8,0.202,1,gain
733496.50,4051118.75,2506.54,2625,1633,768.8,0.202,1,gain
733497.50,4051118.75,2506.71,2625,1632,769.8,0.202,0,gain
732978.50,4051117.75,2415.67,3169,2503,256.7,0.067,1,gain
732979.50,4051117.75,2415.61,3166,2502,257.7,0.068,1,gain
732980.50,4051117.75,2415.65,3163,2499,258.6,0.068,1,gain
732981.50,4051117.75,2415.24,3160,2502,259.6,0.068,1,gain
732982.50,4051117.75,2415.24,3157,2500,260.6,0.068,1,gain
732983.50,4051117.75,2415.35,3154,2496,261.6,0.069,1,gain
732984.50,4051117.75,2415.36,3151,2493,262.5,0.069,1,gain
732987.50,4051117.75,2415.04,3142,2491,265.5,0.070,1,gain
732988.50,4051117.75,2414.91,3139,2491,266.5,0.070,1,gain
733003.50,4051117.75,2412.51,3098,2490,281.4,0.074,1,gain
733004.50,4051117.75,2412.30,3095,2491,282.4,0.074,1,gain
733007.50,4051117.75,2411.36,3087,2497,285.4,0.075,1,gain
733008.50,4051117.75,2411.36,3085,2495,286.4,0.075,1,gain
733009.50,4051117.75,2411.09,3082,2496,287.4,0.076,1,gain
733162.50,4051117.75,2387.93,2833,2479,440.4,0.116,1,gain
733490.50,4051117.75,2505.07,2632,1638,762.8,0.200,1,gain
733495.50,4051117.75,2506.88,2630,1631,767.9,0.202,1,gain
732818.50,4051116.75,2443.28,4534,2452,104.0,0.027,1,gain
732986.50,4051116.75,2415.23,3159,2490,264.7,0.070,1,gain
732987.50,4051116.75,2415.16,3156,2489,265.7,0.070,1,gain
732988.50,4051116.75,2415.13,3153,2487,266.6,0.070,1,gain
732990.50,4051116.75,2414.88,3147,2486,268.6,0.071,1,gain
732992.50,4051116.75,2414.69,3142,2484,270.6,0.071,1,gain
733006.50,4051116.75,2411.59,3103,2496,284.6,0.075,0,gain
733009.50,4051116.75,2411.43,3096,2491,287.5,0.076,1,gain
733010.50,4051116.75,2410.89,3093,2496,288.6,0.076,1,gain
733011.50,4051116.75,2411.10,3090,2491,289.5,0.076,1,gain
733492.50,4051116.75,2506.48,2636,1632,765.0,0.201,1,gain
733499.50,4051116.75,2508.67,2634,1623,772.1,0.203,1,gain
733500.50,4051116.75,2509.12,2634,1621,773.1,0.203,1,gain
733501.50,4051116.75,2509.47,2633,1620,774.1,0.203,1,gain
733502.50,4051116.75,2509.47,2633,1620,775.1,0.204,0,gain
733503.50,4051116.75,2509.78,2632,1619,776.1,0.204,1,gain
732817.50,4051115.75,2443.53,4593,2447,103.7,0.027,1,gain
732970.50,4051115.75,2416.89,3225,2504,249.2,0.065,1,gain
732990.50,4051115.75,2415.00,3161,2484,268.8,0.071,1,gain
732991.50,4051115.75,2415.00,3158,2482,269.7,0.071,1,gain
732992.50,4051115.75,2414.97,3156,2480,270.7,0.071,1,gain
732993.50,4051115.75,2414.80,3153,2480,271.7,0.071,1,gain
732997.50,4051115.75,2413.92,3141,2484,275.7,0.072,1,gain
732998.50,4051115.75,2413.71,3138,2484,276.7,0.073,1,gain
732999.50,4051115.75,2413.58,3136,2484,277.7,0.073,1,gain
733000.50,4051115.75,2413.58,3133,2482,278.7,0.073,1,gain
733241.50,4051115.75,2392.99,2777,2351,517.6,0.136,1,gain
733493.50,4051115.75,2506.69,2641,1631,766.0,0.201,0,gain
733498.50,4051115.75,2509.15,2639,1620,771.2,0.203,1,gain
732816.50,4051114.75,2443.72,4653,2445,103.3,0.027,1,gain
732979.50,4051114.75,2416.34,3210,2490,258.2,0.068,1,gain
732992.50,4051114.75,2414.92,3169,2480,270.9,0.071,1,gain
732994.50,4051114.75,2414.76,3163,2478,272.9,0.072,1,gain
733000.50,4051114.75,2413.83,3146,2478,278.8,0.073,1,gain
733074.50,4051114.75,2405.33,2982,2443,352.0,0.093,1,gain
733494.50,4051114.75,2507.43,2646,1628,767.2,0.202,1,gain
732812.50,4051113.75,2443.67,4791,2472,100.6,0.026,1,gain
732815.50,4051113.75,2443.81,4714,2447,103.0,0.027,1,gain
732967.50,4051113.75,2419.15,3266,2476,246.4,0.065,1,gain
732968.50,4051113.75,2418.94,3263,2477,247.4,0.065,1,gain
732997.50,4051113.75,2414.41,3168,2476,276.0,0.073,1,gain
733073.50,4051113.75,2405.55,2995,2442,351.2,0.092,1,gain
733447.50,4051113.75,2474.87,2670,1784,719.0,0.189,1,gain
733499.50,4051113.75,2510.33,2649,1615,772.4,0.203,1,gain
732814.50,4051112.75,2443.91,4776,2448,102.8,0.027,1,gain
732965.50,4051112.75,2419.93,3289,2469,244.6,0.064,1,gain
732966.50,4051112.75,2419.78,3285,2468,245.6,0.065,1,gain
732967.50,4051112.75,2419.47,3282,2471,246.6,0.065,1,gain
732968.50,4051112.75,2419.39,3278,2470,247.6,0.065,1,gain
732970.50,4051112.75,2418.94,3271,2472,249.6,0.066,1,gain
732971.50,4051112.75,2418.79,3267,2472,250.5,0.066,1,gain
732972.50,4051112.75,2418.79,3263,2469,251.5,0.066,1,gain
732978.50,4051112.75,2417.01,3242,2482,257.5,0.068,1,gain
733073.50,4051112.75,2406.11,3006,2436,351.3,0.092,1,gain
733075.50,4051112.75,2407.05,3002,2423,353.1,0.093,1,gain
733502.50,4051112.75,2511.60,2652,1610,775.6,0.204,1,gain
732814.50,4051111.75,2444.12,4814,2439,103.3,0.027,1,gain
732969.50,4051111.75,2419.82,3289,2460,248.7,0.065,1,gain
732977.50,4051111.75,2417.87,3260,2471,256.7,0.067,0,gain
732979.50,4051111.75,2417.39,3253,2473,258.7,0.068,1,gain
732998.50,4051111.75,2414.33,3193,2474,277.4,0.073,1,gain
732999.50,4051111.75,2414.33,3190,2472,278.4,0.073,1,gain
733066.50,4051111.75,2404.48,3029,2465,344.9,0.091,1,gain
733073.50,4051111.75,2406.67,3016,2430,351.4,0.092,1,gain
733500.50,4051111.75,2511.34,2658,1610,773.6,0.203,1,gain
733501.50,4051111.75,2511.34,2658,1611,774.6,0.204,1,gain
733502.50,4051111.75,2512.01,2657,1608,775.7,0.204,1,gain
733503.50,4051111.75,2512.47,2657,1606,776.7,0.204,1,gain
733511.50,4051111.75,2514.40,2654,1599,784.8,0.206,1,gain
732814.50,4051110.75,2444.19,4851,2436,103.9,0.027,1,gain
732970.50,4051110.75,2419.88,3301,2457,249.9,0.066,1,gain
732971.50,4051110.75,2419.76,3297,2456,250.9,0.066,1,gain
732972.50,4051110.75,2419.76,3293,2454,251.8,0.066,1,gain
733068.50,4051110.75,2405.78,3037,2447,346.8,0.091,1,gain
733252.50,4051110.75,2396.69,2804,2314,528.5,0.139,1,gain
733504.50,4051110.75,2513.53,2662,1601,777.8,0.204,1,gain
733505.50,4051110.75,2513.79,2661,1600,778.8,0.205,1,gain
733510.50,4051110.75,2513.74,2659,1602,783.8,0.206,1,gain
733511.50,4051110.75,2514.35,2659,1599,784.8,0.206,1,gain
732973.50,4051109.75,2420.13,3304,2446,253.0,0.066,1,gain
732997.50,4051109.75,2414.17,3223,2478,276.9,0.073,1,gain
733221.50,4051109.75,2390.53,2839,2388,498.9,0.131,1,gain
733248.50,4051109.75,2394.55,2815,2332,525.0,0.138,1,gain
733249.50,4051109.75,2394.87,2814,2329,525.9,0.138,1,gain
733250.50,4051109.75,2395.29,2813,2325,526.8,0.138,1,gain
733251.50,4051109.75,2395.87,2812,2320,527.8,0.139,1,gain
733504.50,4051109.75,2513.42,2666,1601,777.9,0.204,1,gain
733505.50,4051109.75,2513.82,2666,1600,778.9,0.205,1,gain
732973.50,4051108.75,2420.81,3319,2435,253.1,0.067,1,gain
732974.50,4051108.75,2420.59,3316,2436,254.1,0.067,1,gain
732975.50,4051108.75,2420.34,3312,2438,255.1,0.067,1,gain
732976.50,4051108.75,2419.96,3308,2441,256.1,0.067,1,gain
733055.50,4051108.75,2405.05,3085,2477,334.6,0.088,1,gain
733072.50,4051108.75,2409.35,3051,2402,350.5,0.092,1,gain
733227.50,4051108.75,2390.36,2841,2383,504.9,0.133,1,gain
733228.50,4051108.75,2390.47,2840,2381,505.9,0.133,1,gain
733248.50,4051108.75,2394.50,2822,2333,525.1,0.138,1,gain
733249.50,4051108.75,2394.72,2821,2330,526.0,0.138,1,gain
733250.50,4051108.75,2395.08,2820,2327,527.0,0.138,1,gain
733251.50,4051108.75,2395.69,2820,2322,527.9,0.139,1,gain
733268.50,4051108.75,2404.62,2806,2246,543.7,0.143,1,gain
733504.50,4051108.75,2513.51,2671,1601,778.0,0.204,1,gain
733505.50,4051108.75,2513.83,2671,1600,779.0,0.205,1,gain
733506.50,4051108.75,2514.15,2671,1599,780.0,0.205,1,gain
733514.50,4051108.75,2516.09,2667,1592,788.1,0.207,1,gain
732807.50,4051107.75,2444.75,5177,2460,100.1,0.026,1,gain
732976.50,4051107.75,2420.42,3323,2434,256.3,0.067,1,gain
732977.50,4051107.75,2420.15,3319,2436,257.3,0.068,1,gain
733226.50,4051107.75,2390.30,2849,2384,504.1,0.132,1,gain
733227.50,4051107.75,2390.42,2848,2382,505.1,0.133,1,gain
733228.50,4051107.75,2390.51,2847,2380,506.0,0.133,1,gain
733229.50,4051107.75,2390.67,2846,2378,507.0,0.133,1,gain
733230.50,4051107.75,2390.92,2846,2375,507.9,0.133,1,gain
733232.50,4051107.75,2390.75,2844,2375,509.9,0.134,1,gain
733247.50,4051107.75,2394.03,2830,2337,524.3,0.138,1,gain
733248.50,4051107.75,2394.65,2829,2332,525.2,0.138,1,gain
733250.50,4051107.75,2395.18,2828,2326,527.1,0.139,1,gain
733251.50,4051107.75,2395.78,2827,2321,528.0,0.139,1,gain
733285.50,4051107.75,2409.91,2799,2199,560.2,0.147,1,gain
733507.50,4051107.75,2514.43,2675,1598,781.1,0.205,0,gain
733514.50,4051107.75,2516.25,2672,1591,788.2,0.207,1,gain
732973.50,4051106.75,2421.51,3349,2424,253.5,0.067,1,gain
732975.50,4051106.75,2421.17,3341,2425,255.5,0.067,1,gain
732976.50,4051106.75,2420.92,3337,2426,256.5,0.067,1,gain
732977.50,4051106.75,2420.61,3334,2429,257.5,0.068,1,gain
732978.50,4051106.75,2420.31,3330,2431,258.5,0.068,1,gain
733008.50,4051106.75,2412.19,3229,2480,288.5,0.076,1,gain
733011.50,4051106.75,2412.18,3220,2474,291.4,0.077,1,gain
733227.50,4051106.75,2390.58,2856,2381,505.2,0.133,1,gain
733228.50,4051106.75,2390.70,2855,2379,506.1,0.133,1,gain
733244.50,4051106.75,2393.36,2840,2344,521.5,0.137,1,gain
733245.50,4051106.75,2394.03,2839,2339,522.4,0.137,1,gain
733251.50,4051106.75,2395.97,2834,2319,528.1,0.139,1,gain
733272.50,4051106.75,2405.89,2816,2234,547.8,0.144,1,gain
733514.50,4051106.75,2516.39,2677,1591,788.3,0.207,1,gain
732976.50,4051105.75,2421.32,3352,2420,256.7,0.067,1,gain
732978.50,4051105.75,2420.79,3344,2424,258.6,0.068,1,gain
733009.50,4051105.75,2412.10,3239,2479,289.7,0.076,1,gain
733011.50,4051105.75,2412.32,3233,2472,291.6,0.077,1,gain
733012.50,4051105.75,2412.39,3230,2469,292.5,0.077,1,gain
733013.50,4051105.75,2411.96,3227,2472,293.6,0.077,1,gain
732979.50,4051104.75,2421.06,3355,2417,259.8,0.068,1,gain
733008.50,4051104.75,2412.37,3255,2477,288.9,0.076,1,gain
733010.50,4051104.75,2412.27,3248,2474,290.9,0.076,1,gain
733013.50,4051104.75,2411.77,3239,2475,293.8,0.077,1,gain
733056.50,4051104.75,2407.61,3128,2445,336.0,0.088,1,gain
733229.50,4051104.75,2391.52,2869,2371,507.3,0.133,1,gain
733230.50,4051104.75,2391.74,2868,2369,508.2,0.134,1,gain
733502.50,4051104.75,2513.42,2692,1601,776.3,0.204,1,gain
733009.50,4051103.75,2412.63,3264,2471,290.1,0.076,1,gain
733228.50,4051103.75,2391.78,2877,2370,506.4,0.133,1,gain
733229.50,4051103.75,2391.96,2876,2368,507.3,0.133,1,gain
733248.50,4051103.75,2394.99,2858,2329,525.6,0.138,1,gain
733249.50,4051103.75,2395.16,2857,2327,526.6,0.138,1,gain
733250.50,4051103.75,2395.69,2856,2322,527.5,0.139,1,gain
733057.50,4051102.75,2408.54,3148,2433,337.2,0.089,1,gain
733058.50,4051102.75,2408.54,3146,2431,338.2,0.089,1,gain
733057.50,4051101.75,2408.96,3159,2428,337.3,0.089,1,gain
733058.50,4051101.75,2408.96,3157,2426,338.3,0.089,1,gain
733244.50,4051101.75,2395.78,2876,2326,521.9,0.137,1,gain
733245.50,4051101.75,2395.78,2875,2325,522.9,0.137,1,gain
733513.50,4051101.75,2516.79,2702,1588,787.8,0.207,1,gain
733051.50,4051100.75,2407.81,3184,2450,331.9,0.087,1,gain
733059.50,4051100.75,2409.52,3166,2418,339.4,0.089,1,gain
733074.50,4051100.75,2412.20,3132,2366,353.6,0.093,1,gain
733513.50,4051100.75,2516.79,2706,1588,787.8,0.207,1,gain
733049.50,4051099.75,2407.01,3201,2463,330.3,0.087,1,gain
733052.50,4051099.75,2408.51,3193,2440,333.0,0.088,1,gain
733055.50,4051099.75,2409.26,3186,2427,335.8,0.088,1,gain
733059.50,4051099.75,2409.88,3177,2414,339.6,0.089,1,gain
732808.50,4051098.75,2445.60,5508,2418,106.7,0.028,1,gain
733053.50,4051098.75,2409.45,3202,2428,334.0,0.088,1,gain
733060.50,4051098.75,2410.61,3185,2404,340.6,0.090,1,gain
733062.50,4051098.75,2411.37,3181,2392,342.5,0.090,1,gain
733063.50,4051098.75,2411.21,3178,2392,343.5,0.090,1,gain
733048.50,4051097.75,2405.78,3226,2478,330.0,0.087,0,gain
733049.50,4051097.75,2407.33,3223,2458,330.7,0.087,1,gain
733062.50,4051097.75,2411.52,3192,2390,342.7,0.090,1,gain
733063.50,4051097.75,2411.90,3189,2385,343.6,0.090,1,gain
733065.50,4051097.75,2411.85,3185,2382,345.5,0.091,1,gain
733066.50,4051097.75,2411.85,3182,2381,346.5,0.091,1,gain
733051.50,4051096.75,2409.18,3230,2434,332.6,0.087,1,gain
733072.50,4051096.75,2412.55,3179,2364,352.4,0.093,1,gain
733509.50,4051096.75,2515.87,2728,1592,784.2,0.206,0,gain
733511.50,4051096.75,2516.10,2727,1591,786.2,0.207,1,gain
733053.50,4051095.75,2410.53,3236,2415,334.5,0.088,1,gain
733063.50,4051095.75,2412.19,3211,2381,344.0,0.090,1,gain
733072.50,4051095.75,2412.74,3190,2362,352.6,0.093,1,gain
733073.50,4051095.75,2413.04,3187,2358,353.5,0.093,1,gain
733074.50,4051095.75,2413.46,3185,2352,354.5,0.093,1,gain
733075.50,4051095.75,2413.46,3183,2350,355.4,0.093,1,gain
733509.50,4051095.75,2516.03,2733,1591,784.3,0.206,0,gain
733510.50,4051095.75,2516.08,2732,1591,785.3,0.206,1,gain
733512.50,4051095.75,2516.84,2731,1588,787.3,0.207,1,gain
733513.50,4051095.75,2517.45,2731,1585,788.4,0.207,1,gain
733514.50,4051095.75,2518.03,2730,1583,789.4,0.207,1,gain
733053.50,4051094.75,2411.26,3247,2406,334.7,0.088,1,gain
733054.50,4051094.75,2411.52,3245,2402,335.6,0.088,1,gain
733058.50,4051094.75,2412.02,3234,2390,339.4,0.089,1,gain
733495.50,4051094.75,2510.27,2744,1614,770.1,0.202,1,gain
733498.50,4051094.75,2511.73,2743,1608,773.1,0.203,0,gain
733051.50,4051093.75,2410.26,3263,2421,333.1,0.088,1,gain
733054.50,4051093.75,2411.86,3256,2398,335.8,0.088,1,gain
733057.50,4051093.75,2412.26,3248,2389,338.6,0.089,1,gain
733058.50,4051093.75,2412.42,3245,2385,339.6,0.089,1,gain
733059.50,4051093.75,2412.59,3243,2382,340.5,0.089,1,gain
733072.50,4051093.75,2413.92,3211,2349,352.9,0.093,1,gain
733073.50,4051093.75,2414.07,3209,2346,353.8,0.093,1,gain
733075.50,4051093.75,2414.47,3204,2339,355.7,0.093,1,gain
733491.50,4051093.75,2505.77,2751,1635,765.9,0.201,1,gain
733492.50,4051093.75,2506.45,2751,1632,766.9,0.202,1,gain
733507.50,4051093.75,2516.21,2743,1589,782.5,0.206,1,gain
733060.50,4051092.75,2413.31,3251,2372,341.6,0.090,1,gain
733066.50,4051092.75,2414.17,3236,2354,347.3,0.091,1,gain
733073.50,4051092.75,2414.63,3219,2340,354.0,0.093,1,gain
733074.50,4051092.75,2414.84,3217,2336,354.9,0.093,1,gain
733075.50,4051092.75,2414.84,3214,2335,355.9,0.094,1,gain
733078.50,4051092.75,2415.23,3207,2327,358.8,0.094,1,gain
733513.50,4051092.75,2518.02,2745,1583,788.7,0.207,1,gain
733514.50,4051092.75,2518.53,2745,1581,789.7,0.208,1,gain
733070.50,4051091.75,2414.70,3237,2343,351.3,0.092,1,gain
733072.50,4051091.75,2415.10,3232,2336,353.2,0.093,1,gain
733084.50,4051091.75,2415.30,3204,2319,364.8,0.096,1,gain
733085.50,4051091.75,2415.05,3202,2320,365.8,0.096,1,gain
733505.50,4051091.75,2516.19,2754,1589,780.7,0.205,1,gain
733506.50,4051091.75,2516.19,2753,1589,781.7,0.205,1,gain
733513.50,4051091.75,2518.33,2750,1581,788.8,0.207,1,gain
733514.50,4051091.75,2518.78,2749,1579,789.8,0.208,1,gain
733047.50,4051090.75,2408.30,3308,2449,330.3,0.087,1,gain
733048.50,4051090.75,2408.30,3305,2447,331.2,0.087,1,gain
733049.50,4051090.75,2409.59,3303,2431,332.0,0.087,1,gain
733051.50,4051090.75,2411.02,3297,2411,333.7,0.088,1,gain
733083.50,4051090.75,2415.65,3217,2316,364.0,0.096,1,gain
733084.50,4051090.75,2415.53,3214,2316,365.0,0.096,1,gain
733085.50,4051090.75,2415.36,3212,2317,366.0,0.096,1,gain
733087.50,4051090.75,2414.82,3207,2320,368.0,0.097,1,gain
733088.50,4051090.75,2414.58,3205,2321,369.0,0.097,1,gain
733505.50,4051090.75,2516.31,2759,1588,780.8,0.205,1,gain
733506.50,4051090.75,2516.31,2758,1589,781.8,0.205,1,gain
733507.50,4051090.75,2516.67,2758,1587,782.8,0.206,1,gain
733047.50,4051089.75,2408.88,3319,2442,330.4,0.087,1,gain
733048.50,4051089.75,2408.88,3316,2440,331.4,0.087,1,gain
733049.50,4051089.75,2410.29,3314,2422,332.1,0.087,1,gain
733051.50,4051089.75,2411.47,3308,2406,333.9,0.088,1,gain
733076.50,4051089.75,2415.99,3244,2321,357.4,0.094,1,gain
733077.50,4051089.75,2416.12,3241,2318,358.4,0.094,1,gain
733088.50,4051089.75,2415.03,3215,2316,369.1,0.097,1,gain
733089.50,4051089.75,2414.90,3213,2317,370.1,0.097,1,gain
733515.50,4051089.75,2518.88,2759,1579,791.0,0.208,0,gain
733516.50,4051089.75,2519.94,2758,1575,792.1,0.208,1,gain
733051.50,4051088.75,2411.75,3320,2402,334.1,0.088,1,gain
733089.50,4051088.75,2415.47,3223,2311,370.3,0.097,1,gain
733516.50,4051088.75,2519.93,2763,1575,792.2,0.208,1,gain
732962.50,4051087.75,2427.79,3681,2343,247.9,0.065,1,gain
732964.50,4051087.75,2427.73,3671,2340,249.7,0.066,1,gain
733050.50,4051087.75,2411.65,3334,2405,333.4,0.088,1,gain
733051.50,4051087.75,2412.12,3331,2398,334.3,0.088,1,gain
733076.50,4051087.75,2416.84,3264,2312,357.8,0.094,1,gain
733077.50,4051087.75,2416.84,3262,2310,358.7,0.094,1,gain
733089.50,4051087.75,2416.17,3233,2303,370.4,0.097,1,gain
733498.50,4051087.75,2511.93,2777,1607,773.9,0.203,1,gain
733499.50,4051087.75,2512.57,2777,1605,774.9,0.204,1,gain
732961.50,4051086.75,2428.33,3702,2336,247.2,0.065,1,gain
733048.50,4051086.75,2410.43,3350,2422,331.9,0.087,1,gain
733049.50,4051086.75,2411.65,3348,2406,332.7,0.087,1,gain
733050.50,4051086.75,2412.13,3345,2399,333.6,0.088,1,gain
733058.50,4051086.75,2414.90,3322,2356,340.9,0.090,1,gain
733467.50,4051086.75,2496.28,2800,1677,742.3,0.195,1,gain
733494.50,4051086.75,2509.30,2784,1619,769.8,0.202,1,gain
733495.50,4051086.75,2510.31,2784,1614,770.9,0.203,1,gain
733498.50,4051086.75,2511.88,2782,1608,774.0,0.203,1,gain
733078.50,4051085.75,2417.61,3280,2301,360.1,0.095,1,gain
733079.50,4051085.75,2417.56,3278,2300,361.0,0.095,1,gain
733081.50,4051085.75,2417.63,3273,2297,363.0,0.095,1,gain
733083.50,4051085.75,2417.41,3268,2297,364.9,0.096,1,gain
733466.50,4051085.75,2496.44,2806,1676,741.4,0.195,1,gain
733467.50,4051085.75,2496.28,2805,1677,742.4,0.195,1,gain
732947.50,4051084.75,2430.21,3814,2332,234.7,0.062,1,gain
733079.50,4051084.75,2417.56,3288,2300,361.3,0.095,1,gain
733465.50,4051084.75,2496.86,2811,1673,740.6,0.195,1,gain
733501.50,4051084.75,2513.71,2790,1600,777.3,0.204,1,gain
733504.50,4051084.75,2516.03,2789,1589,780.5,0.205,1,gain
733505.50,4051084.75,2516.03,2788,1590,781.4,0.205,1,gain
733506.50,4051084.75,2516.43,2787,1588,782.5,0.206,1,gain
733507.50,4051084.75,2516.80,2787,1587,783.5,0.206,1,gain
732942.50,4051083.75,2429.57,3861,2352,230.5,0.061,1,gain
733079.50,4051083.75,2418.51,3298,2290,361.4,0.095,1,gain
733463.50,4051083.75,2495.03,2818,1682,738.6,0.194,1,gain
733507.50,4051083.75,2516.64,2792,1588,783.6,0.206,1,gain
733516.50,4051083.75,2520.79,2787,1571,792.8,0.208,1,gain
732970.50,4051082.75,2428.40,3712,2317,257.0,0.068,1,gain
733495.50,4051082.75,2509.60,2803,1618,771.3,0.203,1,gain
733512.50,4051082.75,2518.84,2794,1579,788.8,0.207,1,gain
733513.50,4051082.75,2518.84,2793,1579,789.8,0.208,1,gain
733514.50,4051082.75,2519.48,2793,1576,790.8,0.208,1,gain
732970.50,4051081.75,2428.44,3727,2316,257.3,0.068,1,gain
733507.50,4051081.75,2516.73,2801,1587,783.8,0.206,1,gain
733509.50,4051081.75,2517.83,2800,1583,785.9,0.207,1,gain
733511.50,4051081.75,2518.93,2799,1578,787.9,0.207,1,gain
733513.50,4051081.75,2519.29,2798,1577,790.0,0.208,1,gain
733514.50,4051081.75,2519.71,2798,1575,791.0,0.208,1,gain
732938.50,4051080.75,2429.02,3936,2369,228.1,0.060,1,gain
733504.50,4051080.75,2514.81,2808,1595,780.8,0.205,1,gain
733515.50,4051080.75,2520.18,2802,1573,792.1,0.208,1,gain
733071.50,4051079.75,2419.61,3361,2286,354.6,0.093,1,gain
733083.50,4051079.75,2419.66,3329,2272,366.1,0.096,1,gain
733089.50,4051079.75,2419.40,3314,2269,371.9,0.098,1,gain
733090.50,4051079.75,2419.40,3311,2268,372.9,0.098,1,gain
733096.50,4051079.75,2418.34,3296,2272,378.8,0.100,1,gain
733498.50,4051079.75,2511.80,2816,1608,774.8,0.204,1,gain
733500.50,4051079.75,2513.04,2815,1603,776.8,0.204,1,gain
733501.50,4051079.75,2513.57,2815,1601,777.9,0.204,1,gain
733516.50,4051079.75,2520.91,2806,1570,793.3,0.208,1,gain
732973.50,4051078.75,2429.10,3753,2300,261.1,0.069,1,gain
733086.50,4051078.75,2419.90,3331,2266,369.2,0.097,1,gain
733097.50,4051078.75,2418.74,3304,2267,380.0,0.100,1,gain
733098.50,4051078.75,2418.74,3301,2266,380.9,0.100,1,gain
733395.50,4051078.75,2450.17,2892,1917,670.9,0.176,1,gain
733501.50,4051078.75,2513.44,2820,1601,778.0,0.204,1,gain
733503.50,4051078.75,2514.62,2818,1596,780.0,0.205,1,gain
733504.50,4051078.75,2514.62,2818,1596,781.0,0.205,0,gain
733505.50,4051078.75,2515.79,2817,1591,782.1,0.206,1,gain
733516.50,4051078.75,2520.90,2811,1570,793.4,0.208,1,gain
733517.50,4051078.75,2521.39,2810,1568,794.4,0.209,1,gain
733084.50,4051077.75,2420.24,3347,2265,367.5,0.097,1,gain
733085.50,4051077.75,2420.28,3344,2263,368.5,0.097,1,gain
733097.50,4051077.75,2419.24,3313,2262,380.2,0.100,1,gain
733098.50,4051077.75,2419.24,3311,2261,381.1,0.100,1,gain
733501.50,4051077.75,2513.37,2824,1602,778.1,0.204,1,gain
733502.50,4051077.75,2513.89,2824,1599,779.1,0.205,1,gain
733503.50,4051077.75,2513.89,2823,1600,780.1,0.205,1,gain
733504.50,4051077.75,2514.55,2823,1597,781.2,0.205,1,gain
733505.50,4051077.75,2515.59,2822,1592,782.2,0.206,1,gain
733516.50,4051077.75,2520.84,2816,1571,793.5,0.209,1,gain
733517.50,4051077.75,2521.26,2815,1569,794.5,0.209,1,gain
733518.50,4051077.75,2521.93,2814,1566,795.6,0.209,1,gain
733085.50,4051076.75,2420.28,3354,2263,368.7,0.097,1,gain
733086.50,4051076.75,2420.44,3352,2260,369.7,0.097,1,gain
733504.50,4051076.75,2514.55,2827,1597,781.3,0.205,1,gain
733505.50,4051076.75,2515.59,2827,1592,782.3,0.206,1,gain
733515.50,4051076.75,2520.18,2821,1574,792.6,0.208,1,gain
733516.50,4051076.75,2520.84,2820,1571,793.6,0.209,1,gain
733517.50,4051076.75,2521.26,2820,1569,794.6,0.209,1,gain
733087.50,4051075.75,2421.04,3359,2253,370.9,0.097,1,gain
733088.50,4051075.75,2420.98,3356,2253,371.8,0.098,1,gain
733221.50,4051075.75,2396.81,3095,2336,503.4,0.132,1,gain
733517.50,4051075.75,2521.17,2825,1570,794.8,0.209,0,gain
733086.50,4051074.75,2421.53,3372,2249,370.1,0.097,1,gain
733516.50,4051074.75,2521.08,2830,1570,793.9,0.209,1,gain
733517.50,4051074.75,2521.33,2829,1569,794.9,0.209,1,gain
733086.50,4051073.75,2421.95,3382,2244,370.3,0.097,1,gain
733087.50,4051073.75,2421.90,3379,2244,371.3,0.098,1,gain
733089.50,4051073.75,2421.85,3374,2242,373.2,0.098,1,gain
733092.50,4051073.75,2421.87,3366,2239,376.1,0.099,1,gain
733512.50,4051073.75,2518.23,2837,1582,789.8,0.208,1,gain
733513.50,4051073.75,2518.63,2837,1580,790.8,0.208,1,gain
733514.50,4051073.75,2519.29,2836,1578,791.9,0.208,1,gain
733515.50,4051073.75,2519.98,2835,1575,792.9,0.208,1,gain
733081.50,4051072.75,2422.88,3406,2239,365.7,0.096,1,gain
733082.50,4051072.75,2422.86,3403,2239,366.7,0.096,1,gain
733083.50,4051072.75,2422.88,3400,2237,367.6,0.097,1,gain
733087.50,4051072.75,2422.60,3389,2236,371.5,0.098,1,gain
733089.50,4051072.75,2422.63,3384,2234,373.4,0.098,1,gain
733090.50,4051072.75,2422.64,3381,2233,374.4,0.098,1,gain
733093.50,4051072.75,2422.56,3373,2231,377.2,0.099,1,gain
733094.50,4051072.75,2422.48,3370,2231,378.2,0.099,1,gain
733095.50,4051072.75,2422.37,3368,2231,379.2,0.100,1,gain
733096.50,4051072.75,2422.19,3365,2232,380.2,0.100,1,gain
733097.50,4051072.75,2422.19,3362,2231,381.1,0.100,1,gain
733098.50,4051072.75,2421.96,3360,2233,382.1,0.100,1,gain
733080.50,4051071.75,2423.22,3419,2237,365.0,0.096,1,gain
733081.50,4051071.75,2423.25,3416,2235,365.9,0.096,1,gain
733083.50,4051071.75,2423.27,3410,2233,367.8,0.097,1,gain
733084.50,4051071.75,2423.24,3408,2233,368.8,0.097,1,gain
733080.50,4051070.75,2423.62,3429,2232,365.2,0.096,1,gain
733081.50,4051070.75,2423.65,3426,2231,366.2,0.096,1,gain
733082.50,4051070.75,2423.76,3423,2229,367.1,0.096,1,gain
733083.50,4051070.75,2423.67,3420,2229,368.1,0.097,1,gain
733086.50,4051070.75,2423.69,3412,2226,371.0,0.097,1,gain
733087.50,4051070.75,2423.65,3409,2225,371.9,0.098,1,gain
733078.50,4051069.75,2423.69,3445,2233,363.6,0.096,1,gain
733079.50,4051069.75,2423.69,3442,2232,364.5,0.096,1,gain
733080.50,4051069.75,2424.11,3439,2227,365.4,0.096,1,gain
733083.50,4051069.75,2424.00,3431,2225,368.3,0.097,1,gain
733090.50,4051069.75,2424.19,3411,2217,375.0,0.099,1,gain
733560.50,4051069.75,2548.05,2827,1463,840.5,0.221,1,gain
733081.50,4051068.75,2424.13,3446,2226,366.7,0.096,1,gain
733145.50,4051068.75,2412.16,3285,2280,429.4,0.113,1,gain
733004.50,4051067.75,2425.79,3744,2296,294.1,0.077,1,gain
733005.50,4051067.75,2425.31,3739,2301,295.1,0.078,1,gain
733145.50,4051067.75,2412.68,3294,2275,429.6,0.113,0,gain
733146.50,4051067.75,2412.97,3292,2272,430.5,0.113,1,gain
733004.50,4051066.75,2426.16,3756,2291,294.4,0.077,1,gain
733005.50,4051066.75,2425.71,3751,2295,295.4,0.078,1,gain
733006.50,4051066.75,2425.48,3747,2297,296.4,0.078,1,gain
733007.50,4051066.75,2425.23,3742,2298,297.3,0.078,1,gain
733077.50,4051066.75,2425.00,3479,2220,363.3,0.095,1,gain
733482.50,4051066.75,2508.04,2891,1622,760.3,0.200,1,gain
733002.50,4051065.75,2426.80,3778,2285,292.9,0.077,1,gain
733004.50,4051065.75,2426.49,3769,2286,294.7,0.077,1,gain
733006.50,4051065.75,2425.81,3759,2292,296.7,0.078,1,gain
733008.50,4051065.75,2425.49,3750,2293,298.6,0.078,1,gain
733062.50,4051065.75,2423.50,3537,2251,349.5,0.092,1,gain
733078.50,4051065.75,2425.42,3486,2214,364.5,0.096,1,gain
733079.50,4051065.75,2425.42,3483,2213,365.5,0.096,1,gain
733083.50,4051065.75,2425.30,3471,2211,369.3,0.097,1,gain
732947.50,4051064.75,2433.06,4123,2277,242.5,0.064,1,gain
733003.50,4051064.75,2427.00,3786,2280,294.1,0.077,1,gain
733009.50,4051064.75,2425.48,3757,2292,299.8,0.079,1,gain
733080.50,4051063.75,2426.16,3500,2204,367.0,0.096,1,gain
733084.50,4051063.75,2426.26,3488,2200,370.8,0.097,1,gain
732952.50,4051062.75,2434.76,4117,2241,247.6,0.065,1,gain
733080.50,4051062.75,2426.61,3510,2200,367.2,0.096,1,gain
733451.50,4051062.75,2489.06,2934,1711,729.2,0.192,1,gain
733081.50,4051061.75,2427.54,3517,2189,368.4,0.097,1,gain
733489.50,4051061.75,2514.33,2910,1593,768.4,0.202,1,gain
732951.50,4051060.75,2434.94,4154,2239,247.6,0.065,1,gain
732996.50,4051060.75,2428.97,3872,2262,288.9,0.076,1,gain
733079.50,4051060.75,2427.98,3534,2186,366.8,0.096,1,gain
733084.50,4051060.75,2428.00,3518,2181,371.5,0.098,1,gain
733086.50,4051060.75,2428.00,3512,2180,373.4,0.098,1,gain
733087.50,4051060.75,2428.00,3509,2179,374.4,0.098,1,gain
733486.50,4051060.75,2512.88,2918,1599,765.5,0.201,1,gain
733488.50,4051060.75,2513.84,2916,1595,767.5,0.202,1,gain
733489.50,4051060.75,2514.33,2915,1593,768.5,0.202,1,gain
732943.50,4051059.75,2433.21,4230,2280,241.1,0.063,1,gain
732952.50,4051059.75,2435.35,4161,2231,248.9,0.065,1,gain
733019.50,4051059.75,2426.84,3772,2260,310.8,0.082,1,gain
733082.50,4051059.75,2428.48,3534,2178,369.9,0.097,1,gain
733084.50,4051058.75,2428.66,3538,2174,372.1,0.098,1,gain
733457.50,4051058.75,2494.44,2950,1684,736.0,0.193,1,gain
732948.50,4051057.75,2434.98,4221,2242,246.3,0.065,1,gain
733023.50,4051057.75,2426.14,3777,2263,315.3,0.083,1,gain
733085.50,4051057.75,2429.21,3545,2168,373.3,0.098,1,gain
732949.50,4051056.75,2435.83,4229,2226,247.6,0.065,1,gain
733015.50,4051056.75,2428.62,3826,2242,308.0,0.081,1,gain
733455.50,4051056.75,2493.95,2962,1686,734.3,0.193,1,gain
733456.50,4051056.75,2494.73,2961,1682,735.4,0.193,1,gain
733477.50,4051056.75,2510.13,2944,1610,757.0,0.199,1,gain
732902.50,4051055.75,2437.26,4700,2285,207.7,0.055,1,gain
732903.50,4051055.75,2437.04,4688,2287,208.5,0.055,1,gain
732904.50,4051055.75,2436.78,4676,2290,209.4,0.055,1,gain
732949.50,4051055.75,2436.13,4243,2221,248.0,0.065,1,gain
732950.50,4051055.75,2436.30,4236,2217,248.9,0.065,1,gain
733454.50,4051055.75,2494.37,2968,1684,733.5,0.193,1,gain
732904.50,4051054.75,2436.94,4694,2287,209.9,0.055,1,gain
732905.50,4051054.75,2436.61,4682,2291,210.8,0.055,1,gain
732999.50,4051054.75,2431.52,3932,2223,293.8,0.077,1,gain
733000.50,4051054.75,2431.45,3927,2222,294.7,0.077,1,gain
733008.50,4051054.75,2430.49,3885,2226,302.1,0.079,1,gain
733060.50,4051054.75,2426.65,3660,2216,350.8,0.092,1,gain
733062.50,4051054.75,2427.93,3653,2200,352.6,0.093,1,gain
733082.50,4051054.75,2430.23,3584,2159,371.3,0.098,1,gain
732906.50,4051053.75,2436.57,4688,2289,212.1,0.056,1,gain
732950.50,4051053.75,2436.75,4265,2209,249.8,0.066,1,gain
732953.50,4051053.75,2437.21,4242,2198,252.4,0.066,1,gain
733020.50,4051053.75,2428.37,3838,2238,313.7,0.082,1,gain
733021.50,4051053.75,2428.21,3833,2239,314.7,0.083,1,gain
733022.50,4051053.75,2428.09,3829,2239,315.6,0.083,1,gain
733058.50,4051053.75,2426.46,3678,2220,349.3,0.092,1,gain
733083.50,4051053.75,2430.60,3591,2154,372.5,0.098,1,gain
733084.50,4051053.75,2430.58,3587,2154,373.4,0.098,1,gain
733447.50,4051053.75,2489.89,2984,1706,726.7,0.191,1,gain
733448.50,4051053.75,2490.31,2983,1704,727.7,0.191,1,gain
732907.50,4051052.75,2436.72,4694,2284,213.5,0.056,1,gain
732952.50,4051052.75,2437.42,4265,2195,251.9,0.066,1,gain
732953.50,4051052.75,2437.42,4257,2194,252.8,0.066,1,gain
733020.50,4051052.75,2428.78,3850,2233,314.1,0.083,1,gain
733021.50,4051052.75,2428.66,3845,2233,315.0,0.083,1,gain
733058.50,4051052.75,2426.68,3688,2217,349.6,0.092,1,gain
733063.50,4051052.75,2429.30,3670,2184,354.1,0.093,1,gain
733065.50,4051052.75,2430.03,3663,2174,355.9,0.094,1,gain
733083.50,4051052.75,2430.89,3601,2151,372.8,0.098,1,gain
733084.50,4051052.75,2430.98,3597,2149,373.7,0.098,1,gain
733404.50,4051052.75,2460.04,3028,1861,683.8,0.180,1,gain
732951.50,4051051.75,2437.26,4287,2199,251.5,0.066,1,gain
733058.50,4051051.75,2427.19,3699,2211,349.9,0.092,1,gain
733084.50,4051051.75,2431.23,3607,2147,374.0,0.098,1,gain
733085.50,4051051.75,2431.23,3604,2146,375.0,0.099,1,gain
733086.50,4051051.75,2431.22,3601,2145,375.9,0.099,1,gain
733404.50,4051051.75,2460.12,3034,1861,684.0,0.180,1,gain
733726.50,4051051.75,2660.36,2816,1104,1022.8,0.269,1,gain
732953.50,4051050.75,2437.56,4286,2191,253.7,0.067,1,gain
733006.50,4051050.75,2431.52,3944,2213,301.8,0.079,1,gain
733062.50,4051050.75,2430.13,3695,2175,353.7,0.093,1,gain
733084.50,4051050.75,2432.25,3617,2136,374.3,0.098,1,gain
733472.50,4051050.75,2507.19,2978,1623,752.8,0.198,1,gain
732953.50,4051049.75,2437.56,4300,2191,254.2,0.067,1,gain
733056.50,4051049.75,2427.59,3728,2208,348.7,0.092,1,gain
733057.50,4051049.75,2428.05,3724,2202,349.6,0.092,1,gain
733058.50,4051049.75,2428.05,3720,2201,350.5,0.092,1,gain
733062.50,4051049.75,2430.57,3705,2170,354.0,0.093,1,gain
733450.50,4051049.75,2491.37,3002,1699,730.4,0.192,1,gain
733458.50,4051049.75,2496.55,2995,1674,738.5,0.194,1,gain
733478.50,4051049.75,2512.62,2978,1598,759.2,0.200,1,gain
732952.50,4051048.75,2437.61,4323,2191,253.8,0.067,1,gain
732955.50,4051048.75,2438.03,4299,2181,256.4,0.067,1,gain
732957.50,4051048.75,2439.12,4284,2161,258.1,0.068,1,gain
733007.50,4051048.75,2433.37,3964,2188,303.3,0.080,1,gain
733056.50,4051048.75,2427.90,3738,2205,349.0,0.092,1,gain
733062.50,4051048.75,2430.85,3716,2167,354.4,0.093,1,gain
733452.50,4051048.75,2492.26,3005,1694,732.6,0.193,1,gain
733457.50,4051048.75,2495.25,3001,1680,737.7,0.194,1,gain
733468.50,4051048.75,2504.98,2991,1633,749.0,0.197,1,gain
733474.50,4051048.75,2509.11,2986,1614,755.2,0.198,1,gain
732952.50,4051047.75,2438.42,4338,2178,254.2,0.067,1,gain
732953.50,4051047.75,2438.44,4330,2177,255.1,0.067,1,gain
732954.50,4051047.75,2438.49,4322,2175,256.0,0.067,1,gain
732958.50,4051047.75,2439.44,4291,2155,259.4,0.068,1,gain
733006.50,4051047.75,2433.27,3981,2190,302.8,0.080,1,gain
733008.50,4051047.75,2433.46,3970,2185,304.6,0.080,1,gain
733056.50,4051047.75,2427.90,3749,2204,349.4,0.092,1,gain
733057.50,4051047.75,2428.09,3745,2201,350.3,0.092,1,gain
733080.50,4051047.75,2433.20,3660,2128,371.4,0.098,1,gain
733462.50,4051047.75,2500.51,3002,1654,743.0,0.195,1,gain
732958.50,4051046.75,2439.71,4305,2151,259.9,0.068,1,gain
733011.50,4051046.75,2433.31,3966,2184,307.8,0.081,1,gain
733014.50,4051046.75,2433.39,3951,2180,310.5,0.082,1,gain
733056.50,4051046.75,2428.09,3759,2202,349.7,0.092,1,gain
733062.50,4051046.75,2431.63,3736,2158,355.0,0.093,1,gain
733075.50,4051046.75,2433.14,3688,2132,367.1,0.096,1,gain
733350.50,4051046.75,2452.62,3120,1905,631.9,0.166,1,gain
733470.50,4051046.75,2505.93,3000,1629,751.4,0.197,1,gain
733471.50,4051046.75,2506.66,2999,1626,752.4,0.198,1,gain
733492.50,4051046.75,2520.18,2982,1566,774.1,0.203,1,gain
732952.50,4051045.75,2439.21,4367,2165,255.2,0.067,1,gain
732957.50,4051045.75,2439.99,4327,2147,259.4,0.068,1,gain
733468.50,4051045.75,2503.89,3007,1639,749.5,0.197,1,gain
733471.50,4051045.75,2505.62,3004,1631,752.5,0.198,1,gain
733473.50,4051045.75,2508.45,3002,1617,754.7,0.198,1,gain
733477.50,4051045.75,2511.93,2999,1601,758.9,0.199,1,gain
733491.50,4051045.75,2519.92,2987,1567,773.2,0.203,1,gain
733492.50,4051045.75,2520.64,2986,1563,774.3,0.203,1,gain
732959.50,4051044.75,2440.39,4326,2138,261.7,0.069,1,gain
733057.50,4051044.75,2428.48,3776,2196,351.3,0.092,1,gain
733058.50,4051044.75,2429.05,3772,2189,352.2,0.093,1,gain
733063.50,4051044.75,2432.35,3753,2149,356.6,0.094,1,gain
733080.50,4051044.75,2434.30,3690,2116,372.4,0.098,1,gain
733082.50,4051044.75,2434.86,3683,2109,374.2,0.098,1,gain
733296.50,4051044.75,2430.91,3203,2050,580.1,0.152,1,gain
733483.50,4051044.75,2515.62,2999,1585,765.2,0.201,1,gain
733491.50,4051044.75,2520.00,2992,1566,773.4,0.203,1,gain
732882.50,4051043.75,2443.37,5222,2199,198.4,0.052,1,gain
733058.50,4051043.75,2429.08,3783,2189,352.5,0.093,1,gain
733081.50,4051043.75,2434.98,3697,2109,373.6,0.098,1,gain
733272.50,4051043.75,2422.26,3245,2116,557.4,0.146,1,gain
733060.50,4051042.75,2430.31,3785,2173,354.7,0.093,1,gain
733064.50,4051042.75,2433.61,3770,2134,358.1,0.094,1,gain
733081.50,4051042.75,2435.27,3706,2105,373.9,0.098,1,gain
733082.50,4051042.75,2435.37,3703,2104,374.8,0.098,1,gain
733099.50,4051042.75,2434.92,3645,2098,390.9,0.103,1,gain
733290.50,4051042.75,2431.37,3224,2049,574.6,0.151,1,gain
733356.50,4051042.75,2457.84,3137,1873,638.5,0.168,1,gain
733490.50,4051042.75,2519.85,3003,1567,772.7,0.203,1,gain
732884.50,4051041.75,2443.81,5229,2185,201.2,0.053,1,gain
732948.50,4051041.75,2440.47,4459,2149,253.6,0.067,1,gain
732960.50,4051041.75,2441.48,4360,2120,263.9,0.069,1,gain
733287.50,4051041.75,2431.64,3235,2048,571.9,0.150,1,gain
733289.50,4051041.75,2431.91,3232,2045,573.9,0.151,1,gain
732884.50,4051040.75,2443.81,5249,2185,201.8,0.053,1,gain
732885.50,4051040.75,2443.75,5232,2184,202.6,0.053,1,gain
732948.50,4051040.75,2440.84,4474,2143,254.1,0.067,1,gain
732955.50,4051040.75,2441.31,4414,2128,260.1,0.068,1,gain
732957.50,4051040.75,2441.63,4398,2120,261.8,0.069,1,gain
732962.50,4051040.75,2442.08,4359,2109,266.1,0.070,1,gain
733066.50,4051040.75,2434.44,3783,2124,360.7,0.095,1,gain
733287.50,4051040.75,2432.43,3242,2042,572.1,0.150,1,gain
733288.50,4051040.75,2432.43,3240,2042,573.1,0.151,1,gain
733347.50,4051040.75,2453.07,3159,1902,630.1,0.166,1,gain
732955.50,4051039.75,2441.64,4429,2122,260.6,0.068,1,gain
733274.50,4051039.75,2424.54,3268,2100,560.1,0.147,1,gain
733345.50,4051039.75,2453.07,3168,1902,628.4,0.165,1,gain
733346.50,4051039.75,2453.51,3167,1899,629.4,0.165,1,gain
733479.50,4051039.75,2513.27,3027,1595,761.9,0.200,1,gain
732958.50,4051038.75,2442.45,4418,2106,263.6,0.069,1,gain
732959.50,4051038.75,2442.45,4410,2105,264.5,0.069,1,gain
732963.50,4051038.75,2443.11,4379,2092,267.9,0.070,1,gain
733060.50,4051038.75,2431.13,3827,2164,356.1,0.094,1,gain
733273.50,4051038.75,2424.15,3276,2103,559.4,0.147,1,gain
732946.50,4051037.75,2442.06,4535,2125,253.9,0.067,1,gain
733272.50,4051037.75,2423.68,3285,2106,558.7,0.147,1,gain
733276.50,4051037.75,2425.81,3278,2090,562.5,0.148,1,gain
733277.50,4051037.75,2426.54,3277,2085,563.4,0.148,1,gain
733478.50,4051037.75,2513.11,3038,1596,761.3,0.200,1,gain
732939.50,4051036.75,2441.92,4616,2134,248.5,0.065,1,gain
732948.50,4051036.75,2442.19,4532,2120,256.1,0.067,1,gain
732963.50,4051036.75,2444.74,4407,2067,268.8,0.071,1,gain
733274.50,4051036.75,2425.64,3288,2092,560.8,0.147,1,gain
733275.50,4051036.75,2425.64,3286,2092,561.7,0.148,1,gain
733276.50,4051036.75,2426.28,3285,2087,562.7,0.148,1,gain
733280.50,4051036.75,2429.16,3279,2066,566.4,0.149,1,gain
733293.50,4051036.75,2435.76,3258,2018,578.7,0.152,1,gain
733069.50,4051035.75,2435.86,3821,2105,365.2,0.096,1,gain
732942.50,4051034.75,2442.73,4617,2117,252.1,0.066,1,gain
732943.50,4051034.75,2442.73,4607,2116,252.9,0.066,1,gain
732944.50,4051034.75,2442.74,4598,2115,253.7,0.067,1,gain
732881.50,4051033.75,2445.52,5448,2155,204.1,0.054,1,gain
733104.50,4051033.75,2434.06,3712,2103,398.6,0.105,1,gain
733291.50,4051033.75,2437.53,3281,2007,577.4,0.152,1,gain
733292.50,4051033.75,2437.76,3279,2005,578.4,0.152,1,gain
733293.50,4051033.75,2437.76,3278,2005,579.4,0.152,1,gain
733295.50,4051033.75,2438.46,3275,2000,581.3,0.153,1,gain
733388.50,4051033.75,2460.06,3150,1861,671.7,0.176,1,gain
732939.50,4051032.75,2443.41,4676,2109,250.6,0.066,1,gain
732942.50,4051032.75,2443.50,4647,2104,253.1,0.067,1,gain
732959.50,4051032.75,2444.99,4494,2065,267.4,0.070,1,gain
733350.50,4051032.75,2458.93,3203,1866,634.7,0.167,1,gain
733387.50,4051032.75,2460.49,3157,1858,670.9,0.176,1,gain
732920.50,4051031.75,2442.47,4898,2149,235.7,0.062,1,gain
732939.50,4051031.75,2443.41,4691,2109,251.1,0.066,1,gain
732942.50,4051031.75,2443.50,4662,2104,253.6,0.067,1,gain
732959.50,4051031.75,2444.99,4508,2065,267.9,0.070,1,gain
733350.50,4051031.75,2458.93,3209,1866,635.0,0.167,1,gain
733393.50,4051031.75,2460.81,3155,1856,677.0,0.178,0,gain
732940.50,4051030.75,2443.69,4696,2103,252.5,0.066,1,gain
733068.50,4051030.75,2434.93,3875,2115,366.2,0.096,1,gain
733295.50,4051030.75,2439.64,3294,1992,582.0,0.153,1,gain
733296.50,4051029.75,2440.49,3299,1986,583.1,0.153,1,gain
732880.50,4051028.75,2447.67,5573,2111,206.6,0.054,1,gain
732881.50,4051028.75,2447.71,5553,2108,207.3,0.054,1,gain
732887.50,4051028.75,2447.88,5439,2093,211.7,0.056,1,gain
732941.50,4051028.75,2444.59,4716,2087,254.4,0.067,1,gain
733291.50,4051028.75,2438.73,3313,1999,578.6,0.152,1,gain
733292.50,4051028.75,2438.73,3311,1999,579.6,0.152,1,gain
733346.50,4051028.75,2456.79,3232,1879,631.7,0.166,1,gain
732881.50,4051027.75,2448.12,5575,2099,208.0,0.055,1,gain
732933.50,4051027.75,2444.51,4814,2096,248.4,0.065,1,gain
733058.50,4051027.75,2430.19,3948,2173,358.5,0.094,1,gain
733059.50,4051027.75,2430.79,3944,2166,359.4,0.094,1,gain
733292.50,4051027.75,2438.63,3318,1999,579.8,0.152,1,gain
733709.50,4051027.75,2645.33,2916,1151,1006.5,0.264,1,gain
733710.50,4051027.75,2646.04,2915,1149,1007.6,0.265,1,gain
733057.50,4051026.75,2428.65,3963,2191,358.2,0.094,1,gain
733058.50,4051026.75,2429.32,3958,2183,359.0,0.094,1,gain
733060.50,4051026.75,2430.32,3949,2170,360.8,0.095,1,gain
733333.50,4051026.75,2453.83,3262,1897,619.5,0.163,1,gain
732887.50,4051025.75,2448.91,5500,2072,213.7,0.056,1,gain
732888.50,4051025.75,2449.00,5481,2068,214.4,0.056,1,gain
733067.50,4051025.75,2432.15,3929,2145,367.4,0.097,1,gain
733331.50,4051025.75,2453.33,3270,1901,617.8,0.162,1,gain
733332.50,4051025.75,2453.83,3269,1897,618.8,0.163,1,gain
732884.50,4051024.75,2448.89,5578,2078,212.2,0.056,1,gain
732888.50,4051024.75,2449.00,5501,2069,215.1,0.057,1,gain
732892.50,4051024.75,2449.17,5429,2059,218.1,0.057,1,gain
732893.50,4051024.75,2448.94,5412,2062,218.8,0.057,1,gain
732932.50,4051024.75,2445.00,4871,2089,249.3,0.066,1,gain
732935.50,4051024.75,2445.53,4839,2077,251.7,0.066,1,gain
733069.50,4051024.75,2432.18,3931,2143,369.6,0.097,0,gain
733295.50,4051024.75,2441.47,3332,1980,583.4,0.153,1,gain
733325.50,4051024.75,2451.31,3285,1913,612.3,0.161,1,gain
733326.50,4051024.75,2451.31,3284,1913,613.2,0.161,1,gain
732886.50,4051023.75,2449.05,5559,2071,214.3,0.056,1,gain
732933.50,4051023.75,2445.92,4876,2072,250.7,0.066,1,gain
733073.50,4051023.75,2432.15,3924,2140,373.7,0.098,1,gain
733074.50,4051023.75,2432.18,3919,2139,374.6,0.098,1,gain
733075.50,4051023.75,2432.23,3915,2138,375.5,0.099,1,gain
733109.50,4051023.75,2436.40,3786,2076,406.7,0.107,1,gain
733110.50,4051023.75,2436.50,3783,2074,407.6,0.107,1,gain
733350.50,4051023.75,2461.43,3255,1851,636.8,0.167,1,gain
733465.50,4051023.75,2507.63,3119,1619,750.8,0.197,1,gain
733073.50,4051022.75,2431.94,3933,2142,374.1,0.098,1,gain
733075.50,4051022.75,2431.99,3925,2140,375.9,0.099,1,gain
733093.50,4051022.75,2434.20,3853,2106,392.4,0.103,1,gain
733284.50,4051022.75,2433.45,3363,2035,573.5,0.151,1,gain
733285.50,4051022.75,2433.28,3361,2036,574.5,0.151,1,gain
733287.50,4051022.75,2435.18,3358,2023,576.4,0.151,1,gain
733294.50,4051022.75,2440.18,3346,1988,582.9,0.153,1,gain
733296.50,4051022.75,2441.75,3343,1978,584.8,0.154,1,gain
733326.50,4051022.75,2452.27,3296,1907,613.7,0.161,1,gain
733082.50,4051021.75,2432.43,3906,2130,382.7,0.101,1,gain
733092.50,4051021.75,2434.05,3866,2108,391.8,0.103,1,gain
733093.50,4051021.75,2434.51,3863,2103,392.7,0.103,1,gain
733286.50,4051021.75,2434.08,3366,2030,575.7,0.151,1,gain
733294.50,4051021.75,2439.80,3353,1991,583.2,0.153,1,gain
733297.50,4051021.75,2442.14,3348,1975,586.0,0.154,1,gain
733079.50,4051020.75,2432.33,3928,2133,380.4,0.100,1,gain
733083.50,4051020.75,2432.79,3911,2126,384.0,0.101,1,gain
733087.50,4051020.75,2433.67,3895,2114,387.6,0.102,1,gain
733088.50,4051020.75,2433.67,3891,2114,388.6,0.102,1,gain
733294.50,4051020.75,2439.80,3359,1991,583.5,0.153,1,gain
733297.50,4051020.75,2441.67,3354,1978,586.3,0.154,1,gain
733325.50,4051020.75,2453.70,3310,1898,613.2,0.161,1,gain
733354.50,4051020.75,2465.11,3267,1829,641.4,0.169,1,gain
733356.50,4051020.75,2466.16,3265,1823,643.3,0.169,1,gain
733289.50,4051019.75,2435.91,3374,2017,579.0,0.152,1,gain
733290.50,4051019.75,2435.91,3372,2017,580.0,0.152,1,gain
733294.50,4051019.75,2439.80,3365,1991,583.7,0.153,1,gain
733295.50,4051019.75,2440.43,3364,1986,584.7,0.154,1,gain
733296.50,4051019.75,2441.05,3362,1982,585.6,0.154,1,gain
733356.50,4051019.75,2466.27,3270,1823,643.6,0.169,1,gain
733360.50,4051019.75,2467.81,3265,1814,647.5,0.170,1,gain
733289.50,4051018.75,2435.92,3380,2017,579.3,0.152,1,gain
733294.50,4051018.75,2439.69,3372,1991,584.0,0.153,1,gain
733295.50,4051018.75,2440.42,3370,1986,584.9,0.154,1,gain
733352.50,4051018.75,2463.98,3282,1836,639.9,0.168,1,gain
733352.50,4051017.75,2464.35,3288,1834,640.1,0.168,1,gain
733293.50,4051016.75,2438.91,3386,1997,583.6,0.153,1,gain
733294.50,4051016.75,2440.02,3384,1989,584.5,0.154,1,gain
733344.50,4051016.75,2462.21,3305,1846,632.6,0.166,1,gain
733491.50,4051016.75,2525.93,3128,1538,779.0,0.205,1,gain
733295.50,4051015.75,2441.07,3389,1982,585.7,0.154,1,gain
733302.50,4051015.75,2445.37,3377,1953,592.3,0.156,1,gain
733303.50,4051015.75,2446.13,3376,1948,593.3,0.156,1,gain
733345.50,4051015.75,2462.97,3309,1842,633.8,0.167,1,gain
733486.50,4051015.75,2522.77,3137,1551,774.0,0.203,1,gain
733487.50,4051015.75,2523.35,3136,1549,775.0,0.204,1,gain
733302.50,4051014.75,2445.49,3383,1952,592.6,0.156,1,gain
733485.50,4051014.75,2522.60,3143,1552,773.2,0.203,1,gain
733785.50,4051014.75,2707.77,2920,980,1094.9,0.288,1,gain
733298.50,4051013.75,2443.01,3397,1969,589.1,0.155,1,gain
733301.50,4051013.75,2445.19,3391,1954,591.9,0.156,1,gain
733080.50,4051012.75,2435.99,4001,2094,384.3,0.101,1,gain
733081.50,4051012.75,2436.24,3996,2091,385.2,0.101,1,gain
733116.50,4051012.75,2440.83,3859,2030,417.1,0.110,1,gain
733082.50,4051011.75,2437.14,4002,2081,386.5,0.102,1,gain
733083.50,4051011.75,2437.52,3997,2076,387.3,0.102,1,gain
733104.50,4051011.75,2439.94,3913,2043,406.4,0.107,1,gain
733105.50,4051011.75,2440.07,3909,2041,407.3,0.107,1,gain
733302.50,4051011.75,2446.32,3402,1947,593.4,0.156,1,gain
733303.50,4051011.75,2446.98,3400,1942,594.3,0.156,1,gain
733488.50,4051011.75,2524.82,3155,1542,776.9,0.204,1,gain
733489.50,4051011.75,2525.40,3154,1540,778.0,0.204,1,gain
733494.50,4051011.75,2527.37,3149,1532,783.0,0.206,1,gain
733077.50,4051010.75,2434.84,4033,2107,382.5,0.100,1,gain
733078.50,4051010.75,2435.41,4028,2101,383.3,0.101,1,gain
733099.50,4051010.75,2440.37,3941,2040,402.2,0.106,1,gain
733100.50,4051010.75,2440.31,3937,2041,403.1,0.106,1,gain
733104.50,4051010.75,2440.39,3922,2038,406.8,0.107,1,gain
733300.50,4051010.75,2444.55,3412,1958,591.8,0.155,1,gain
733303.50,4051010.75,2446.74,3407,1944,594.6,0.156,1,gain
733310.50,4051010.75,2450.45,3395,1919,601.3,0.158,1,gain
733363.50,4051010.75,2472.90,3312,1784,652.7,0.171,1,gain
733364.50,4051010.75,2473.39,3311,1781,653.6,0.172,1,gain
733489.50,4051010.75,2525.57,3159,1539,778.2,0.204,1,gain
733495.50,4051010.75,2528.61,3152,1527,784.3,0.206,1,gain
733496.50,4051010.75,2529.09,3151,1525,785.3,0.206,1,gain
733105.50,4051009.75,2440.82,3927,2034,408.1,0.107,1,gain
733299.50,4051009.75,2443.17,3420,1967,591.1,0.155,1,gain
733301.50,4051009.75,2444.89,3416,1956,593.0,0.156,1,gain
733364.50,4051009.75,2473.90,3316,1778,653.9,0.172,1,gain
733365.50,4051009.75,2474.37,3315,1776,654.9,0.172,1,gain
733489.50,4051009.75,2525.55,3163,1539,778.4,0.205,1,gain
733496.50,4051009.75,2529.06,3156,1525,785.5,0.206,1,gain
733497.50,4051009.75,2529.51,3155,1523,786.5,0.207,1,gain
733075.50,4051008.75,2435.04,4061,2106,381.5,0.100,1,gain
733077.50,4051008.75,2435.61,4052,2099,383.3,0.101,1,gain
733101.50,4051008.75,2441.27,3952,2031,404.8,0.106,1,gain
733486.50,4051008.75,2523.73,3171,1547,775.5,0.204,1,gain
733494.50,4051008.75,2527.68,3163,1531,783.7,0.206,1,gain
733495.50,4051008.75,2528.53,3162,1527,784.7,0.206,1,gain
733496.50,4051008.75,2528.91,3161,1526,785.7,0.206,1,gain
733497.50,4051008.75,2529.37,3160,1524,786.7,0.207,1,gain
733498.50,4051008.75,2529.85,3159,1522,787.7,0.207,1,gain
733085.50,4051007.75,2440.18,4027,2048,390.7,0.103,1,gain
733097.50,4051007.75,2441.41,3977,2031,401.6,0.106,1,gain
733098.50,4051007.75,2441.57,3973,2029,402.5,0.106,1,gain
733100.50,4051007.75,2441.60,3965,2028,404.3,0.106,1,gain
733101.50,4051007.75,2441.61,3961,2027,405.2,0.106,1,gain
733356.50,4051007.75,2471.18,3339,1793,646.6,0.170,1,gain
733357.50,4051007.75,2471.50,3338,1791,647.6,0.170,1,gain
733358.50,4051007.75,2471.50,3336,1792,648.5,0.170,1,gain
733367.50,4051007.75,2475.64,3323,1769,657.3,0.173,1,gain
733369.50,4051007.75,2476.88,3320,1762,659.3,0.173,1,gain
733370.50,4051007.75,2477.76,3319,1757,660.3,0.174,1,gain
733486.50,4051007.75,2523.79,3176,1547,775.7,0.204,1,gain
733494.50,4051007.75,2527.61,3168,1531,783.9,0.206,1,gain
733495.50,4051007.75,2528.57,3167,1527,784.9,0.206,1,gain
733497.50,4051007.75,2529.35,3165,1524,786.9,0.207,1,gain
733085.50,4051006.75,2440.51,4036,2044,391.1,0.103,1,gain
733100.50,4051006.75,2442.30,3974,2021,404.7,0.106,1,gain
733310.50,4051006.75,2449.09,3419,1928,602.4,0.158,1,gain
733311.50,4051006.75,2450.40,3418,1919,603.3,0.159,1,gain
733312.50,4051006.75,2450.92,3416,1916,604.3,0.159,1,gain
733314.50,4051006.75,2451.53,3412,1912,606.2,0.159,1,gain
733316.50,4051006.75,2452.74,3409,1904,608.1,0.160,1,gain
733323.50,4051006.75,2456.27,3397,1882,614.8,0.162,1,gain
733352.50,4051006.75,2469.84,3351,1801,642.9,0.169,1,gain
733353.50,4051006.75,2470.06,3350,1800,643.9,0.169,1,gain
733356.50,4051006.75,2471.65,3345,1790,646.8,0.170,1,gain
733357.50,4051006.75,2472.03,3344,1788,647.8,0.170,1,gain
733365.50,4051006.75,2475.53,3332,1769,655.6,0.172,1,gain
733074.50,4051005.75,2435.38,4094,2103,381.9,0.100,1,gain
733075.50,4051005.75,2436.03,4090,2095,382.7,0.101,1,gain
733097.50,4051005.75,2442.28,3995,2022,402.3,0.106,1,gain
733098.50,4051005.75,2442.24,3991,2022,403.3,0.106,1,gain
733099.50,4051005.75,2442.60,3987,2018,404.1,0.106,1,gain
733305.50,4051005.75,2446.37,3434,1946,597.9,0.157,1,gain
733308.50,4051005.75,2447.65,3429,1937,600.8,0.158,1,gain
733310.50,4051005.75,2448.94,3425,1929,602.7,0.158,1,gain
733329.50,4051005.75,2459.85,3393,1860,620.9,0.163,1,gain
733353.50,4051005.75,2470.17,3355,1799,644.2,0.169,1,gain
733357.50,4051005.75,2472.40,3349,1786,648.1,0.170,1,gain
733369.50,4051005.75,2477.64,3332,1757,659.8,0.173,1,gain
733492.50,4051005.75,2526.75,3179,1535,782.3,0.206,1,gain
733494.50,4051005.75,2527.42,3177,1532,784.3,0.206,1,gain
733074.50,4051004.75,2435.80,4104,2098,382.3,0.100,1,gain
733075.50,4051004.75,2436.52,4099,2090,383.1,0.101,1,gain
733097.50,4051004.75,2442.62,4004,2018,402.7,0.106,1,gain
733332.50,4051004.75,2460.93,3394,1853,624.1,0.164,1,gain
733351.50,4051004.75,2469.63,3364,1802,642.5,0.169,1,gain
733519.50,4051004.75,2534.45,3157,1509,809.5,0.213,1,gain
733075.50,4051003.75,2436.91,4109,2086,383.5,0.101,1,gain
733076.50,4051003.75,2436.91,4104,2085,384.4,0.101,1,gain
733092.50,4051003.75,2443.59,4034,2011,398.6,0.105,1,gain
733093.50,4051003.75,2443.59,4030,2010,399.5,0.105,1,gain
733096.50,4051003.75,2443.10,4018,2014,402.2,0.106,1,gain
733100.50,4051003.75,2443.08,4001,2013,405.9,0.107,1,gain
733333.50,4051003.75,2461.58,3399,1849,625.3,0.164,1,gain
733334.50,4051003.75,2462.23,3397,1845,626.3,0.165,1,gain
733341.50,4051003.75,2467.02,3386,1817,633.1,0.166,1,gain
733350.50,4051003.75,2469.50,3372,1803,641.8,0.169,1,gain
733354.50,4051003.75,2471.40,3365,1792,645.7,0.170,1,gain
733355.50,4051003.75,2471.88,3364,1789,646.7,0.170,1,gain
733488.50,4051003.75,2524.60,3193,1544,778.6,0.205,1,gain
733518.50,4051003.75,2534.17,3162,1510,808.7,0.212,1,gain
733074.50,4051002.75,2436.76,4123,2088,383.1,0.101,1,gain
733091.50,4051002.75,2443.92,4048,2008,398.1,0.105,1,gain
733092.50,4051002.75,2444.07,4044,2006,399.0,0.105,1,gain
733101.50,4051002.75,2443.61,4006,2007,407.2,0.107,1,gain
733338.50,4051002.75,2465.17,3396,1827,630.4,0.166,1,gain
733339.50,4051002.75,2465.17,3395,1828,631.4,0.166,1,gain
733350.50,4051002.75,2469.70,3377,1801,642.0,0.169,1,gain
733355.50,4051002.75,2471.88,3370,1789,646.9,0.170,1,gain
733357.50,4051002.75,2472.35,3366,1786,648.9,0.170,1,gain
733363.50,4051002.75,2475.91,3357,1766,654.7,0.172,1,gain
733075.50,4051001.75,2437.72,4128,2077,384.4,0.101,1,gain
733078.50,4051001.75,2438.77,4114,2065,387.0,0.102,1,gain
733085.50,4051001.75,2442.36,4083,2025,393.1,0.103,1,gain
733086.50,4051001.75,2442.85,4079,2020,394.0,0.104,1,gain
733089.50,4051001.75,2443.74,4066,2010,396.7,0.104,1,gain
733108.50,4051001.75,2445.28,3987,1989,413.9,0.109,1,gain
733351.50,4051001.75,2469.99,3382,1800,643.3,0.169,1,gain
733352.50,4051001.75,2470.27,3380,1798,644.3,0.169,1,gain
733358.50,4051001.75,2472.95,3371,1783,650.1,0.171,1,gain
733359.50,4051001.75,2473.44,3369,1780,651.1,0.171,1,gain
733360.50,4051001.75,2474.51,3368,1774,652.1,0.171,1,gain
733363.50,4051001.75,2476.07,3363,1765,655.0,0.172,1,gain
733365.50,4051001.75,2476.52,3360,1763,656.9,0.173,1,gain
733487.50,4051001.75,2524.38,3204,1544,778.0,0.204,1,gain
733544.50,4051001.75,2547.86,3146,1459,835.8,0.220,1,gain
733545.50,4051001.75,2548.50,3145,1456,836.8,0.220,1,gain
733090.50,4051000.75,2444.27,4071,2004,398.0,0.105,1,gain
733341.50,4051000.75,2465.98,3403,1823,633.8,0.167,1,gain
733342.50,4051000.75,2466.70,3402,1818,634.8,0.167,1,gain
733346.50,4051000.75,2468.85,3395,1806,638.7,0.168,1,gain
733347.50,4051000.75,2469.13,3394,1804,639.7,0.168,1,gain
733351.50,4051000.75,2470.07,3387,1799,643.5,0.169,1,gain
733352.50,4051000.75,2470.37,3386,1798,644.5,0.169,1,gain
733364.50,4051000.75,2476.52,3367,1763,656.2,0.172,1,gain
733365.50,4051000.75,2476.69,3366,1762,657.2,0.173,1,gain
733367.50,4051000.75,2477.69,3363,1757,659.2,0.173,1,gain
733544.50,4051000.75,2547.96,3151,1458,836.0,0.220,1,gain
733075.50,4050999.75,2437.83,4147,2076,385.2,0.101,1,gain
733096.50,4050999.75,2445.32,4054,1992,403.8,0.106,1,gain
733103.50,4050999.75,2445.34,4025,1990,410.2,0.108,1,gain
733108.50,4050999.75,2445.99,4005,1982,414.7,0.109,1,gain
733343.50,4050999.75,2467.11,3406,1816,636.1,0.167,1,gain
733344.50,4050999.75,2467.73,3404,1812,637.0,0.167,1,gain
733349.50,4050999.75,2469.45,3396,1803,641.9,0.169,1,gain
733350.50,4050999.75,2469.94,3395,1800,642.8,0.169,1,gain
733368.50,4050999.75,2478.38,3367,1753,660.4,0.174,1,gain
733086.50,4050998.75,2443.62,4107,2012,395.3,0.104,1,gain
733088.50,4050998.75,2444.05,4098,2007,397.1,0.104,1,gain
733098.50,4050998.75,2445.59,4055,1989,406.1,0.107,1,gain
733102.50,4050998.75,2445.82,4038,1985,409.7,0.108,1,gain
733106.50,4050998.75,2446.03,4022,1982,413.3,0.109,1,gain
733345.50,4050998.75,2468.25,3408,1809,638.3,0.168,1,gain
733350.50,4050998.75,2470.06,3400,1799,643.1,0.169,1,gain
733494.50,4050998.75,2528.19,3211,1529,785.8,0.206,1,gain
733085.50,4050997.75,2443.36,4120,2015,394.8,0.104,1,gain
733086.50,4050997.75,2443.65,4116,2011,395.7,0.104,1,gain
733090.50,4050997.75,2444.66,4098,2000,399.3,0.105,1,gain
733109.50,4050997.75,2446.68,4018,1975,416.4,0.109,1,gain
733369.50,4050997.75,2479.00,3376,1749,661.9,0.174,1,gain
733370.50,4050997.75,2479.55,3375,1746,662.9,0.174,1,gain
733084.50,4050996.75,2442.59,4134,2023,394.4,0.104,1,gain
733085.50,4050996.75,2443.36,4130,2015,395.3,0.104,1,gain
733087.50,4050996.75,2443.66,4121,2011,397.1,0.104,1,gain
733105.50,4050996.75,2447.40,4044,1969,413.2,0.109,1,gain
733370.50,4050996.75,2479.72,3381,1745,663.2,0.174,1,gain
733387.50,4050996.75,2486.76,3355,1709,679.8,0.179,1,gain
733483.50,4050996.75,2521.79,3233,1556,775.0,0.204,1,gain
733493.50,4050996.75,2527.39,3221,1532,785.2,0.206,1,gain
733075.50,4050995.75,2439.22,4185,2061,387.0,0.102,1,gain
733079.50,4050995.75,2441.11,4166,2040,390.4,0.103,1,gain
733084.50,4050995.75,2442.64,4143,2022,394.9,0.104,1,gain
733086.50,4050995.75,2443.41,4134,2014,396.6,0.104,1,gain
733091.50,4050995.75,2444.29,4112,2003,401.1,0.105,1,gain
733094.50,4050995.75,2445.27,4099,1993,403.7,0.106,1,gain
733104.50,4050995.75,2447.64,4057,1967,412.7,0.108,1,gain
733370.50,4050995.75,2479.78,3386,1745,663.4,0.174,1,gain
733371.50,4050995.75,2480.27,3385,1742,664.4,0.175,1,gain
733390.50,4050995.75,2487.42,3356,1706,683.0,0.179,1,gain
733494.50,4050995.75,2527.66,3225,1531,786.4,0.207,1,gain
733084.50,4050994.75,2442.58,4153,2023,395.3,0.104,1,gain
733086.50,4050994.75,2442.89,4144,2019,397.1,0.104,1,gain
733091.50,4050994.75,2444.29,4121,2003,401.5,0.106,1,gain
733092.50,4050994.75,2444.02,4117,2005,402.4,0.106,1,gain
733369.50,4050994.75,2479.38,3393,1747,662.7,0.174,1,gain
733508.50,4050994.75,2529.59,3215,1528,800.4,0.210,1,gain
733511.50,4050994.75,2530.99,3211,1523,803.5,0.211,1,gain
733512.50,4050994.75,2531.36,3210,1522,804.5,0.211,1,gain
733513.50,4050994.75,2531.79,3209,1520,805.5,0.212,1,gain
733514.50,4050994.75,2531.79,3208,1520,806.5,0.212,1,gain
733071.50,4050993.75,2437.96,4224,2076,384.4,0.101,1,gain
733082.50,4050993.75,2442.07,4171,2028,394.0,0.104,1,gain
733083.50,4050993.75,2442.07,4166,2028,394.9,0.104,1,gain
733087.50,4050993.75,2442.85,4148,2019,398.4,0.105,1,gain
733093.50,4050993.75,2444.33,4121,2002,403.7,0.106,1,gain
733094.50,4050993.75,2444.81,4117,1997,404.6,0.106,1,gain
733095.50,4050993.75,2444.77,4113,1997,405.5,0.107,1,gain
733101.50,4050993.75,2447.11,4087,1973,410.9,0.108,0,gain
733370.50,4050993.75,2479.87,3397,1745,664.0,0.174,1,gain
733375.50,4050993.75,2482.41,3390,1731,668.9,0.176,1,gain
733377.50,4050993.75,2483.45,3387,1725,670.8,0.176,1,gain
733378.50,4050993.75,2483.86,3385,1723,671.8,0.177,1,gain
733503.50,4050993.75,2528.23,3225,1533,795.7,0.209,1,gain
733504.50,4050993.75,2528.67,3224,1531,796.7,0.209,1,gain
733511.50,4050993.75,2530.97,3216,1523,803.7,0.211,1,gain
733512.50,4050993.75,2531.49,3215,1521,804.7,0.211,1,gain
733515.50,4050993.75,2532.41,3212,1518,807.7,0.212,1,gain
733074.50,4050992.75,2439.11,4218,2062,387.5,0.102,1,gain
733078.50,4050992.75,2440.44,4199,2047,390.9,0.103,1,gain
733083.50,4050992.75,2441.68,4176,2032,395.3,0.104,0,gain
733084.50,4050992.75,2441.91,4171,2029,396.2,0.104,1,gain
733086.50,4050992.75,2442.39,4162,2023,398.0,0.105,1,gain
733108.50,4050992.75,2447.86,4066,1964,417.6,0.110,0,gain
733378.50,4050992.75,2483.86,3391,1723,672.1,0.177,1,gain
733379.50,4050992.75,2484.34,3389,1721,673.1,0.177,1,gain
733380.50,4050992.75,2484.93,3388,1718,674.1,0.177,1,gain
733504.50,4050992.75,2528.75,3228,1531,796.9,0.209,1,gain
733505.50,4050992.75,2528.75,3227,1531,797.9,0.210,1,gain
733506.50,4050992.75,2529.50,3226,1528,798.9,0.210,1,gain
733512.50,4050992.75,2531.62,3220,1520,804.9,0.212,1,gain
733513.50,4050992.75,2532.20,3219,1518,806.0,0.212,1,gain
733075.50,4050991.75,2439.26,4223,2060,388.8,0.102,1,gain
733083.50,4050991.75,2441.15,4185,2037,395.8,0.104,1,gain
733086.50,4050991.75,2441.92,4171,2028,398.5,0.105,0,gain
733109.50,4050991.75,2447.97,4071,1962,418.9,0.110,1,gain
733211.50,4050991.75,2436.42,3732,2033,513.3,0.135,1,gain
733380.50,4050991.75,2484.83,3393,1718,674.3,0.177,1,gain
733507.50,4050991.75,2529.62,3230,1528,800.1,0.210,1,gain
733076.50,4050990.75,2439.40,4228,2058,390.1,0.103,1,gain
733077.50,4050990.75,2439.65,4223,2055,391.0,0.103,1,gain
733088.50,4050990.75,2441.87,4171,2028,400.7,0.105,0,gain
733109.50,4050990.75,2448.01,4080,1962,419.3,0.110,1,gain
733110.50,4050990.75,2448.04,4076,1961,420.2,0.110,1,gain
733300.50,4050990.75,2439.93,3536,1987,597.6,0.157,1,gain
733305.50,4050990.75,2441.16,3526,1978,602.3,0.158,1,gain
733350.50,4050990.75,2471.46,3446,1791,645.3,0.170,1,gain
733351.50,4050990.75,2471.91,3445,1788,646.3,0.170,1,gain
733384.50,4050990.75,2486.84,3392,1708,678.5,0.178,1,gain
733079.50,4050989.75,2439.93,4222,2051,393.2,0.103,1,gain
733089.50,4050989.75,2441.90,4175,2027,402.0,0.106,1,gain
733306.50,4050989.75,2442.24,3530,1971,603.6,0.159,1,gain
733384.50,4050989.75,2486.88,3398,1707,678.8,0.178,1,gain
733385.50,4050989.75,2487.23,3396,1706,679.8,0.179,1,gain
733508.50,4050989.75,2530.16,3238,1526,801.6,0.211,1,gain
733082.50,4050988.75,2440.21,4217,2047,396.3,0.104,1,gain
733090.50,4050988.75,2442.06,4180,2025,403.4,0.106,1,gain
733386.50,4050988.75,2487.75,3400,1703,681.0,0.179,1,gain
733387.50,4050988.75,2488.20,3399,1701,682.0,0.179,1,gain
733090.50,4050987.75,2441.98,4189,2025,403.8,0.106,1,gain
733091.50,4050987.75,2441.98,4184,2025,404.7,0.106,1,gain
733388.50,4050987.75,2488.70,3403,1698,683.2,0.180,1,gain
733389.50,4050987.75,2489.13,3401,1696,684.2,0.180,1,gain
733085.50,4050986.75,2440.85,4221,2039,399.9,0.105,1,gain
733092.50,4050986.75,2442.39,4189,2021,406.0,0.107,1,gain
733093.50,4050986.75,2442.68,4184,2017,406.9,0.107,1,gain
733207.50,4050986.75,2437.88,3778,2022,511.3,0.134,1,gain
733389.50,4050986.75,2489.13,3407,1696,684.5,0.180,1,gain
733390.50,4050986.75,2489.13,3405,1696,685.5,0.180,1,gain
733084.50,4050985.75,2440.25,4235,2045,399.5,0.105,1,gain
733085.50,4050985.75,2440.57,4231,2041,400.4,0.105,1,gain
733086.50,4050985.75,2440.69,4226,2040,401.2,0.105,1,gain
733087.50,4050985.75,2440.87,4221,2037,402.1,0.106,1,gain
733088.50,4050985.75,2440.98,4216,2036,403.0,0.106,1,gain
733095.50,4050985.75,2442.93,4184,2014,409.2,0.108,1,gain
733100.50,4050985.75,2444.54,4162,1997,413.6,0.109,1,gain
733101.50,4050985.75,2444.90,4158,1993,414.4,0.109,1,gain
733391.50,4050985.75,2489.76,3409,1693,686.7,0.180,1,gain
733104.50,4050984.75,2445.86,4153,1983,417.5,0.110,1,gain
733105.50,4050984.75,2446.08,4149,1981,418.4,0.110,1,gain
733109.50,4050984.75,2447.62,4132,1965,422.0,0.111,1,gain
733393.50,4050984.75,2490.64,3411,1689,689.0,0.181,1,gain
733092.50,4050983.75,2441.34,4216,2031,407.5,0.107,1,gain
733103.50,4050983.75,2445.53,4167,1986,417.1,0.110,1,gain
733106.50,4050983.75,2446.48,4153,1976,419.8,0.110,1,gain
733108.50,4050983.75,2447.20,4145,1969,421.5,0.111,1,gain
733109.50,4050983.75,2447.57,4141,1965,422.4,0.111,1,gain
733103.50,4050982.75,2445.38,4175,1988,417.6,0.110,1,gain
733106.50,4050982.75,2446.48,4162,1976,420.2,0.110,1,gain
733107.50,4050982.75,2447.14,4158,1970,421.1,0.111,1,gain
733212.50,4050982.75,2439.32,3793,2010,517.3,0.136,1,gain
733104.50,4050981.75,2445.83,4180,1983,418.9,0.110,1,gain
733115.50,4050981.75,2449.04,4133,1950,428.6,0.113,1,gain
733206.50,4050981.75,2439.57,3817,2009,512.1,0.135,1,gain
733207.50,4050981.75,2439.74,3814,2008,513.0,0.135,1,gain
733411.50,4050981.75,2493.68,3401,1677,707.2,0.186,1,gain
733107.50,4050980.75,2446.51,4175,1976,422.0,0.111,1,gain
733108.50,4050980.75,2447.09,4171,1970,422.9,0.111,1,gain
733109.50,4050980.75,2447.46,4167,1966,423.8,0.111,1,gain
733411.50,4050980.75,2493.99,3406,1675,707.5,0.186,1,gain
733110.50,4050979.75,2447.76,4171,1963,425.1,0.112,1,gain
733119.50,4050979.75,2449.30,4133,1947,433.1,0.114,1,gain
733411.50,4050979.75,2494.34,3411,1673,707.8,0.186,1,gain
733108.50,4050978.75,2447.23,4188,1968,423.8,0.111,1,gain
733109.50,4050978.75,2447.53,4184,1965,424.7,0.112,1,gain
733110.50,4050978.75,2447.87,4180,1962,425.5,0.112,1,gain
733118.50,4050978.75,2449.58,4146,1945,432.7,0.114,1,gain
733206.50,4050978.75,2441.09,3839,1997,513.2,0.135,1,gain
733207.50,4050978.75,2441.17,3836,1997,514.1,0.135,1,gain
733410.50,4050978.75,2494.13,3418,1674,707.1,0.186,1,gain
733108.50,4050977.75,2447.44,4197,1966,424.2,0.111,1,gain
733109.50,4050977.75,2447.69,4193,1964,425.1,0.112,1,gain
733110.50,4050977.75,2447.95,4188,1961,426.0,0.112,1,gain
733206.50,4050977.75,2442.11,3846,1990,513.5,0.135,1,gain
733207.50,4050977.75,2442.26,3843,1988,514.4,0.135,1,gain
732942.50,4050976.75,2448.21,5470,2031,287.3,0.076,1,gain
732943.50,4050976.75,2448.25,5457,2030,288.1,0.076,1,gain
733110.50,4050976.75,2448.11,4197,1960,426.4,0.112,1,gain
733111.50,4050976.75,2448.46,4192,1956,427.3,0.112,1,gain
732984.50,4050975.75,2442.20,5009,2081,320.4,0.084,1,gain
733111.50,4050975.75,2448.65,4201,1954,427.8,0.112,1,gain
733112.50,4050975.75,2448.90,4197,1952,428.7,0.113,1,gain
733208.50,4050975.75,2443.61,3855,1978,516.1,0.136,1,gain
732995.50,4050974.75,2440.32,4921,2097,329.8,0.087,1,gain
732996.50,4050974.75,2440.46,4913,2094,330.6,0.087,1,gain
733112.50,4050974.75,2449.30,4205,1948,429.1,0.113,1,gain
733218.50,4050974.75,2443.06,3833,1980,525.7,0.138,1,gain
733219.50,4050974.75,2443.23,3830,1978,526.7,0.138,1,gain
733479.50,4050974.75,2525.57,3343,1536,776.7,0.204,1,gain
732995.50,4050973.75,2440.91,4933,2089,330.4,0.087,1,gain
732996.50,4050973.75,2440.97,4924,2087,331.2,0.087,1,gain
733112.50,4050973.75,2449.61,4214,1945,429.6,0.113,1,gain
733230.50,4050973.75,2446.49,3807,1952,537.2,0.141,1,gain
733404.50,4050973.75,2491.82,3453,1685,702.6,0.185,0,gain
733405.50,4050973.75,2492.21,3452,1683,703.6,0.185,1,gain
733479.50,4050973.75,2525.61,3348,1536,777.0,0.204,1,gain
733480.50,4050973.75,2525.95,3347,1535,778.0,0.204,1,gain
732992.50,4050972.75,2441.75,4971,2080,328.6,0.086,1,gain
732994.50,4050972.75,2441.51,4954,2082,330.2,0.087,1,gain
732995.50,4050972.75,2441.52,4945,2081,331.0,0.087,1,gain
732996.50,4050972.75,2441.52,4936,2080,331.8,0.087,1,gain
733112.50,4050972.75,2449.61,4222,1945,430.0,0.113,1,gain
733113.50,4050972.75,2449.86,4218,1942,430.9,0.113,1,gain
733122.50,4050972.75,2451.02,4179,1930,438.9,0.115,1,gain
733209.50,4050972.75,2444.69,3873,1969,518.1,0.136,1,gain
733210.50,4050972.75,2444.69,3870,1969,519.0,0.136,1,gain
733211.50,4050972.75,2444.67,3867,1969,520.0,0.137,1,gain
733405.50,4050972.75,2492.21,3457,1683,703.9,0.185,1,gain
733484.50,4050972.75,2526.84,3346,1532,782.2,0.206,1,gain
733112.50,4050971.75,2449.85,4231,1943,430.5,0.113,1,gain
733114.50,4050971.75,2450.11,4222,1940,432.2,0.114,1,gain
733124.50,4050971.75,2451.08,4179,1930,441.1,0.116,0,gain
733480.50,4050971.75,2526.54,3356,1532,778.6,0.205,1,gain
733105.50,4050970.75,2444.84,4271,1991,424.9,0.112,1,gain
733106.50,4050970.75,2445.78,4266,1982,425.7,0.112,1,gain
733114.50,4050970.75,2450.24,4231,1939,432.7,0.114,1,gain
733115.50,4050970.75,2450.38,4226,1937,433.6,0.114,1,gain
733402.50,4050970.75,2491.93,3472,1684,701.5,0.184,1,gain
732953.50,4050969.75,2453.59,5428,1940,300.0,0.079,1,gain
733105.50,4050969.75,2445.12,4279,1988,425.3,0.112,1,gain
733109.50,4050969.75,2448.59,4261,1955,428.8,0.113,1,gain
733113.50,4050969.75,2450.38,4244,1937,432.3,0.114,1,gain
733114.50,4050969.75,2450.38,4239,1937,433.2,0.114,1,gain
733115.50,4050969.75,2450.53,4235,1936,434.0,0.114,1,gain
733105.50,4050968.75,2445.28,4288,1987,425.8,0.112,1,gain
733106.50,4050968.75,2445.99,4283,1980,426.7,0.112,1,gain
733113.50,4050968.75,2450.59,4252,1935,432.7,0.114,1,gain
733114.50,4050968.75,2450.59,4248,1935,433.6,0.114,1,gain
733115.50,4050968.75,2450.76,4243,1933,434.5,0.114,1,gain
733105.50,4050967.75,2445.41,4297,1985,426.3,0.112,1,gain
733106.50,4050967.75,2446.15,4292,1978,427.1,0.112,1,gain
733114.50,4050967.75,2450.76,4256,1934,434.1,0.114,1,gain
733684.50,4050967.75,2638.20,3162,1165,991.4,0.261,1,gain
733221.50,4050966.75,2446.29,3880,1955,531.5,0.140,1,gain
733222.50,4050966.75,2446.11,3877,1956,532.4,0.140,1,gain
733462.50,4050966.75,2519.50,3404,1560,762.0,0.200,1,gain
733465.50,4050966.75,2520.62,3400,1555,764.9,0.201,1,gain
733466.50,4050966.75,2521.09,3399,1553,765.9,0.201,1,gain
733467.50,4050966.75,2521.67,3397,1551,766.9,0.202,1,gain
733112.50,4050965.75,2450.47,4282,1936,433.3,0.114,1,gain
733134.50,4050965.75,2450.72,4187,1931,452.8,0.119,1,gain
733222.50,4050965.75,2446.87,3884,1950,532.8,0.140,1,gain
733223.50,4050965.75,2446.77,3881,1951,533.7,0.140,1,gain
733228.50,4050965.75,2447.42,3867,1945,538.3,0.141,1,gain
732951.50,4050964.75,2456.76,5526,1894,301.9,0.079,1,gain
733112.50,4050964.75,2450.64,4290,1935,433.7,0.114,1,gain
733133.50,4050964.75,2451.37,4199,1925,452.3,0.119,1,gain
733134.50,4050964.75,2451.23,4195,1927,453.2,0.119,0,gain
733227.50,4050964.75,2447.05,3877,1948,537.7,0.141,1,gain
732951.50,4050963.75,2457.36,5541,1885,302.6,0.080,1,gain
733112.50,4050963.75,2450.87,4299,1933,434.2,0.114,1,gain
733118.50,4050963.75,2452.58,4272,1916,439.5,0.115,1,gain
733129.50,4050963.75,2452.96,4224,1912,449.2,0.118,1,gain
733134.50,4050963.75,2451.95,4203,1920,453.7,0.119,1,gain
733213.50,4050963.75,2448.43,3924,1940,525.2,0.138,1,gain
733113.50,4050962.75,2450.87,4303,1932,435.6,0.114,1,gain
733107.50,4050961.75,2447.59,4339,1964,430.9,0.113,1,gain
733215.50,4050961.75,2448.72,3932,1937,527.8,0.139,1,gain
733206.50,4050960.75,2445.31,3967,1964,520.1,0.137,1,gain
733207.50,4050960.75,2445.72,3964,1961,521.0,0.137,1,gain
733126.50,4050959.75,2454.14,4270,1901,448.4,0.118,1,gain
733177.50,4050959.75,2445.45,4070,1968,494.1,0.130,0,gain
733207.50,4050959.75,2445.72,3971,1961,521.4,0.137,1,gain
733208.50,4050959.75,2445.73,3967,1960,522.3,0.137,1,gain
733210.50,4050959.75,2446.65,3961,1953,524.1,0.138,1,gain
733215.50,4050959.75,2448.96,3946,1935,528.6,0.139,1,gain
732952.50,4050958.75,2460.55,5600,1838,306.8,0.081,1,gain
733176.50,4050958.75,2445.41,4080,1969,493.6,0.130,1,gain
733177.50,4050958.75,2445.70,4077,1966,494.5,0.130,1,gain
733179.50,4050958.75,2446.25,4070,1961,496.3,0.130,1,gain
733206.50,4050958.75,2445.51,3981,1962,520.9,0.137,1,gain
733116.50,4050957.75,2452.55,4331,1916,440.6,0.116,1,gain
733176.50,4050957.75,2445.69,4088,1966,494.1,0.130,1,gain
733177.50,4050957.75,2446.10,4084,1963,495.0,0.130,1,gain
733178.50,4050957.75,2446.35,4081,1961,495.9,0.130,0,gain
733179.50,4050957.75,2446.54,4077,1959,496.7,0.131,1,gain
733208.50,4050957.75,2445.93,3981,1959,523.1,0.137,1,gain
732954.50,4050956.75,2461.67,5601,1821,309.6,0.081,1,gain
733109.50,4050956.75,2449.45,4372,1946,435.0,0.114,1,gain
733116.50,4050956.75,2452.61,4339,1916,441.1,0.116,1,gain
733109.50,4050955.75,2449.59,4381,1944,435.5,0.114,1,gain
733110.50,4050955.75,2450.09,4376,1940,436.4,0.115,1,gain
733111.50,4050955.75,2450.09,4371,1940,437.2,0.115,1,gain
733117.50,4050955.75,2453.15,4343,1911,442.4,0.116,1,gain
733311.50,4050955.75,2463.24,3725,1836,619.1,0.163,1,gain
733117.50,4050954.75,2453.18,4351,1910,442.9,0.116,1,gain
733111.50,4050953.75,2450.60,4388,1935,438.2,0.115,1,gain
733112.50,4050953.75,2450.84,4383,1932,439.1,0.115,1,gain
733113.50,4050951.75,2452.65,4395,1915,440.9,0.116,1,gain
733114.50,4050951.75,2452.82,4391,1914,441.8,0.116,1,gain
733120.50,4050951.75,2455.20,4363,1892,447.0,0.117,1,gain
733123.50,4050951.75,2456.46,4349,1880,449.6,0.118,1,gain
733222.50,4050951.75,2451.05,3980,1919,538.2,0.141,1,gain
733312.50,4050951.75,2463.88,3747,1832,621.5,0.163,1,gain
733707.50,4050951.75,2665.07,3203,1080,1022.0,0.269,1,gain
733175.50,4050950.75,2448.35,4143,1945,496.2,0.130,1,gain
733176.50,4050950.75,2448.54,4140,1943,497.1,0.131,1,gain
733312.50,4050950.75,2463.89,3753,1832,621.8,0.163,1,gain
733114.50,4050949.75,2453.88,4407,1904,442.8,0.116,1,gain
733224.50,4050949.75,2451.71,3988,1914,540.9,0.142,1,gain
733330.50,4050949.75,2471.75,3720,1786,639.2,0.168,1,gain
733336.50,4050949.75,2472.83,3707,1780,644.8,0.169,1,gain
733650.50,4050949.75,2612.63,3263,1245,958.3,0.252,1,gain
733651.50,4050949.75,2613.54,3262,1242,959.4,0.252,1,gain
733288.50,4050948.75,2453.49,3820,1898,600.2,0.158,1,gain
733311.50,4050948.75,2463.69,3767,1833,621.6,0.163,1,gain
733458.50,4050948.75,2523.31,3497,1539,763.5,0.201,1,gain
733223.50,4050947.75,2451.47,4004,1915,540.8,0.142,1,gain
733224.50,4050947.75,2451.93,4001,1912,541.7,0.142,1,gain
733312.50,4050947.75,2464.57,3770,1828,622.9,0.164,1,gain
733339.50,4050947.75,2473.63,3712,1776,648.3,0.170,1,gain
733114.50,4050946.75,2455.11,4432,1892,444.3,0.117,1,gain
733115.50,4050946.75,2455.30,4428,1891,445.1,0.117,1,gain
733224.50,4050946.75,2451.82,4008,1913,542.1,0.142,1,gain
733339.50,4050946.75,2473.79,3718,1775,648.7,0.170,1,gain
733412.50,4050946.75,2502.92,3581,1628,718.9,0.189,1,gain
733420.50,4050946.75,2508.78,3567,1599,726.8,0.191,1,gain
733123.50,4050945.75,2458.03,4398,1866,452.5,0.119,1,gain
733225.50,4050945.75,2452.32,4012,1909,543.4,0.143,1,gain
733313.50,4050945.75,2466.28,3780,1817,624.6,0.164,1,gain
733328.50,4050945.75,2472.74,3747,1779,638.7,0.168,1,gain
733419.50,4050945.75,2507.98,3574,1603,726.1,0.191,1,gain
733457.50,4050945.75,2523.86,3513,1536,763.5,0.201,1,gain
733764.50,4050945.75,2709.20,3177,963,1087.2,0.286,1,gain
733114.50,4050944.75,2456.11,4449,1883,445.3,0.117,1,gain
733121.50,4050944.75,2457.39,4416,1871,451.3,0.119,1,gain
733225.50,4050944.75,2452.51,4018,1908,543.8,0.143,1,gain
733278.50,4050944.75,2449.37,3870,1926,592.5,0.156,1,gain
733312.50,4050944.75,2466.66,3788,1815,624.0,0.164,1,gain
733316.50,4050944.75,2468.88,3779,1801,627.8,0.165,1,gain
733323.50,4050944.75,2471.68,3764,1785,634.4,0.167,1,gain
733324.50,4050944.75,2471.99,3761,1783,635.3,0.167,1,gain
733325.50,4050944.75,2472.10,3759,1783,636.3,0.167,1,gain
733329.50,4050944.75,2472.87,3750,1779,640.0,0.168,1,gain
733330.50,4050944.75,2473.04,3748,1778,640.9,0.168,1,gain
733332.50,4050944.75,2473.37,3744,1776,642.8,0.169,1,gain
733421.50,4050944.75,2509.05,3576,1598,728.4,0.191,1,gain
733422.50,4050944.75,2509.83,3574,1594,729.4,0.192,1,gain
733455.50,4050944.75,2524.05,3521,1534,761.9,0.200,1,gain
733456.50,4050944.75,2524.07,3520,1535,762.8,0.200,1,gain
733114.50,4050943.75,2456.11,4457,1883,445.8,0.117,1,gain
733173.50,4050943.75,2451.33,4203,1920,497.5,0.131,0,gain
733324.50,4050943.75,2472.05,3767,1783,635.7,0.167,1,gain
733325.50,4050943.75,2472.15,3765,1782,636.6,0.167,1,gain
733326.50,4050943.75,2472.22,3763,1782,637.5,0.168,1,gain
733327.50,4050943.75,2472.49,3760,1781,638.5,0.168,1,gain
733340.50,4050943.75,2474.97,3733,1768,650.7,0.171,1,gain
733422.50,4050943.75,2509.70,3579,1595,729.7,0.192,1,gain
733114.50,4050942.75,2456.57,4466,1879,446.3,0.117,1,gain
733115.50,4050942.75,2456.75,4461,1877,447.1,0.117,1,gain
733276.50,4050942.75,2449.55,3887,1924,591.4,0.155,1,gain
733326.50,4050942.75,2472.30,3768,1782,637.9,0.168,1,gain
733327.50,4050942.75,2472.51,3766,1780,638.8,0.168,1,gain
733329.50,4050942.75,2473.02,3762,1778,640.7,0.168,1,gain
733330.50,4050942.75,2473.23,3760,1777,641.7,0.169,1,gain
733423.50,4050942.75,2510.16,3582,1593,731.0,0.192,1,gain
733424.50,4050942.75,2510.92,3581,1590,732.0,0.192,1,gain
733425.50,4050942.75,2511.51,3579,1587,733.0,0.193,1,gain
733428.50,4050942.75,2512.94,3574,1580,736.0,0.193,1,gain
733029.50,4050941.75,2456.71,5005,1882,376.4,0.099,1,gain
733033.50,4050941.75,2457.91,4974,1868,379.6,0.100,1,gain
733116.50,4050941.75,2456.76,4464,1877,448.5,0.118,1,gain
733117.50,4050941.75,2456.68,4459,1878,449.4,0.118,1,gain
733324.50,4050941.75,2472.07,3779,1783,636.4,0.167,1,gain
733332.50,4050941.75,2473.63,3761,1774,643.9,0.169,1,gain
733333.50,4050941.75,2473.77,3759,1774,644.8,0.169,1,gain
733423.50,4050941.75,2510.16,3587,1593,731.3,0.192,1,gain
733424.50,4050941.75,2510.92,3586,1590,732.3,0.192,1,gain
733425.50,4050941.75,2511.51,3584,1587,733.3,0.193,1,gain
733427.50,4050941.75,2512.08,3581,1585,735.2,0.193,1,gain
733429.50,4050941.75,2513.97,3577,1575,737.3,0.194,1,gain
733432.50,4050941.75,2515.01,3573,1571,740.2,0.195,1,gain
733029.50,4050940.75,2457.06,5016,1878,377.0,0.099,1,gain
733320.50,4050940.75,2471.16,3793,1788,633.0,0.166,1,gain
733326.50,4050940.75,2472.40,3780,1781,638.6,0.168,1,gain
733332.50,4050940.75,2473.79,3767,1773,644.3,0.169,1,gain
733433.50,4050940.75,2515.63,3576,1568,741.5,0.195,1,gain
733434.50,4050940.75,2515.63,3574,1569,742.5,0.195,1,gain
733435.50,4050940.75,2516.20,3573,1566,743.5,0.195,1,gain
733122.50,4050939.75,2459.01,4452,1857,454.7,0.119,1,gain
733318.50,4050939.75,2470.89,3804,1789,631.5,0.166,1,gain
733320.50,4050939.75,2471.16,3799,1788,633.4,0.166,1,gain
733321.50,4050939.75,2471.59,3797,1785,634.3,0.167,1,gain
733322.50,4050939.75,2471.75,3795,1784,635.2,0.167,1,gain
733326.50,4050939.75,2472.51,3786,1780,639.0,0.168,1,gain
733327.50,4050939.75,2472.77,3783,1779,639.9,0.168,1,gain
733328.50,4050939.75,2472.77,3781,1779,640.9,0.168,1,gain
733329.50,4050939.75,2473.22,3779,1776,641.8,0.169,1,gain
733429.50,4050939.75,2513.75,3587,1577,737.9,0.194,1,gain
733436.50,4050939.75,2516.58,3576,1565,744.7,0.196,1,gain
733443.50,4050939.75,2520.44,3565,1548,751.7,0.198,1,gain
733030.50,4050938.75,2457.90,5028,1868,379.0,0.100,1,gain
733115.50,4050938.75,2458.58,4494,1860,449.2,0.118,1,gain
733121.50,4050938.75,2458.99,4465,1857,454.3,0.119,1,gain
733316.50,4050938.75,2470.01,3814,1794,630.0,0.166,1,gain
733319.50,4050938.75,2471.08,3807,1788,632.8,0.166,1,gain
733321.50,4050938.75,2471.59,3803,1785,634.7,0.167,1,gain
733326.50,4050938.75,2472.59,3791,1780,639.4,0.168,1,gain
733327.50,4050938.75,2472.82,3789,1779,640.3,0.168,1,gain
733328.50,4050938.75,2472.82,3787,1779,641.2,0.168,1,gain
733329.50,4050938.75,2473.20,3785,1777,642.2,0.169,1,gain
733330.50,4050938.75,2473.39,3783,1776,643.1,0.169,1,gain
733440.50,4050938.75,2518.88,3574,1554,749.0,0.197,1,gain
733444.50,4050938.75,2520.86,3568,1546,753.0,0.198,1,gain
733031.50,4050937.75,2459.12,5031,1854,380.4,0.100,1,gain
733032.50,4050937.75,2459.35,5023,1852,381.2,0.100,1,gain
733116.50,4050937.75,2458.98,4497,1857,450.6,0.118,1,gain
733311.50,4050937.75,2469.49,3832,1797,625.7,0.164,1,gain
733313.50,4050937.75,2470.03,3827,1794,627.6,0.165,1,gain
733314.50,4050937.75,2469.80,3825,1795,628.5,0.165,1,gain
733315.50,4050937.75,2469.94,3822,1795,629.4,0.165,1,gain
733321.50,4050937.75,2471.77,3808,1784,635.0,0.167,1,gain
733322.50,4050937.75,2471.93,3806,1783,636.0,0.167,1,gain
733330.50,4050937.75,2473.54,3788,1775,643.5,0.169,1,gain
733333.50,4050937.75,2474.27,3782,1771,646.3,0.170,1,gain
733424.50,4050937.75,2511.33,3606,1588,733.6,0.193,1,gain
733426.50,4050937.75,2512.14,3603,1584,735.6,0.193,1,gain
733031.50,4050936.75,2459.40,5041,1851,381.0,0.100,1,gain
733115.50,4050936.75,2459.05,4511,1856,450.2,0.118,1,gain
733116.50,4050936.75,2459.29,4506,1854,451.1,0.119,1,gain
733117.50,4050936.75,2459.29,4501,1854,451.9,0.119,1,gain
733118.50,4050936.75,2459.41,4496,1853,452.8,0.119,1,gain
733315.50,4050936.75,2470.27,3828,1793,629.8,0.165,1,gain
733316.50,4050936.75,2470.51,3826,1791,630.7,0.166,1,gain
733318.50,4050936.75,2471.23,3821,1787,632.6,0.166,1,gain
733319.50,4050936.75,2471.43,3819,1786,633.6,0.166,1,gain
733320.50,4050936.75,2471.60,3817,1785,634.5,0.167,1,gain
733321.50,4050936.75,2471.78,3814,1784,635.4,0.167,1,gain
733330.50,4050936.75,2473.54,3794,1775,643.8,0.169,1,gain
733331.50,4050936.75,2473.77,3792,1773,644.8,0.169,1,gain
733427.50,4050936.75,2512.56,3606,1582,736.9,0.194,1,gain
733642.50,4050936.75,2610.77,3322,1248,953.4,0.251,1,gain
733031.50,4050935.75,2459.78,5052,1847,381.6,0.100,1,gain
733032.50,4050935.75,2459.98,5044,1845,382.4,0.100,1,gain
733117.50,4050935.75,2459.56,4509,1852,452.5,0.119,1,gain
733317.50,4050935.75,2471.25,3829,1787,632.1,0.166,1,gain
733332.50,4050935.75,2474.10,3795,1772,646.1,0.170,1,gain
733427.50,4050935.75,2512.61,3611,1582,737.2,0.194,1,gain
733115.50,4050934.75,2459.65,4527,1851,451.3,0.119,1,gain
733323.50,4050934.75,2472.61,3821,1779,638.0,0.168,1,gain
733332.50,4050934.75,2474.37,3801,1770,646.4,0.170,1,gain
733104.50,4050933.75,2457.49,4592,1870,442.5,0.116,1,gain
733114.50,4050933.75,2459.69,4540,1850,451.0,0.118,1,gain
733115.50,4050932.75,2460.35,4544,1844,452.3,0.119,1,gain
733292.50,4050930.75,2461.18,3920,1848,610.7,0.160,1,gain
733447.50,4050929.75,2524.17,3607,1531,758.9,0.199,1,gain
733295.50,4050928.75,2463.45,3924,1833,614.3,0.161,1,gain
733296.50,4050928.75,2463.91,3921,1830,615.2,0.162,1,gain
733449.50,4050928.75,2524.50,3609,1530,761.2,0.200,1,gain
732997.50,4050927.75,2464.47,5457,1791,360.9,0.095,1,gain
732998.50,4050926.75,2464.54,5458,1791,362.3,0.095,1,gain
733301.50,4050925.75,2466.05,3927,1817,621.0,0.163,1,gain
733308.50,4050925.75,2467.93,3909,1806,627.5,0.165,1,gain
733309.50,4050925.75,2468.45,3907,1803,628.4,0.165,1,gain
733310.50,4050925.75,2469.06,3904,1799,629.4,0.165,1,gain
733311.50,4050925.75,2469.96,3902,1794,630.3,0.166,1,gain
733442.50,4050925.75,2522.12,3635,1539,755.3,0.198,1,gain
733307.50,4050924.75,2467.62,3917,1808,627.0,0.165,1,gain
733308.50,4050924.75,2467.62,3915,1808,627.9,0.165,1,gain
733317.50,4050924.75,2471.53,3893,1785,636.2,0.167,1,gain
733442.50,4050924.75,2522.29,3640,1538,755.6,0.199,1,gain
733292.50,4050921.75,2464.76,3974,1824,614.4,0.161,1,gain
733292.50,4050920.75,2464.81,3979,1824,614.8,0.162,1,gain
733293.50,4050920.75,2465.32,3977,1821,615.7,0.162,1,gain
733294.50,4050920.75,2465.80,3974,1818,616.6,0.162,1,gain
733294.50,4050919.75,2466.01,3980,1817,617.0,0.162,1,gain
733295.50,4050918.75,2466.72,3983,1812,618.4,0.162,1,gain
733296.50,4050918.75,2467.36,3981,1808,619.3,0.163,1,gain
733296.50,4050917.75,2467.36,3987,1808,619.7,0.163,1,gain
733116.50,4050916.75,2466.05,4670,1793,461.9,0.121,1,gain
733296.50,4050916.75,2467.52,3993,1807,620.1,0.163,1,gain
733298.50,4050916.75,2467.64,3987,1807,621.9,0.163,1,gain
733299.50,4050915.75,2467.86,3991,1805,623.3,0.164,1,gain
733115.50,4050914.75,2466.63,4691,1787,462.1,0.121,1,gain
733295.50,4050914.75,2467.40,4007,1808,620.0,0.163,1,gain
733299.50,4050914.75,2468.13,3997,1804,623.7,0.164,1,gain
733300.50,4050914.75,2468.21,3994,1803,624.6,0.164,1,gain
733433.50,4050914.75,2518.98,3705,1552,750.3,0.197,1,gain
733430.50,4050912.75,2518.63,3720,1552,748.1,0.197,1,gain
733296.50,4050911.75,2465.60,4022,1819,622.1,0.163,1,gain
733433.50,4050911.75,2520.46,3719,1544,751.4,0.197,1,gain
733406.50,4050910.75,2505.35,3775,1614,725.4,0.191,1,gain
733302.50,4050909.75,2469.19,4018,1797,628.5,0.165,1,gain
733405.50,4050909.75,2504.87,3782,1616,724.8,0.190,1,gain
733406.50,4050909.75,2505.39,3780,1613,725.8,0.191,1,gain
733407.50,4050909.75,2506.40,3778,1608,726.8,0.191,1,gain
733406.50,4050908.75,2505.19,3786,1614,726.2,0.191,1,gain
733301.50,4050907.75,2467.72,4032,1806,628.4,0.165,1,gain
733442.50,4050907.75,2524.25,3723,1529,761.5,0.200,1,gain
733694.50,4050907.75,2649.69,3379,1133,1017.0,0.267,1,gain
733302.50,4050906.75,2467.92,4035,1805,629.7,0.165,1,gain
733442.50,4050906.75,2524.03,3727,1530,761.9,0.200,1,gain
733440.50,4050905.75,2523.14,3736,1534,760.3,0.200,1,gain
733436.50,4050904.75,2522.27,3748,1537,756.8,0.199,1,gain
733437.50,4050904.75,2522.27,3746,1537,757.7,0.199,1,gain
733362.50,4050903.75,2489.83,3904,1686,686.5,0.180,1,gain
733435.50,4050903.75,2521.93,3755,1538,756.2,0.199,1,gain
733432.50,4050902.75,2520.15,3765,1546,753.6,0.198,1,gain
733666.50,4050902.75,2631.97,3428,1182,988.6,0.260,1,gain
733363.50,4050901.75,2490.56,3913,1682,688.2,0.181,1,gain
733430.50,4050901.75,2519.08,3774,1551,752.0,0.198,1,gain
733433.50,4050901.75,2520.79,3768,1543,754.9,0.198,1,gain
733667.50,4050901.75,2632.32,3431,1181,989.9,0.260,1,gain
733430.50,4050900.75,2519.51,3779,1548,752.4,0.198,1,gain
733431.50,4050900.75,2519.86,3777,1547,753.4,0.198,1,gain
733639.50,4050900.75,2612.86,3467,1240,960.4,0.252,1,gain
733649.50,4050900.75,2621.89,3455,1210,971.4,0.255,1,gain
733430.50,4050899.75,2519.91,3784,1546,752.8,0.198,1,gain
733431.50,4050899.75,2520.18,3782,1545,753.8,0.198,1,gain
733638.50,4050899.75,2611.58,3472,1245,959.5,0.252,1,gain
733639.50,4050899.75,2612.56,3471,1242,960.6,0.252,1,gain
733642.50,4050899.75,2616.22,3467,1229,964.1,0.253,1,gain
733643.50,4050899.75,2616.82,3466,1227,965.1,0.254,1,gain
733651.50,4050899.75,2622.55,3456,1209,973.6,0.256,1,gain
733111.50,4050898.75,2471.99,4845,1739,468.1,0.123,1,gain
733366.50,4050898.75,2491.98,3922,1675,692.2,0.182,1,gain
733366.50,4050897.75,2491.98,3927,1675,692.6,0.182,1,gain
733421.50,4050894.75,2515.28,3826,1567,745.9,0.196,1,gain
733300.50,4050893.75,2462.57,4116,1838,633.4,0.166,1,gain
733368.50,4050890.75,2493.83,3960,1665,697.3,0.183,1,gain
733368.50,4050889.75,2493.86,3965,1665,697.7,0.183,1,gain
733437.50,4050889.75,2522.90,3819,1534,763.2,0.201,1,gain
733370.50,4050886.75,2495.17,3976,1658,700.8,0.184,1,gain
733386.50,4050885.75,2502.06,3945,1625,716.2,0.188,1,gain
733374.50,4050884.75,2496.78,3977,1650,705.4,0.185,1,gain
733375.50,4050884.75,2497.87,3975,1645,706.3,0.186,1,gain
733375.50,4050883.75,2497.83,3980,1645,706.7,0.186,1,gain
733376.50,4050883.75,2498.45,3978,1642,707.7,0.186,1,gain
733377.50,4050882.75,2499.07,3981,1639,709.0,0.186,1,gain
733378.50,4050882.75,2499.49,3978,1637,710.0,0.187,1,gain
733379.50,4050882.75,2499.49,3976,1637,710.9,0.187,1,gain
733379.50,4050881.75,2499.64,3981,1636,711.3,0.187,1,gain
733381.50,4050880.75,2501.09,3982,1629,713.6,0.188,1,gain
733381.50,4050878.75,2501.00,3992,1629,714.4,0.188,1,gain
733382.50,4050876.75,2501.55,4000,1627,716.2,0.188,1,gain
733383.50,4050875.75,2502.04,4003,1624,717.5,0.189,1,gain
733384.50,4050872.75,2502.29,4016,1623,719.7,0.189,1,gain
733695.50,4050872.75,2651.14,3507,1131,1027.9,0.270,1,gain
733108.50,4050871.75,2485.52,5086,1617,482.5,0.127,1,gain
733385.50,4050871.75,2502.96,4019,1620,721.1,0.189,1,gain
733107.50,4050870.75,2485.81,5100,1614,482.4,0.127,1,gain
733387.50,4050870.75,2504.08,4019,1615,723.4,0.190,1,gain
733388.50,4050869.75,2504.44,4022,1613,724.7,0.190,1,gain
733390.50,4050868.75,2505.73,4022,1607,727.0,0.191,1,gain
733683.50,4050865.75,2644.39,3547,1149,1017.4,0.267,1,gain
733686.50,4050865.75,2645.91,3543,1145,1020.5,0.268,1,gain
733356.50,4050863.75,2494.22,4131,1660,697.8,0.183,1,gain
733357.50,4050863.75,2494.50,4129,1658,698.7,0.184,1,gain
733395.50,4050863.75,2507.40,4036,1600,733.8,0.193,1,gain
733396.50,4050863.75,2508.13,4034,1596,734.7,0.193,1,gain
733400.50,4050861.75,2511.54,4034,1580,739.4,0.194,1,gain
733404.50,4050861.75,2512.85,4025,1574,743.1,0.195,1,gain
733401.50,4050860.75,2511.45,4037,1580,740.7,0.195,1,gain
733402.50,4050860.75,2512.02,4035,1578,741.7,0.195,1,gain
733404.50,4050859.75,2512.95,4035,1574,744.0,0.195,1,gain
733405.50,4050859.75,2513.38,4033,1572,744.9,0.196,1,gain
733763.50,4050856.75,2703.78,3488,991,1106.9,0.291,1,gain
733456.50,4050854.75,2526.24,3947,1528,794.4,0.209,1,gain
733100.50,4050846.75,2496.16,5351,1519,493.1,0.130,1,gain
733101.50,4050844.75,2497.10,5361,1512,495.2,0.130,1,gain
733102.50,4050843.75,2497.28,5362,1511,496.6,0.131,1,gain
733532.50,4050833.75,2556.64,3896,1422,875.1,0.230,1,gain
733658.50,4050833.75,2617.62,3698,1239,999.7,0.263,1,gain
733443.50,4050766.75,2540.21,4379,1457,823.3,0.216,1,gain
733444.50,4050766.75,2540.59,4377,1456,824.2,0.217,1,gain
733445.50,4050766.75,2540.86,4374,1455,825.1,0.217,1,gain
733446.50,4050766.75,2540.86,4372,1455,826.0,0.217,1,gain
733447.50,4050766.75,2541.09,4369,1455,826.9,0.217,1,gain
733444.50,4050765.75,2540.65,4381,1455,824.7,0.217,1,gain
733447.50,4050765.75,2541.44,4374,1453,827.4,0.217,1,gain
733445.50,4050764.75,2541.20,4383,1453,826.1,0.217,1,gain
733447.50,4050763.75,2541.64,4383,1452,828.4,0.218,1,gain
733461.50,4050745.75,2550.94,4427,1416,850.4,0.223,1,gain
733461.50,4050744.75,2551.20,4431,1415,850.9,0.224,1,gain
733462.50,4050744.75,2551.57,4428,1413,851.8,0.224,1,gain
733463.50,4050744.75,2551.90,4426,1412,852.7,0.224,1,gain
733462.50,4050743.75,2551.78,4433,1413,852.3,0.224,1,gain
733463.50,4050743.75,2552.11,4430,1412,853.2,0.224,1,gain
733464.50,4050743.75,2552.35,4428,1411,854.1,0.224,1,gain
733464.50,4050742.75,2552.55,4432,1410,854.6,0.225,1,gain
733465.50,4050742.75,2552.83,4430,1409,855.5,0.225,1,gain
733465.50,4050741.75,2553.14,4434,1408,856.0,0.225,1,gain
733466.50,4050741.75,2553.52,4431,1407,856.9,0.225,1,gain
733464.50,4050740.75,2553.33,4441,1406,855.7,0.225,1,gain
733466.50,4050740.75,2553.78,4436,1405,857.5,0.225,1,gain
733467.50,4050740.75,2554.61,4433,1402,858.4,0.226,1,gain
733468.50,4050740.75,2554.61,4431,1403,859.3,0.226,1,gain
733465.50,4050739.75,2554.32,4443,1402,857.2,0.225,1,gain
733468.50,4050739.75,2554.63,4435,1403,859.8,0.226,1,gain
733469.50,4050739.75,2554.84,4432,1402,860.7,0.226,1,gain
733455.50,4050738.75,2549.35,4473,1421,848.6,0.223,1,gain
733466.50,4050738.75,2555.10,4444,1399,858.6,0.226,1,gain
733455.50,4050737.75,2549.56,4477,1420,849.1,0.223,1,gain
733467.50,4050737.75,2554.90,4446,1401,860.0,0.226,1,gain
733468.50,4050737.75,2554.90,4444,1401,860.8,0.226,1,gain
733470.50,4050737.75,2555.76,4439,1398,862.6,0.227,1,gain
733456.50,4050736.75,2550.54,4479,1416,850.6,0.224,1,gain
733457.50,4050735.75,2551.12,4481,1414,852.0,0.224,1,gain
733458.50,4050735.75,2551.12,4478,1414,852.9,0.224,1,gain
733460.50,4050734.75,2552.14,4477,1410,855.2,0.225,1,gain
733739.50,4050707.75,2678.69,4023,1078,1131.5,0.297,1,gain
733943.50,4051844.75,2625.90,139,1331,1397.2,0.367,1,loss
733915.50,4051807.75,2595.40,218,1421,1351.8,0.355,1,loss
733734.50,4051692.75,2474.23,301,1817,1131.1,0.297,0,loss
733733.50,4051691.75,2473.91,303,1818,1129.8,0.297,1,loss
733657.50,4051654.75,2470.45,292,1828,1045.3,0.275,1,loss
733657.50,4051653.75,2470.67,296,1827,1044.8,0.275,1,loss
733658.50,4051653.75,2471.49,299,1823,1045.7,0.275,1,loss
733660.50,4051653.75,2473.43,303,1815,1047.5,0.275,1,loss
733659.50,4051652.75,2473.28,305,1815,1046.1,0.275,1,loss
733549.50,4051630.75,2455.91,127,1895,938.8,0.247,1,loss
733584.50,4051614.75,2471.63,301,1817,962.1,0.253,1,loss
733583.50,4051611.75,2470.53,313,1822,959.8,0.252,1,loss
733584.50,4051611.75,2471.14,316,1820,960.7,0.252,1,loss
733583.50,4051610.75,2470.45,318,1823,959.3,0.252,1,loss
733584.50,4051610.75,2470.92,320,1820,960.2,0.252,1,loss
733582.50,4051609.75,2469.26,320,1828,958.0,0.252,1,loss
733584.50,4051609.75,2470.73,325,1821,959.8,0.252,1,loss
733586.50,4051609.75,2472.15,330,1815,961.6,0.253,1,loss
733587.50,4051608.75,2473.11,337,1810,962.0,0.253,1,loss
733587.50,4051607.75,2472.97,342,1811,961.5,0.253,1,loss
733588.50,4051607.75,2473.39,345,1809,962.4,0.253,1,loss
733588.50,4051606.75,2473.01,350,1811,962.0,0.253,1,loss
733588.50,4051605.75,2472.75,354,1812,961.5,0.253,1,loss
733589.50,4051605.75,2473.36,357,1809,962.4,0.253,1,loss
733588.50,4051604.75,2472.75,359,1812,961.1,0.253,1,loss
733589.50,4051604.75,2473.07,362,1810,962.0,0.253,1,loss
733618.50,4051580.75,2490.46,539,1733,978.1,0.257,1,loss
733640.50,4051564.75,2504.04,655,1677,992.1,0.261,1,loss
733640.50,4051556.75,2505.80,690,1669,989.1,0.260,1,loss
733470.50,4051543.75,2437.55,370,1989,828.4,0.218,1,loss
733471.50,4051543.75,2438.76,373,1982,829.2,0.218,1,loss
733470.50,4051542.75,2437.02,376,1991,827.9,0.218,1,loss
733532.50,4051538.75,2480.17,551,1768,882.1,0.232,1,loss
733533.50,4051538.75,2480.29,554,1767,883.0,0.232,1,loss
733534.50,4051538.75,2480.29,556,1767,883.9,0.232,1,loss
733535.50,4051538.75,2480.16,558,1768,884.8,0.233,1,loss
733537.50,4051538.75,2481.01,563,1764,886.7,0.233,1,loss
733535.50,4051537.75,2479.73,564,1770,884.4,0.232,1,loss
733531.50,4051536.75,2478.57,559,1775,880.3,0.231,1,loss
733532.50,4051536.75,2478.71,562,1775,881.3,0.232,1,loss
733533.50,4051536.75,2478.71,564,1775,882.2,0.232,1,loss
733532.50,4051535.75,2478.10,567,1778,880.8,0.231,1,loss
733533.50,4051535.75,2478.10,569,1778,881.7,0.232,1,loss
733534.50,4051535.75,2478.22,571,1777,882.6,0.232,1,loss
733534.50,4051534.75,2477.47,577,1781,882.2,0.232,0,loss
733533.50,4051532.75,2476.72,584,1784,880.5,0.231,1,loss
733537.50,4051531.75,2477.44,599,1781,883.7,0.232,1,loss
733609.50,4051513.75,2511.55,827,1635,944.5,0.248,1,loss
733864.50,4051511.75,2585.88,1182,1433,1190.5,0.313,1,loss
733573.50,4051508.75,2500.28,784,1678,908.7,0.239,1,loss
733327.50,4051504.75,2394.11,146,2311,686.5,0.180,1,loss
733529.50,4051504.75,2470.97,718,1811,865.5,0.227,0,loss
733530.50,4051504.75,2471.52,720,1808,866.5,0.228,1,loss
733529.50,4051503.75,2471.04,723,1811,865.2,0.227,1,loss
733569.50,4051501.75,2495.68,810,1698,902.2,0.237,1,loss
733573.50,4051496.75,2496.69,842,1694,904.1,0.238,1,loss
733573.50,4051495.75,2496.17,846,1697,903.7,0.237,1,loss
733344.50,4051494.75,2403.66,278,2232,695.8,0.183,1,loss
733638.50,4051494.75,2527.56,960,1574,966.0,0.254,1,loss
733547.50,4051490.75,2484.00,823,1749,877.3,0.231,1,loss
733548.50,4051490.75,2484.61,825,1747,878.2,0.231,1,loss
733616.50,4051490.75,2520.87,943,1596,943.6,0.248,1,loss
733280.50,4051489.75,2379.76,61,2457,640.1,0.168,1,loss
733293.50,4051489.75,2380.09,118,2438,651.2,0.171,1,loss
733278.50,4051488.75,2378.97,60,2465,637.9,0.168,1,loss
733280.50,4051488.75,2379.87,69,2456,639.5,0.168,1,loss
733293.50,4051488.75,2380.04,125,2438,650.7,0.171,1,loss
733488.50,4051487.75,2470.42,717,1810,821.2,0.216,1,loss
733489.50,4051487.75,2470.42,719,1811,822.1,0.216,1,loss
733616.50,4051487.75,2520.30,956,1598,942.5,0.248,1,loss
733617.50,4051487.75,2520.78,958,1597,943.5,0.248,1,loss
733285.50,4051486.75,2380.63,106,2443,642.8,0.169,1,loss
733286.50,4051486.75,2380.63,111,2442,643.6,0.169,1,loss
733287.50,4051486.75,2380.72,115,2440,644.5,0.169,1,loss
733288.50,4051486.75,2380.73,119,2438,645.3,0.170,1,loss
733613.50,4051486.75,2518.03,956,1608,939.2,0.247,1,loss
733703.50,4051486.75,2535.23,1087,1563,1025.4,0.269,1,loss
733704.50,4051486.75,2535.60,1089,1562,1026.4,0.270,1,loss
733706.50,4051486.75,2536.07,1091,1561,1028.3,0.270,1,loss
733284.50,4051485.75,2381.22,109,2439,641.3,0.169,1,loss
733285.50,4051485.75,2380.99,114,2440,642.2,0.169,1,loss
733286.50,4051485.75,2380.99,118,2439,643.1,0.169,1,loss
733287.50,4051485.75,2381.36,122,2435,643.9,0.169,1,loss
733288.50,4051485.75,2381.12,127,2435,644.8,0.169,1,loss
733610.50,4051485.75,2517.12,956,1611,936.0,0.246,1,loss
733623.50,4051485.75,2521.95,976,1593,948.5,0.249,1,loss
733624.50,4051485.75,2522.38,978,1592,949.5,0.249,1,loss
733700.50,4051485.75,2534.62,1087,1565,1022.2,0.269,1,loss
733701.50,4051485.75,2534.78,1089,1564,1023.1,0.269,1,loss
733702.50,4051485.75,2534.92,1090,1564,1024.1,0.269,1,loss
733703.50,4051485.75,2535.29,1091,1563,1025.1,0.269,1,loss
733704.50,4051485.75,2535.67,1093,1562,1026.1,0.270,1,loss
733705.50,4051485.75,2535.86,1094,1561,1027.0,0.270,1,loss
733286.50,4051484.75,2381.39,126,2435,642.6,0.169,1,loss
733288.50,4051484.75,2381.42,134,2433,644.3,0.169,1,loss
733624.50,4051484.75,2522.03,982,1593,949.1,0.249,1,loss
733698.50,4051484.75,2534.45,1089,1565,1020.0,0.268,1,loss
733700.50,4051484.75,2534.62,1092,1565,1021.9,0.269,0,loss
733701.50,4051484.75,2534.78,1093,1564,1022.8,0.269,1,loss
733702.50,4051484.75,2534.92,1094,1564,1023.8,0.269,1,loss
733287.50,4051483.75,2381.62,138,2432,642.9,0.169,1,loss
733624.50,4051483.75,2521.72,987,1595,948.8,0.249,1,loss
733697.50,4051483.75,2534.22,1092,1565,1018.7,0.268,1,loss
733284.50,4051482.75,2381.62,132,2435,639.8,0.168,1,loss
733271.50,4051481.75,2378.43,83,2475,628.5,0.165,1,loss
733286.50,4051480.75,2382.46,156,2426,640.5,0.168,1,loss
733261.50,4051477.75,2376.62,70,2501,618.2,0.162,1,loss
733428.50,4051477.75,2446.79,632,1939,762.1,0.200,1,loss
733437.50,4051477.75,2449.61,654,1922,770.3,0.202,1,loss
733518.50,4051477.75,2479.52,831,1767,845.4,0.222,1,loss
733261.50,4051476.75,2376.75,78,2499,617.7,0.162,1,loss
733424.50,4051476.75,2446.15,628,1943,758.0,0.199,1,loss
733425.50,4051476.75,2446.53,630,1940,758.9,0.199,1,loss
733436.50,4051476.75,2450.11,658,1919,768.9,0.202,1,loss
733437.50,4051476.75,2450.20,660,1918,769.9,0.202,1,loss
733517.50,4051476.75,2479.36,834,1768,844.1,0.222,1,loss
733270.50,4051475.75,2379.00,126,2469,624.6,0.164,1,loss
733422.50,4051475.75,2445.90,628,1944,755.8,0.199,1,loss
733423.50,4051475.75,2446.17,631,1943,756.7,0.199,1,loss
733435.50,4051475.75,2449.82,661,1921,767.6,0.202,1,loss
733436.50,4051475.75,2450.11,663,1919,768.5,0.202,0,loss
733437.50,4051475.75,2451.11,666,1913,769.5,0.202,1,loss
733476.50,4051475.75,2464.44,755,1841,805.4,0.212,1,loss
733519.50,4051475.75,2481.30,843,1758,845.7,0.222,1,loss
733421.50,4051474.75,2446.23,632,1942,754.4,0.198,1,loss
733422.50,4051474.75,2446.60,634,1940,755.4,0.198,1,loss
733423.50,4051474.75,2447.19,637,1937,756.3,0.199,1,loss
733430.50,4051474.75,2449.47,654,1923,762.7,0.200,1,loss
733431.50,4051474.75,2449.88,657,1921,763.6,0.201,1,loss
733485.50,4051474.75,2469.58,780,1814,813.4,0.214,1,loss
733421.50,4051473.75,2446.73,637,1939,754.0,0.198,1,loss
733422.50,4051473.75,2447.09,640,1937,754.9,0.198,1,loss
733423.50,4051473.75,2447.63,642,1934,755.9,0.199,1,loss
733508.50,4051473.75,2478.66,832,1770,834.6,0.219,1,loss
733258.50,4051472.75,2376.09,96,2506,613.2,0.161,1,loss
733422.50,4051472.75,2447.47,646,1935,754.5,0.198,1,loss
733423.50,4051472.75,2447.80,648,1933,755.5,0.199,1,loss
733507.50,4051472.75,2479.30,835,1767,833.3,0.219,1,loss
733508.50,4051472.75,2479.42,837,1766,834.3,0.219,1,loss
733258.50,4051471.75,2376.21,104,2505,612.7,0.161,1,loss
733416.50,4051471.75,2444.83,637,1951,748.7,0.197,0,loss
733421.50,4051471.75,2447.48,649,1935,753.2,0.198,1,loss
733423.50,4051471.75,2448.08,654,1931,755.1,0.198,1,loss
733424.50,4051471.75,2448.75,657,1928,756.0,0.199,1,loss
733417.50,4051470.75,2446.90,645,1939,749.2,0.197,1,loss
733420.50,4051470.75,2448.67,652,1928,751.9,0.198,1,loss
733500.50,4051470.75,2476.43,831,1780,826.0,0.217,1,loss
733505.50,4051470.75,2478.46,841,1770,830.7,0.218,1,loss
733417.50,4051469.75,2447.72,651,1934,748.8,0.197,1,loss
733418.50,4051469.75,2448.71,653,1928,749.7,0.197,1,loss
733504.50,4051469.75,2478.00,845,1773,829.4,0.218,1,loss
733505.50,4051469.75,2478.46,847,1770,830.4,0.218,1,loss
733414.50,4051468.75,2447.42,649,1936,745.6,0.196,1,loss
733415.50,4051468.75,2447.42,651,1936,746.5,0.196,1,loss
733416.50,4051468.75,2447.95,654,1933,747.4,0.196,1,loss
733425.50,4051468.75,2451.29,676,1913,755.7,0.199,1,loss
733413.50,4051467.75,2446.81,652,1940,744.3,0.196,1,loss
733508.50,4051467.75,2480.61,863,1760,832.5,0.219,1,loss
733506.50,4051466.75,2478.80,864,1769,830.2,0.218,1,loss
733507.50,4051466.75,2480.06,866,1763,831.2,0.218,1,loss
733508.50,4051466.75,2480.60,868,1760,832.2,0.219,1,loss
733299.50,4051464.75,2390.29,326,2351,643.5,0.169,1,loss
733301.50,4051464.75,2390.77,334,2346,645.2,0.170,1,loss
733259.50,4051459.75,2376.68,205,2494,607.7,0.160,1,loss
733257.50,4051458.75,2376.98,205,2495,605.4,0.159,1,loss
733588.50,4051457.75,2514.01,1049,1618,905.9,0.238,1,loss
733417.50,4051455.75,2449.95,733,1920,743.3,0.195,1,loss
733418.50,4051454.75,2450.07,741,1920,743.8,0.195,1,loss
733436.50,4051454.75,2457.48,782,1877,760.4,0.200,1,loss
733435.50,4051453.75,2456.67,786,1881,759.1,0.199,1,loss
733436.50,4051453.75,2457.07,788,1879,760.1,0.200,1,loss
733312.50,4051448.75,2396.92,486,2290,647.3,0.170,1,loss
733312.50,4051447.75,2396.91,493,2290,646.9,0.170,1,loss
733313.50,4051447.75,2397.25,496,2287,647.8,0.170,1,loss
733402.50,4051447.75,2437.86,745,1992,726.6,0.191,1,loss
733403.50,4051447.75,2437.93,747,1991,727.5,0.191,1,loss
733612.50,4051447.75,2518.60,1131,1605,925.9,0.243,1,loss
733457.50,4051446.75,2463.53,872,1844,777.1,0.204,1,loss
733457.50,4051445.75,2463.26,878,1845,776.7,0.204,1,loss
733517.50,4051445.75,2488.52,991,1722,833.7,0.219,1,loss
733453.50,4051444.75,2461.48,875,1855,772.6,0.203,1,loss
733550.50,4051443.75,2505.09,1056,1649,865.0,0.227,1,loss
733552.50,4051443.75,2505.71,1059,1646,866.9,0.228,1,loss
733549.50,4051442.75,2504.26,1059,1653,863.7,0.227,1,loss
733550.50,4051441.75,2505.03,1066,1649,864.3,0.227,1,loss
733776.50,4051439.75,2553.98,1355,1516,1083.7,0.285,0,loss
733781.50,4051439.75,2554.97,1360,1514,1088.7,0.286,0,loss
733782.50,4051439.75,2555.20,1361,1513,1089.6,0.286,1,loss
733488.50,4051438.75,2478.46,975,1768,803.7,0.211,1,loss
733776.50,4051438.75,2554.17,1359,1515,1083.5,0.285,0,loss
733777.50,4051438.75,2554.51,1360,1514,1084.5,0.285,1,loss
733776.50,4051437.75,2554.33,1363,1515,1083.3,0.285,0,loss
733777.50,4051437.75,2554.67,1364,1514,1084.3,0.285,0,loss
733778.50,4051437.75,2554.93,1365,1513,1085.3,0.285,1,loss
733500.50,4051436.75,2483.30,1007,1745,814.5,0.214,1,loss
733661.50,4051436.75,2535.15,1243,1550,970.8,0.255,1,loss
733662.50,4051436.75,2535.29,1244,1550,971.7,0.255,1,loss
733663.50,4051436.75,2535.52,1245,1549,972.7,0.256,1,loss
733321.50,4051435.75,2400.24,604,2259,649.7,0.171,1,loss
733669.50,4051435.75,2536.93,1256,1545,978.3,0.257,1,loss
733670.50,4051435.75,2537.26,1258,1544,979.3,0.257,1,loss
733674.50,4051434.75,2538.08,1266,1542,982.9,0.258,1,loss
733675.50,4051434.75,2538.35,1268,1542,983.9,0.259,1,loss
733676.50,4051434.75,2538.68,1269,1541,984.9,0.259,1,loss
733674.50,4051433.75,2537.80,1271,1544,982.6,0.258,1,loss
733676.50,4051433.75,2538.58,1273,1541,984.6,0.259,1,loss
733430.50,4051427.75,2450.47,924,1915,745.2,0.196,1,loss
733723.50,4051425.75,2549.32,1357,1515,1028.7,0.270,1,loss
733724.50,4051425.75,2549.32,1358,1515,1029.7,0.271,1,loss
733325.50,4051424.75,2404.19,690,2229,648.6,0.170,1,loss
733720.50,4051424.75,2548.90,1358,1516,1025.6,0.269,1,loss
733721.50,4051424.75,2549.12,1359,1515,1026.5,0.270,1,loss
733722.50,4051424.75,2549.33,1360,1515,1027.5,0.270,1,loss
733723.50,4051424.75,2549.48,1361,1514,1028.5,0.270,1,loss
733724.50,4051424.75,2549.48,1362,1515,1029.5,0.271,0,loss
733174.50,4051423.75,2387.76,106,2518,515.3,0.135,1,loss
733254.50,4051423.75,2384.31,468,2431,586.0,0.154,1,loss
733719.50,4051423.75,2548.60,1361,1516,1024.3,0.269,1,loss
733720.50,4051423.75,2548.93,1362,1515,1025.3,0.269,1,loss
733721.50,4051423.75,2549.21,1363,1515,1026.3,0.270,1,loss
733722.50,4051423.75,2549.43,1364,1514,1027.3,0.270,1,loss
733724.50,4051423.75,2549.67,1366,1514,1029.2,0.270,1,loss
733171.50,4051422.75,2387.59,99,2525,512.2,0.135,1,loss
733173.50,4051422.75,2387.92,110,2518,513.9,0.135,1,loss
733407.50,4051422.75,2436.40,905,1998,722.1,0.190,1,loss
733720.50,4051422.75,2548.92,1366,1516,1025.1,0.269,1,loss
733726.50,4051422.75,2550.43,1372,1512,1031.0,0.271,1,loss
733727.50,4051422.75,2550.66,1373,1511,1032.0,0.271,1,loss
733723.50,4051421.75,2549.63,1373,1514,1027.8,0.270,1,loss
733724.50,4051421.75,2549.88,1374,1513,1028.8,0.270,1,loss
733725.50,4051421.75,2550.15,1375,1513,1029.8,0.271,1,loss
733726.50,4051421.75,2550.44,1376,1512,1030.7,0.271,1,loss
733492.50,4051420.75,2486.20,1076,1728,801.9,0.211,1,loss
733158.50,4051419.75,2378.48,57,2632,501.0,0.132,1,loss
733173.50,4051417.75,2388.37,158,2511,511.4,0.134,1,loss
733173.50,4051416.75,2387.84,168,2515,511.0,0.134,1,loss
733258.50,4051415.75,2385.47,544,2416,586.0,0.154,1,loss
733258.50,4051414.75,2385.33,552,2416,585.6,0.154,1,loss
733259.50,4051413.75,2386.04,563,2410,586.0,0.154,1,loss
733260.50,4051413.75,2386.43,567,2406,586.9,0.154,1,loss
733174.50,4051412.75,2389.24,211,2499,509.8,0.134,1,loss
733259.50,4051412.75,2386.18,571,2408,585.6,0.154,1,loss
733259.50,4051411.75,2386.18,579,2408,585.2,0.154,1,loss
733173.50,4051407.75,2389.78,253,2493,506.5,0.133,1,loss
733168.50,4051401.75,2389.32,285,2503,499.4,0.131,1,loss
733169.50,4051400.75,2390.34,299,2491,499.6,0.131,1,loss
733170.50,4051400.75,2390.83,304,2485,500.5,0.132,1,loss
733171.50,4051396.75,2392.35,347,2468,499.3,0.131,1,loss
733176.50,4051396.75,2392.99,370,2455,503.6,0.132,1,loss
733160.50,4051393.75,2387.17,322,2532,489.0,0.128,1,loss
733162.50,4051393.75,2388.44,332,2517,490.6,0.129,1,loss
733161.50,4051392.75,2388.03,337,2522,489.3,0.129,1,loss
733556.50,4051392.75,2513.15,1310,1613,856.5,0.225,1,loss
733169.50,4051391.75,2391.72,384,2475,495.4,0.130,1,loss
733154.50,4051390.75,2385.38,322,2558,482.6,0.127,1,loss
733163.50,4051390.75,2389.16,366,2507,490.0,0.129,1,loss
733162.50,4051389.75,2388.69,371,2513,488.7,0.128,1,loss
733154.50,4051388.75,2385.86,341,2553,481.6,0.127,1,loss
733161.50,4051388.75,2388.37,375,2517,487.4,0.128,1,loss
733181.50,4051388.75,2393.80,466,2438,504.5,0.133,1,loss
733180.50,4051387.75,2393.72,471,2440,503.2,0.132,0,loss
733181.50,4051387.75,2393.85,475,2437,504.0,0.132,1,loss
733158.50,4051386.75,2387.13,380,2533,484.1,0.127,1,loss
733173.50,4051386.75,2392.57,449,2459,496.6,0.130,1,loss
733174.50,4051386.75,2392.93,454,2455,497.5,0.131,1,loss
733177.50,4051386.75,2393.74,467,2443,500.0,0.131,1,loss
733178.50,4051386.75,2393.91,471,2440,500.9,0.132,1,loss
733179.50,4051386.75,2393.93,475,2439,501.8,0.132,1,loss
733180.50,4051386.75,2393.99,480,2437,502.7,0.132,1,loss
733183.50,4051386.75,2394.12,493,2432,505.4,0.133,1,loss
733315.50,4051386.75,2405.45,921,2223,625.3,0.164,1,loss
733160.50,4051385.75,2388.04,399,2521,485.3,0.128,1,loss
733161.50,4051385.75,2388.37,404,2516,486.1,0.128,1,loss
733164.50,4051385.75,2389.16,418,2504,488.6,0.128,1,loss
733167.50,4051385.75,2390.71,432,2485,491.1,0.129,1,loss
733170.50,4051385.75,2392.00,445,2469,493.6,0.130,1,loss
733171.50,4051385.75,2392.29,449,2465,494.4,0.130,1,loss
733172.50,4051385.75,2392.29,454,2463,495.3,0.130,1,loss
733173.50,4051385.75,2392.54,458,2459,496.2,0.130,1,loss
733178.50,4051385.75,2393.82,480,2441,500.5,0.132,1,loss
733179.50,4051385.75,2394.00,484,2438,501.4,0.132,1,loss
733180.50,4051385.75,2394.05,489,2436,502.3,0.132,1,loss
733181.50,4051385.75,2394.05,493,2435,503.1,0.132,1,loss
733182.50,4051385.75,2394.20,497,2432,504.0,0.132,1,loss
733183.50,4051385.75,2394.15,502,2431,504.9,0.133,1,loss
733147.50,4051384.75,2383.38,346,2587,474.1,0.125,1,loss
733160.50,4051384.75,2387.89,409,2522,484.8,0.127,1,loss
733167.50,4051384.75,2390.66,441,2485,490.7,0.129,1,loss
733170.50,4051384.75,2391.87,454,2469,493.2,0.130,1,loss
733177.50,4051384.75,2393.60,485,2444,499.2,0.131,1,loss
733178.50,4051384.75,2393.88,489,2440,500.1,0.131,1,loss
733179.50,4051384.75,2394.01,494,2438,500.9,0.132,1,loss
733150.50,4051383.75,2384.72,371,2568,476.0,0.125,1,loss
733169.50,4051383.75,2391.47,459,2474,491.9,0.129,1,loss
733178.50,4051383.75,2394.06,498,2438,499.6,0.131,1,loss
733375.50,4051383.75,2426.83,1073,2060,679.4,0.179,1,loss
733397.50,4051383.75,2436.17,1115,2000,700.0,0.184,1,loss
733162.50,4051382.75,2388.26,437,2514,485.7,0.128,1,loss
733164.50,4051382.75,2389.13,446,2503,487.3,0.128,1,loss
733165.50,4051382.75,2390.46,451,2489,488.0,0.128,1,loss
733142.50,4051381.75,2383.63,351,2593,468.3,0.123,1,loss
733161.50,4051381.75,2388.26,442,2515,484.4,0.127,1,loss
733173.50,4051381.75,2392.57,495,2458,494.5,0.130,1,loss
733158.50,4051380.75,2387.68,438,2525,481.3,0.126,1,loss
733159.50,4051380.75,2387.87,443,2522,482.2,0.127,1,loss
733162.50,4051380.75,2388.50,456,2511,484.8,0.127,1,loss
733159.50,4051378.75,2388.19,462,2518,481.3,0.126,1,loss
733166.50,4051378.75,2390.47,493,2486,487.2,0.128,1,loss
733170.50,4051377.75,2391.78,520,2468,490.2,0.129,1,loss
733171.50,4051377.75,2391.78,524,2466,491.1,0.129,1,loss
733277.50,4051377.75,2401.22,886,2277,587.1,0.154,1,loss
733133.50,4051376.75,2383.44,355,2611,458.1,0.120,1,loss
733277.50,4051376.75,2401.22,893,2277,586.7,0.154,1,loss
733114.50,4051375.75,2381.66,262,2671,441.4,0.116,1,loss
733276.50,4051375.75,2400.58,898,2283,585.5,0.154,1,loss
733182.50,4051374.75,2394.36,596,2427,499.4,0.131,1,loss
733275.50,4051374.75,2399.90,902,2288,584.3,0.154,1,loss
733282.50,4051374.75,2404.43,921,2251,590.4,0.155,1,loss
733130.50,4051373.75,2382.80,371,2622,454.3,0.119,1,loss
733278.50,4051373.75,2401.85,918,2272,586.5,0.154,1,loss
733282.50,4051373.75,2404.45,928,2251,590.0,0.155,1,loss
733285.50,4051373.75,2405.49,936,2241,592.7,0.156,1,loss
733279.50,4051372.75,2402.64,927,2265,587.0,0.154,1,loss
733281.50,4051372.75,2404.01,932,2254,588.8,0.155,1,loss
733285.50,4051372.75,2405.63,943,2240,592.4,0.156,1,loss
733358.50,4051371.75,2423.64,1114,2085,659.7,0.173,1,loss
733284.50,4051370.75,2405.06,955,2245,590.8,0.155,1,loss
733285.50,4051370.75,2405.55,957,2240,591.7,0.155,1,loss
733287.50,4051370.75,2407.44,962,2226,593.4,0.156,1,loss
733285.50,4051369.75,2405.69,964,2239,591.4,0.155,1,loss
733366.50,4051369.75,2428.06,1142,2055,666.5,0.175,1,loss
733368.50,4051369.75,2429.24,1146,2048,668.4,0.176,1,loss
733365.50,4051368.75,2427.44,1146,2059,665.3,0.175,1,loss
733367.50,4051368.75,2428.66,1150,2051,667.2,0.175,1,loss
733099.50,4051366.75,2376.55,275,2757,425.1,0.112,1,loss
733367.50,4051366.75,2428.73,1162,2051,666.6,0.175,1,loss
733367.50,4051365.75,2428.79,1169,2050,666.3,0.175,1,loss
733292.50,4051364.75,2410.72,1016,2200,595.9,0.157,1,loss
733381.50,4051364.75,2436.69,1200,1999,679.1,0.178,1,loss
733368.50,4051363.75,2429.33,1183,2047,666.6,0.175,1,loss
733368.50,4051362.75,2429.33,1189,2047,666.3,0.175,1,loss
733369.50,4051362.75,2429.90,1191,2043,667.3,0.175,1,loss
733109.50,4051360.75,2378.52,398,2706,430.8,0.113,1,loss
733373.50,4051360.75,2431.40,1210,2033,670.5,0.176,1,loss
733374.50,4051360.75,2431.96,1212,2029,671.4,0.176,1,loss
733577.50,4051360.75,2523.12,1486,1574,869.9,0.229,1,loss
733578.50,4051360.75,2522.91,1487,1576,870.9,0.229,0,loss
733111.50,4051359.75,2379.80,420,2687,431.9,0.113,1,loss
733375.50,4051359.75,2432.41,1220,2026,672.1,0.177,1,loss
733111.50,4051357.75,2380.29,441,2681,430.9,0.113,1,loss
733383.50,4051357.75,2436.29,1246,2001,679.0,0.178,1,loss
733111.50,4051356.75,2380.47,452,2679,430.5,0.113,1,loss
733113.50,4051356.75,2380.54,462,2673,432.2,0.114,1,loss
733384.50,4051356.75,2436.71,1254,1999,679.7,0.179,1,loss
733385.50,4051356.75,2437.32,1255,1995,680.7,0.179,1,loss
733112.50,4051355.75,2380.83,468,2672,430.8,0.113,1,loss
733120.50,4051355.75,2382.27,508,2640,437.7,0.115,1,loss
733303.50,4051355.75,2415.67,1104,2159,603.1,0.158,1,loss
733385.50,4051355.75,2437.19,1261,1996,680.4,0.179,1,loss
733386.50,4051355.75,2437.19,1263,1995,681.4,0.179,1,loss
733391.50,4051355.75,2441.86,1271,1967,686.0,0.180,1,loss
733114.50,4051354.75,2381.23,489,2663,432.1,0.114,1,loss
733115.50,4051354.75,2381.25,494,2661,433.0,0.114,1,loss
733292.50,4051354.75,2408.97,1087,2211,592.8,0.156,1,loss
733293.50,4051354.75,2409.52,1090,2207,593.7,0.156,1,loss
733392.50,4051354.75,2442.37,1279,1964,686.7,0.180,1,loss
733102.50,4051353.75,2377.38,438,2732,421.8,0.111,1,loss
733292.50,4051353.75,2408.72,1094,2213,592.5,0.156,1,loss
733304.50,4051353.75,2416.27,1120,2155,603.4,0.159,1,loss
733391.50,4051353.75,2441.67,1283,1968,685.5,0.180,1,loss
733298.50,4051352.75,2411.85,1115,2188,597.7,0.157,1,loss
733392.50,4051352.75,2442.09,1291,1966,686.2,0.180,1,loss
733113.50,4051351.75,2380.91,516,2667,430.0,0.113,1,loss
733114.50,4051351.75,2381.11,521,2663,430.9,0.113,1,loss
733453.50,4051351.75,2469.37,1386,1811,744.9,0.196,1,loss
733113.50,4051350.75,2380.92,526,2667,429.6,0.113,1,loss
733683.50,4051350.75,2547.79,1625,1508,973.5,0.256,1,loss
733128.50,4051349.75,2381.66,608,2626,442.5,0.116,1,loss
733301.50,4051349.75,2412.77,1142,2180,599.6,0.158,1,loss
733453.50,4051349.75,2469.86,1397,1809,744.4,0.196,1,loss
733127.50,4051348.75,2381.56,613,2629,441.2,0.116,1,loss
733302.50,4051348.75,2413.20,1151,2176,600.2,0.158,1,loss
733306.50,4051347.75,2414.83,1166,2163,603.6,0.159,1,loss
733308.50,4051347.75,2416.06,1170,2154,605.4,0.159,1,loss
733310.50,4051347.75,2418.01,1174,2140,607.2,0.160,1,loss
733694.50,4051347.75,2550.32,1646,1502,983.9,0.259,1,loss
733145.50,4051346.75,2384.36,710,2567,456.2,0.120,1,loss
733303.50,4051346.75,2413.56,1167,2173,600.5,0.158,1,loss
733309.50,4051346.75,2416.70,1179,2149,606.0,0.159,1,loss
733314.50,4051346.75,2420.50,1189,2121,610.5,0.160,1,loss
733405.50,4051346.75,2448.67,1346,1926,697.1,0.183,1,loss
733693.50,4051346.75,2550.13,1649,1502,982.7,0.258,0,loss
733694.50,4051346.75,2550.32,1650,1502,983.7,0.258,1,loss
733088.50,4051345.75,2373.78,452,2804,406.7,0.107,1,loss
733309.50,4051345.75,2416.58,1186,2150,605.7,0.159,1,loss
733693.50,4051345.75,2550.28,1653,1502,982.6,0.258,1,loss
733694.50,4051345.75,2550.45,1654,1501,983.6,0.258,1,loss
733311.50,4051344.75,2418.80,1196,2134,607.2,0.160,1,loss
733312.50,4051344.75,2419.66,1198,2128,608.1,0.160,1,loss
733504.50,4051344.75,2499.71,1485,1664,793.9,0.209,1,loss
733620.50,4051344.75,2533.99,1599,1542,909.5,0.239,1,loss
733311.50,4051343.75,2418.82,1203,2134,606.9,0.159,1,loss
733457.50,4051343.75,2472.97,1434,1793,746.9,0.196,1,loss
733504.50,4051343.75,2499.61,1490,1664,793.6,0.209,1,loss
733503.50,4051342.75,2499.43,1494,1665,792.4,0.208,1,loss
733313.50,4051341.75,2419.61,1221,2128,608.2,0.160,1,loss
733637.50,4051341.75,2540.39,1627,1521,926.1,0.243,1,loss
733312.50,4051340.75,2418.87,1226,2133,607.0,0.160,1,loss
733398.50,4051340.75,2447.00,1371,1936,688.8,0.181,1,loss
733405.50,4051340.75,2449.81,1381,1919,695.6,0.183,1,loss
733635.50,4051340.75,2539.59,1630,1523,923.9,0.243,1,loss
733636.50,4051340.75,2540.05,1630,1522,924.9,0.243,1,loss
733313.50,4051339.75,2419.71,1234,2127,607.7,0.160,1,loss
733423.50,4051339.75,2457.21,1412,1877,712.8,0.187,1,loss
733635.50,4051339.75,2539.66,1634,1523,923.7,0.243,1,loss
733636.50,4051339.75,2540.11,1635,1522,924.7,0.243,1,loss
733637.50,4051339.75,2540.55,1635,1520,925.8,0.243,1,loss
733398.50,4051338.75,2446.84,1383,1937,688.3,0.181,1,loss
733403.50,4051338.75,2448.58,1390,1927,693.2,0.182,1,loss
733412.50,4051338.75,2452.85,1403,1902,701.9,0.184,1,loss
733413.50,4051338.75,2453.40,1404,1898,702.8,0.185,1,loss
733422.50,4051338.75,2457.04,1417,1878,711.6,0.187,1,loss
733423.50,4051338.75,2457.34,1418,1876,712.5,0.187,1,loss
733424.50,4051338.75,2457.71,1419,1874,713.5,0.187,1,loss
733425.50,4051338.75,2458.16,1421,1872,714.5,0.188,1,loss
733403.50,4051337.75,2448.52,1396,1927,692.9,0.182,1,loss
733404.50,4051337.75,2449.00,1397,1924,693.9,0.182,1,loss
733412.50,4051337.75,2452.86,1409,1902,701.6,0.184,1,loss
733414.50,4051337.75,2453.81,1411,1896,703.6,0.185,1,loss
733417.50,4051337.75,2455.52,1415,1886,706.5,0.186,1,loss
733418.50,4051337.75,2455.52,1417,1886,707.4,0.186,1,loss
733419.50,4051337.75,2456.05,1418,1883,708.4,0.186,1,loss
733424.50,4051337.75,2458.35,1425,1870,713.3,0.187,1,loss
733636.50,4051337.75,2540.16,1643,1521,924.4,0.243,1,loss
733110.50,4051336.75,2375.49,662,2723,422.3,0.111,1,loss
733111.50,4051336.75,2375.74,667,2718,423.1,0.111,1,loss
733125.50,4051336.75,2379.11,727,2653,435.1,0.114,1,loss
733187.50,4051336.75,2395.34,949,2405,489.7,0.129,1,loss
733416.50,4051336.75,2454.82,1420,1890,705.3,0.185,1,loss
733417.50,4051336.75,2455.41,1421,1887,706.2,0.186,1,loss
733418.50,4051336.75,2455.41,1423,1887,707.2,0.186,1,loss
733638.50,4051336.75,2541.07,1649,1518,926.2,0.243,1,loss
733123.50,4051335.75,2378.92,729,2659,433.0,0.114,1,loss
733124.50,4051335.75,2379.09,733,2655,433.8,0.114,1,loss
733318.50,4051334.75,2423.94,1277,2097,610.8,0.161,1,loss
733417.50,4051334.75,2455.36,1433,1887,705.8,0.185,1,loss
733129.50,4051333.75,2380.17,774,2633,437.4,0.115,1,loss
733318.50,4051333.75,2423.99,1284,2096,610.6,0.160,1,loss
733638.50,4051333.75,2540.63,1662,1520,925.7,0.243,0,loss
733639.50,4051333.75,2540.95,1663,1519,926.7,0.244,1,loss
733127.50,4051332.75,2379.90,776,2640,435.3,0.114,1,loss
733128.50,4051332.75,2380.00,780,2637,436.2,0.115,1,loss
733181.50,4051332.75,2392.29,966,2438,483.1,0.127,1,loss
733190.50,4051332.75,2395.44,993,2400,491.1,0.129,1,loss
733636.50,4051332.75,2540.19,1665,1521,923.5,0.243,1,loss
733637.50,4051332.75,2540.53,1666,1520,924.5,0.243,1,loss
733638.50,4051332.75,2540.53,1667,1521,925.5,0.243,1,loss
733639.50,4051332.75,2540.81,1667,1520,926.5,0.243,1,loss
733640.50,4051332.75,2541.11,1668,1519,927.5,0.244,1,loss
733191.50,4051331.75,2395.56,1005,2398,491.7,0.129,1,loss
733321.50,4051331.75,2425.65,1303,2084,612.8,0.161,1,loss
733639.50,4051331.75,2540.64,1672,1521,926.3,0.243,1,loss
733181.50,4051330.75,2391.98,984,2441,482.5,0.127,1,loss
733319.50,4051330.75,2424.69,1306,2091,610.7,0.160,1,loss
733320.50,4051330.75,2424.69,1308,2091,611.7,0.161,1,loss
733319.50,4051329.75,2424.02,1313,2096,610.5,0.160,1,loss
733317.50,4051328.75,2423.33,1316,2101,608.3,0.160,1,loss
733321.50,4051328.75,2425.73,1323,2084,612.1,0.161,1,loss
733322.50,4051328.75,2426.28,1324,2080,613.0,0.161,1,loss
733190.50,4051327.75,2394.63,1036,2407,489.6,0.129,1,loss
733317.50,4051326.75,2422.87,1329,2104,607.8,0.160,1,loss
733322.50,4051326.75,2426.20,1338,2080,612.5,0.161,1,loss
733317.50,4051325.75,2422.98,1336,2103,607.6,0.160,1,loss
733434.50,4051325.75,2465.56,1505,1831,720.4,0.189,1,loss
733108.50,4051323.75,2374.67,792,2731,415.7,0.109,1,loss
733197.50,4051323.75,2396.50,1090,2383,494.7,0.130,1,loss
733120.50,4051322.75,2380.42,850,2646,425.2,0.112,1,loss
733324.50,4051322.75,2427.07,1368,2074,613.4,0.161,1,loss
733327.50,4051321.75,2428.09,1379,2066,616.0,0.162,1,loss
733328.50,4051321.75,2428.75,1381,2062,616.9,0.162,1,loss
733329.50,4051321.75,2429.28,1382,2058,617.9,0.162,1,loss
733125.50,4051320.75,2382.04,889,2620,428.7,0.113,1,loss
733429.50,4051320.75,2466.52,1527,1825,714.4,0.188,1,loss
733326.50,4051319.75,2427.33,1391,2071,614.6,0.161,1,loss
733196.50,4051318.75,2396.66,1130,2382,492.2,0.129,1,loss
733197.50,4051318.75,2396.84,1132,2379,493.1,0.130,1,loss
733323.50,4051318.75,2425.54,1393,2084,611.5,0.161,1,loss
733326.50,4051318.75,2426.64,1398,2076,614.4,0.161,1,loss
733331.50,4051318.75,2429.30,1405,2057,619.1,0.163,1,loss
733324.50,4051316.75,2425.67,1408,2083,612.0,0.161,1,loss
733325.50,4051316.75,2426.24,1409,2079,612.9,0.161,1,loss
733331.50,4051316.75,2429.31,1419,2057,618.6,0.163,1,loss
733323.50,4051315.75,2424.93,1413,2088,610.8,0.161,1,loss
733324.50,4051315.75,2425.45,1414,2084,611.8,0.161,1,loss
733325.50,4051315.75,2425.99,1416,2080,612.7,0.161,1,loss
733331.50,4051315.75,2429.29,1425,2057,618.4,0.162,1,loss
733323.50,4051314.75,2424.77,1419,2089,610.6,0.160,1,loss
733332.50,4051314.75,2430.41,1433,2050,619.1,0.163,1,loss
733335.50,4051314.75,2431.46,1438,2042,621.9,0.163,1,loss
733555.50,4051314.75,2524.76,1682,1560,839.6,0.221,1,loss
733194.50,4051313.75,2397.45,1167,2377,488.7,0.128,1,loss
733195.50,4051313.75,2397.64,1169,2375,489.7,0.129,1,loss
733336.50,4051313.75,2432.02,1446,2038,622.6,0.164,1,loss
733126.50,4051312.75,2382.17,973,2615,426.9,0.112,1,loss
733193.50,4051312.75,2397.67,1173,2376,487.5,0.128,1,loss
733427.50,4051312.75,2468.48,1570,1814,710.9,0.187,1,loss
733552.50,4051312.75,2524.07,1689,1562,836.3,0.220,1,loss
733126.50,4051311.75,2381.97,983,2616,426.6,0.112,1,loss
733338.50,4051311.75,2432.93,1462,2032,624.1,0.164,1,loss
733113.50,4051310.75,2376.77,947,2694,415.3,0.109,1,loss
733335.50,4051310.75,2430.68,1464,2047,621.0,0.163,1,loss
733336.50,4051310.75,2431.45,1465,2042,622.0,0.163,1,loss
733339.50,4051310.75,2433.31,1470,2029,624.8,0.164,1,loss
733156.50,4051309.75,2388.40,1098,2504,452.9,0.119,1,loss
733158.50,4051309.75,2388.79,1104,2498,454.8,0.119,1,loss
733170.50,4051309.75,2392.60,1138,2447,465.5,0.122,1,loss
733171.50,4051309.75,2392.84,1141,2444,466.4,0.123,1,loss
733181.50,4051309.75,2396.22,1167,2402,475.4,0.125,1,loss
733193.50,4051309.75,2398.81,1198,2367,486.5,0.128,1,loss
733194.50,4051309.75,2398.93,1201,2365,487.4,0.128,1,loss
733112.50,4051308.75,2375.71,965,2707,413.9,0.109,1,loss
733141.50,4051308.75,2385.61,1062,2554,439.0,0.115,1,loss
733151.50,4051308.75,2386.75,1093,2527,448.2,0.118,1,loss
733156.50,4051308.75,2387.84,1108,2509,452.7,0.119,1,loss
733157.50,4051308.75,2388.21,1110,2504,453.6,0.119,1,loss
733158.50,4051308.75,2388.21,1113,2503,454.5,0.119,1,loss
733193.50,4051308.75,2398.99,1207,2365,486.2,0.128,1,loss
733195.50,4051308.75,2399.44,1212,2359,488.0,0.128,1,loss
733243.50,4051308.75,2402.64,1320,2289,533.6,0.140,1,loss
733340.50,4051308.75,2433.40,1484,2028,625.4,0.164,1,loss
733146.50,4051307.75,2385.88,1087,2543,443.3,0.116,1,loss
733147.50,4051307.75,2386.08,1090,2539,444.2,0.117,1,loss
733154.50,4051307.75,2386.92,1111,2521,450.7,0.118,1,loss
733163.50,4051307.75,2390.30,1137,2477,458.6,0.121,1,loss
733166.50,4051307.75,2391.01,1145,2466,461.4,0.121,1,loss
733179.50,4051307.75,2395.16,1180,2413,473.1,0.124,1,loss
733181.50,4051307.75,2396.10,1185,2403,474.8,0.125,1,loss
733551.50,4051307.75,2523.36,1713,1565,834.4,0.219,1,loss
733568.50,4051307.75,2525.82,1726,1560,851.3,0.224,1,loss
733569.50,4051307.75,2526.04,1727,1559,852.3,0.224,1,loss
733158.50,4051306.75,2387.63,1132,2508,454.0,0.119,1,loss
733164.50,4051306.75,2390.38,1149,2475,459.3,0.121,1,loss
733165.50,4051306.75,2390.76,1151,2470,460.2,0.121,1,loss
733166.50,4051306.75,2390.76,1154,2468,461.1,0.121,1,loss
733182.50,4051306.75,2396.23,1196,2401,475.5,0.125,1,loss
733194.50,4051306.75,2399.41,1226,2360,486.5,0.128,1,loss
733195.50,4051306.75,2399.78,1229,2356,487.4,0.128,1,loss
733338.50,4051306.75,2432.45,1494,2035,623.0,0.164,1,loss
733144.50,4051305.75,2384.72,1100,2557,441.0,0.116,1,loss
733159.50,4051305.75,2387.61,1144,2506,454.7,0.119,1,loss
733162.50,4051305.75,2389.18,1152,2488,457.3,0.120,1,loss
733177.50,4051305.75,2393.68,1192,2428,470.8,0.124,1,loss
733188.50,4051305.75,2397.47,1220,2383,480.8,0.126,1,loss
733338.50,4051305.75,2432.29,1501,2036,622.8,0.164,1,loss
733472.50,4051305.75,2491.94,1655,1696,754.4,0.198,1,loss
733474.50,4051305.75,2492.56,1656,1693,756.4,0.199,1,loss
733562.50,4051305.75,2524.82,1731,1562,845.0,0.222,1,loss
733566.50,4051305.75,2524.98,1734,1563,848.9,0.223,1,loss
733144.50,4051304.75,2384.46,1110,2559,440.8,0.116,1,loss
733145.50,4051304.75,2384.50,1113,2557,441.7,0.116,1,loss
733164.50,4051304.75,2389.58,1167,2481,458.8,0.121,1,loss
733196.50,4051304.75,2399.61,1248,2356,487.8,0.128,1,loss
733340.50,4051304.75,2433.31,1510,2029,624.5,0.164,1,loss
733341.50,4051304.75,2433.96,1511,2025,625.4,0.164,1,loss
733382.50,4051304.75,2446.56,1564,1940,665.2,0.175,1,loss
733383.50,4051304.75,2446.78,1566,1939,666.2,0.175,1,loss
733470.50,4051304.75,2490.49,1658,1703,752.2,0.198,1,loss
733473.50,4051304.75,2492.75,1661,1692,755.3,0.198,1,loss
733547.50,4051304.75,2521.03,1724,1574,829.8,0.218,1,loss
733549.50,4051304.75,2521.73,1726,1572,831.8,0.219,1,loss
733563.50,4051304.75,2524.52,1736,1564,845.8,0.222,0,loss
733566.50,4051304.75,2524.98,1739,1563,848.8,0.223,1,loss
733160.50,4051303.75,2387.32,1165,2507,455.1,0.120,1,loss
733164.50,4051303.75,2389.30,1176,2484,458.5,0.120,1,loss
733180.50,4051303.75,2394.83,1218,2415,472.9,0.124,1,loss
733192.50,4051303.75,2397.90,1247,2375,484.0,0.127,1,loss
733430.50,4051303.75,2469.14,1624,1811,712.1,0.187,1,loss
733431.50,4051303.75,2469.78,1625,1808,713.1,0.187,1,loss
733547.50,4051303.75,2520.78,1729,1576,829.6,0.218,1,loss
733548.50,4051303.75,2521.17,1730,1574,830.6,0.218,1,loss
733549.50,4051303.75,2521.49,1730,1573,831.6,0.219,1,loss
733550.50,4051303.75,2521.78,1731,1572,832.6,0.219,1,loss
733551.50,4051303.75,2522.12,1732,1571,833.6,0.219,1,loss
733165.50,4051302.75,2389.05,1188,2484,459.2,0.121,1,loss
733175.50,4051302.75,2391.86,1214,2446,468.3,0.123,1,loss
733181.50,4051302.75,2394.72,1229,2414,473.6,0.124,1,loss
733196.50,4051302.75,2398.84,1265,2363,487.4,0.128,1,loss
733411.50,4051302.75,2458.69,1610,1869,693.1,0.182,1,loss
733431.50,4051302.75,2469.58,1631,1809,712.9,0.187,1,loss
733548.50,4051302.75,2520.89,1734,1575,830.4,0.218,1,loss
733182.50,4051301.75,2395.12,1240,2410,474.2,0.125,1,loss
733186.50,4051301.75,2395.77,1250,2399,478.0,0.126,1,loss
733192.50,4051301.75,2397.61,1264,2377,483.5,0.127,1,loss
733197.50,4051301.75,2399.28,1276,2358,488.0,0.128,1,loss
733198.50,4051301.75,2399.79,1278,2353,488.9,0.128,1,loss
733201.50,4051301.75,2401.18,1285,2338,491.6,0.129,1,loss
733430.50,4051301.75,2468.99,1635,1812,711.7,0.187,1,loss
733431.50,4051301.75,2469.58,1636,1809,712.7,0.187,1,loss
733433.50,4051301.75,2471.74,1638,1797,714.7,0.188,1,loss
733546.50,4051301.75,2520.08,1738,1579,828.2,0.218,1,loss
733548.50,4051301.75,2520.89,1739,1576,830.3,0.218,1,loss
733633.50,4051301.75,2543.73,1798,1506,915.9,0.241,1,loss
733115.50,4051300.75,2374.98,1058,2705,414.2,0.109,1,loss
733170.50,4051300.75,2389.97,1219,2469,463.3,0.122,1,loss
733172.50,4051300.75,2390.53,1224,2462,465.1,0.122,1,loss
733173.50,4051300.75,2390.97,1227,2456,466.0,0.122,1,loss
733174.50,4051300.75,2390.97,1229,2455,466.9,0.123,1,loss
733186.50,4051300.75,2395.77,1259,2399,477.7,0.126,1,loss
733187.50,4051300.75,2396.08,1261,2395,478.6,0.126,1,loss
733348.50,4051300.75,2437.81,1546,1999,631.3,0.166,1,loss
733553.50,4051300.75,2522.15,1748,1571,835.1,0.219,1,loss
733554.50,4051300.75,2522.48,1749,1570,836.1,0.220,1,loss
733555.50,4051300.75,2522.77,1749,1569,837.2,0.220,1,loss
733558.50,4051300.75,2523.42,1751,1567,840.2,0.221,0,loss
733642.50,4051300.75,2547.60,1808,1493,925.0,0.243,1,loss
733205.50,4051299.75,2401.94,1310,2328,494.8,0.130,1,loss
733206.50,4051299.75,2402.27,1313,2324,495.8,0.130,1,loss
733349.50,4051299.75,2438.25,1554,1996,632.1,0.166,1,loss
733548.50,4051299.75,2520.48,1749,1578,829.9,0.218,1,loss
733549.50,4051299.75,2520.75,1750,1577,830.9,0.218,1,loss
733552.50,4051299.75,2521.95,1752,1572,834.0,0.219,1,loss
733553.50,4051299.75,2521.95,1753,1572,835.0,0.219,1,loss
733180.50,4051298.75,2393.00,1262,2430,471.8,0.124,1,loss
733199.50,4051298.75,2399.04,1306,2358,489.2,0.129,1,loss
733200.50,4051298.75,2399.52,1308,2353,490.1,0.129,1,loss
733201.50,4051298.75,2399.96,1310,2348,491.0,0.129,1,loss
733208.50,4051298.75,2402.10,1325,2324,497.4,0.131,1,loss
733209.50,4051298.75,2402.28,1327,2321,498.4,0.131,1,loss
733514.50,4051298.75,2516.84,1727,1583,796.0,0.209,1,loss
733628.50,4051298.75,2542.95,1808,1507,910.5,0.239,1,loss
733182.50,4051297.75,2392.02,1275,2436,473.6,0.124,1,loss
733198.50,4051297.75,2398.58,1312,2362,488.0,0.128,1,loss
733628.50,4051297.75,2543.27,1812,1506,910.4,0.239,1,loss
733181.50,4051296.75,2391.44,1282,2442,472.4,0.124,1,loss
733192.50,4051296.75,2395.38,1307,2395,482.4,0.127,1,loss
733182.50,4051295.75,2391.11,1293,2443,473.2,0.124,1,loss
733209.50,4051295.75,2400.82,1352,2333,497.8,0.131,1,loss
733213.50,4051295.75,2402.54,1360,2315,501.4,0.132,1,loss
733180.50,4051294.75,2390.22,1297,2453,471.1,0.124,1,loss
733214.50,4051294.75,2402.48,1371,2315,502.2,0.132,1,loss
733628.50,4051294.75,2543.56,1825,1505,910.0,0.239,1,loss
733358.50,4051292.75,2442.42,1609,1968,639.4,0.168,1,loss
733449.50,4051292.75,2480.20,1703,1753,729.1,0.192,1,loss
733450.50,4051292.75,2480.72,1704,1751,730.1,0.192,1,loss
733353.50,4051291.75,2437.70,1610,1998,634.4,0.167,1,loss
733448.50,4051291.75,2479.60,1708,1757,727.9,0.191,1,loss
733226.50,4051289.75,2406.39,1434,2274,512.1,0.135,1,loss
733217.50,4051288.75,2401.99,1425,2316,503.7,0.132,1,loss
733228.50,4051288.75,2407.35,1446,2265,513.7,0.135,1,loss
733229.50,4051288.75,2407.66,1447,2261,514.7,0.135,1,loss
733230.50,4051288.75,2408.12,1449,2257,515.6,0.135,1,loss
733231.50,4051288.75,2408.32,1451,2255,516.6,0.136,1,loss
733256.50,4051288.75,2410.21,1494,2223,540.6,0.142,1,loss
733365.50,4051288.75,2444.93,1642,1952,645.5,0.170,1,loss
733830.50,4051288.75,2625.93,1945,1284,1118.5,0.294,1,loss
733194.50,4051287.75,2393.53,1388,2408,482.3,0.127,1,loss
733228.50,4051287.75,2407.43,1453,2264,513.5,0.135,1,loss
733229.50,4051287.75,2407.86,1455,2260,514.4,0.135,1,loss
733232.50,4051287.75,2408.32,1461,2254,517.3,0.136,1,loss
733233.50,4051287.75,2408.87,1462,2249,518.2,0.136,1,loss
733253.50,4051287.75,2410.26,1497,2224,537.5,0.141,1,loss
733254.50,4051287.75,2410.12,1499,2225,538.5,0.141,0,loss
733387.50,4051287.75,2450.61,1672,1916,666.8,0.175,1,loss
733193.50,4051286.75,2392.78,1395,2415,481.2,0.126,1,loss
733194.50,4051286.75,2393.30,1397,2409,482.1,0.127,1,loss
733222.50,4051286.75,2403.92,1451,2296,507.8,0.133,1,loss
733229.50,4051286.75,2407.60,1463,2262,514.2,0.135,1,loss
733230.50,4051286.75,2408.03,1465,2258,515.2,0.135,1,loss
733233.50,4051286.75,2408.87,1470,2249,518.0,0.136,1,loss
733256.50,4051286.75,2410.74,1509,2219,540.2,0.142,1,loss
733385.50,4051286.75,2450.12,1676,1919,664.7,0.175,1,loss
733221.50,4051285.75,2403.31,1457,2302,506.7,0.133,1,loss
733222.50,4051285.75,2403.74,1459,2297,507.6,0.133,1,loss
733226.50,4051285.75,2405.99,1466,2277,511.3,0.134,1,loss
733244.50,4051285.75,2410.52,1497,2229,528.3,0.139,1,loss
733245.50,4051285.75,2410.60,1499,2227,529.3,0.139,1,loss
733222.50,4051284.75,2403.55,1467,2299,507.4,0.133,1,loss
733223.50,4051284.75,2404.04,1468,2294,508.3,0.134,1,loss
733233.50,4051284.75,2408.56,1486,2251,517.6,0.136,1,loss
733235.50,4051284.75,2409.38,1489,2244,519.4,0.136,1,loss
733236.50,4051284.75,2409.59,1491,2241,520.4,0.137,1,loss
733196.50,4051283.75,2393.55,1426,2405,483.3,0.127,1,loss
733235.50,4051283.75,2409.29,1497,2244,519.2,0.136,1,loss
733357.50,4051283.75,2440.20,1664,1982,636.8,0.167,1,loss
733199.50,4051282.75,2394.14,1441,2397,485.9,0.128,1,loss
733221.50,4051282.75,2402.85,1481,2305,506.1,0.133,1,loss
733235.50,4051282.75,2409.12,1505,2246,519.0,0.136,1,loss
733236.50,4051282.75,2409.37,1507,2243,520.0,0.137,1,loss
733244.50,4051282.75,2411.07,1520,2224,527.6,0.139,1,loss
733249.50,4051282.75,2411.34,1528,2219,532.5,0.140,1,loss
733356.50,4051282.75,2439.78,1670,1985,635.7,0.167,1,loss
733357.50,4051282.75,2440.21,1671,1982,636.6,0.167,1,loss
733358.50,4051282.75,2440.74,1672,1979,637.6,0.168,1,loss
733422.50,4051282.75,2468.39,1735,1815,700.5,0.184,1,loss
733195.50,4051281.75,2392.32,1441,2416,482.0,0.127,1,loss
733251.50,4051281.75,2411.60,1539,2216,534.2,0.140,1,loss
733364.50,4051281.75,2443.30,1684,1962,643.3,0.169,1,loss
733412.50,4051281.75,2463.64,1732,1841,690.5,0.181,1,loss
733414.50,4051281.75,2464.76,1733,1835,692.4,0.182,1,loss
733422.50,4051281.75,2468.50,1740,1814,700.4,0.184,1,loss
733423.50,4051281.75,2469.05,1741,1811,701.4,0.184,1,loss
733195.50,4051280.75,2392.07,1450,2418,481.8,0.127,1,loss
733199.50,4051280.75,2393.38,1457,2403,485.5,0.128,1,loss
733238.50,4051280.75,2409.35,1525,2242,521.5,0.137,1,loss
733360.50,4051280.75,2440.87,1686,1978,639.2,0.168,1,loss
733423.50,4051280.75,2469.08,1747,1811,701.2,0.184,1,loss
733425.50,4051280.75,2470.29,1749,1805,703.2,0.185,1,loss
733196.50,4051279.75,2391.78,1460,2419,482.6,0.127,1,loss
733228.50,4051279.75,2404.99,1517,2282,512.0,0.135,1,loss
733229.50,4051279.75,2405.31,1519,2279,512.9,0.135,1,loss
733230.50,4051279.75,2405.88,1520,2274,513.9,0.135,1,loss
733415.50,4051279.75,2465.50,1746,1831,693.1,0.182,1,loss
733426.50,4051279.75,2470.28,1755,1805,704.1,0.185,1,loss
733197.50,4051278.75,2391.95,1471,2417,483.3,0.127,1,loss
733225.50,4051278.75,2403.42,1520,2297,509.0,0.134,1,loss
733241.50,4051278.75,2409.26,1546,2240,524.0,0.138,1,loss
733258.50,4051278.75,2412.23,1572,2207,540.3,0.142,1,loss
733358.50,4051278.75,2439.55,1697,1986,637.0,0.167,1,loss
733366.50,4051278.75,2443.23,1705,1962,644.7,0.169,1,loss
733242.50,4051277.75,2409.01,1555,2241,524.8,0.138,1,loss
733360.50,4051277.75,2439.91,1705,1983,638.7,0.168,1,loss
733415.50,4051277.75,2464.61,1757,1836,692.8,0.182,1,loss
733416.50,4051277.75,2464.61,1758,1836,693.8,0.182,1,loss
733417.50,4051277.75,2465.20,1759,1832,694.8,0.183,1,loss
733419.50,4051277.75,2466.32,1761,1826,696.8,0.183,1,loss
733427.50,4051277.75,2471.06,1767,1801,704.8,0.185,1,loss
733242.50,4051276.75,2408.45,1563,2245,524.7,0.138,1,loss
733256.50,4051276.75,2413.27,1584,2200,537.9,0.141,1,loss
733258.50,4051276.75,2413.30,1587,2199,539.8,0.142,1,loss
733260.50,4051276.75,2413.28,1590,2198,541.8,0.142,1,loss
733261.50,4051276.75,2413.29,1591,2197,542.8,0.143,1,loss
733359.50,4051276.75,2438.70,1711,1991,637.6,0.168,1,loss
733363.50,4051276.75,2440.67,1715,1978,641.5,0.169,1,loss
733415.50,4051276.75,2464.61,1763,1836,692.7,0.182,1,loss
733428.50,4051276.75,2471.70,1774,1797,705.6,0.185,1,loss
733230.50,4051275.75,2403.02,1552,2296,513.3,0.135,1,loss
733231.50,4051275.75,2403.31,1554,2293,514.3,0.135,1,loss
733238.50,4051275.75,2406.78,1564,2261,520.7,0.137,1,loss
733239.50,4051275.75,2406.78,1566,2260,521.7,0.137,1,loss
733251.50,4051275.75,2412.27,1584,2211,532.9,0.140,1,loss
733255.50,4051275.75,2413.34,1590,2200,536.7,0.141,1,loss
733257.50,4051275.75,2413.46,1593,2198,538.7,0.142,1,loss
733359.50,4051275.75,2438.23,1717,1994,637.5,0.168,1,loss
733360.50,4051275.75,2438.80,1718,1990,638.4,0.168,1,loss
733361.50,4051275.75,2439.53,1719,1986,639.4,0.168,1,loss
733399.50,4051275.75,2456.76,1755,1880,676.7,0.178,1,loss
733229.50,4051274.75,2402.69,1558,2299,512.2,0.135,1,loss
733243.50,4051274.75,2408.15,1580,2247,525.3,0.138,1,loss
733244.50,4051274.75,2409.01,1581,2240,526.2,0.138,1,loss
733245.50,4051274.75,2409.44,1583,2236,527.1,0.139,1,loss
733246.50,4051274.75,2409.87,1584,2232,528.0,0.139,1,loss
733254.50,4051274.75,2413.15,1596,2202,535.6,0.141,1,loss
733394.50,4051274.75,2454.27,1756,1895,671.6,0.176,1,loss
733400.50,4051274.75,2457.59,1761,1875,677.5,0.178,1,loss
733248.50,4051273.75,2410.08,1595,2229,529.8,0.139,1,loss
733253.50,4051273.75,2412.67,1602,2206,534.4,0.140,1,loss
733367.50,4051273.75,2442.29,1737,1968,644.9,0.169,1,loss
733394.50,4051273.75,2454.11,1762,1895,671.4,0.176,1,loss
733433.50,4051273.75,2474.02,1795,1785,710.2,0.187,1,loss
733367.50,4051272.75,2441.97,1743,1970,644.8,0.169,1,loss
733430.50,4051272.75,2472.82,1798,1791,707.0,0.186,1,loss
733434.50,4051272.75,2475.32,1801,1778,711.0,0.187,1,loss
733374.50,4051271.75,2446.05,1756,1944,651.4,0.171,1,loss
733248.50,4051270.75,2408.69,1618,2239,529.3,0.139,1,loss
733253.50,4051270.75,2411.12,1625,2218,534.0,0.140,1,loss
733426.50,4051270.75,2470.30,1806,1805,702.7,0.185,1,loss
733247.50,4051269.75,2407.96,1624,2245,528.2,0.139,1,loss
733248.50,4051269.75,2408.44,1625,2241,529.2,0.139,1,loss
733272.50,4051269.75,2417.72,1657,2159,551.9,0.145,1,loss
733374.50,4051269.75,2445.54,1768,1947,651.2,0.171,1,loss
733375.50,4051269.75,2446.13,1769,1944,652.1,0.171,1,loss
733256.50,4051268.75,2412.15,1644,2208,536.5,0.141,1,loss
733257.50,4051268.75,2412.64,1645,2204,537.4,0.141,1,loss
733269.50,4051268.75,2417.21,1661,2164,548.8,0.144,1,loss
733245.50,4051267.75,2407.24,1636,2252,526.0,0.138,1,loss
733248.50,4051267.75,2408.30,1640,2242,528.8,0.139,1,loss
733268.50,4051267.75,2417.27,1667,2164,547.7,0.144,1,loss
733275.50,4051267.75,2418.51,1675,2152,554.4,0.146,1,loss
733434.50,4051267.75,2476.00,1829,1774,710.3,0.187,1,loss
733421.50,4051266.75,2467.66,1825,1819,697.2,0.183,1,loss
733434.50,4051266.75,2476.18,1835,1773,710.2,0.187,1,loss
733482.50,4051266.75,2502.26,1868,1646,758.9,0.199,1,loss
733421.50,4051265.75,2467.77,1831,1818,697.0,0.183,1,loss
733140.50,4051264.75,2367.27,1484,2719,429.8,0.113,1,loss
733253.50,4051264.75,2409.36,1670,2230,533.1,0.140,1,loss
733263.50,4051264.75,2414.73,1682,2185,542.4,0.143,1,loss
733421.50,4051264.75,2467.76,1836,1819,696.9,0.183,1,loss
733434.50,4051264.75,2475.95,1846,1775,709.9,0.187,1,loss
733482.50,4051264.75,2502.37,1878,1645,758.6,0.199,1,loss
733140.50,4051263.75,2366.94,1494,2722,429.6,0.113,1,loss
733141.50,4051263.75,2367.09,1496,2719,430.6,0.113,1,loss
733262.50,4051263.75,2413.99,1688,2191,541.3,0.142,1,loss
733263.50,4051263.75,2414.51,1690,2187,542.3,0.142,1,loss
733439.50,4051263.75,2477.80,1855,1765,714.8,0.188,1,loss
733482.50,4051263.75,2502.33,1883,1646,758.5,0.199,1,loss
733487.50,4051263.75,2504.47,1886,1636,763.6,0.201,1,loss
733263.50,4051262.75,2414.35,1697,2188,542.1,0.142,1,loss
733264.50,4051262.75,2414.35,1698,2187,543.1,0.143,1,loss
733427.50,4051262.75,2471.76,1852,1797,702.7,0.185,1,loss
733485.50,4051262.75,2503.33,1890,1641,761.4,0.200,1,loss
733656.50,4051262.75,2561.07,1977,1444,935.7,0.246,1,loss
733137.50,4051261.75,2366.40,1507,2733,426.5,0.112,1,loss
733138.50,4051261.75,2366.53,1509,2730,427.4,0.112,1,loss
733139.50,4051261.75,2366.57,1511,2728,428.3,0.113,1,loss
733142.50,4051261.75,2367.10,1517,2717,431.1,0.113,1,loss
733494.50,4051261.75,2506.97,1901,1626,770.4,0.202,1,loss
733522.50,4051261.75,2521.78,1917,1562,799.2,0.210,1,loss
733141.50,4051260.75,2366.71,1525,2722,430.0,0.113,1,loss
733259.50,4051260.75,2411.80,1707,2209,538.1,0.141,1,loss
733318.50,4051260.75,2414.44,1773,2158,595.9,0.157,1,loss
733365.50,4051260.75,2441.11,1815,1975,641.0,0.168,1,loss
733366.50,4051260.75,2442.56,1816,1966,642.0,0.169,1,loss
733370.50,4051260.75,2444.62,1820,1953,645.9,0.170,1,loss
733494.50,4051260.75,2506.71,1906,1627,770.3,0.202,1,loss
733516.50,4051260.75,2519.27,1919,1572,793.0,0.208,1,loss
733517.50,4051260.75,2519.70,1919,1571,794.0,0.209,1,loss
733519.50,4051260.75,2520.11,1920,1569,796.0,0.209,0,loss
733134.50,4051259.75,2365.41,1520,2749,423.4,0.111,1,loss
733135.50,4051259.75,2365.71,1522,2744,424.3,0.111,1,loss
733136.50,4051259.75,2366.02,1524,2739,425.2,0.112,1,loss
733137.50,4051259.75,2366.12,1526,2736,426.1,0.112,1,loss
733138.50,4051259.75,2366.26,1528,2732,427.0,0.112,1,loss
733140.50,4051259.75,2366.43,1532,2727,428.9,0.113,1,loss
733273.50,4051259.75,2418.38,1731,2153,551.1,0.145,1,loss
733319.50,4051259.75,2414.82,1781,2155,596.7,0.157,0,loss
733363.50,4051259.75,2439.52,1820,1985,639.0,0.168,1,loss
733364.50,4051259.75,2440.31,1821,1980,639.9,0.168,1,loss
733366.50,4051259.75,2442.62,1822,1966,641.9,0.169,1,loss
733367.50,4051259.75,2443.27,1823,1962,642.8,0.169,1,loss
733430.50,4051259.75,2471.47,1871,1799,705.2,0.185,1,loss
733515.50,4051259.75,2518.64,1923,1575,791.8,0.208,1,loss
733516.50,4051259.75,2519.06,1924,1573,792.9,0.208,1,loss
733119.50,4051258.75,2363.23,1498,2803,409.4,0.108,1,loss
733133.50,4051258.75,2365.18,1528,2753,422.3,0.111,1,loss
733135.50,4051258.75,2365.71,1532,2744,424.1,0.111,1,loss
733136.50,4051258.75,2365.98,1534,2739,425.0,0.112,1,loss
733137.50,4051258.75,2366.13,1536,2735,425.9,0.112,1,loss
733138.50,4051258.75,2366.20,1538,2733,426.8,0.112,1,loss
733139.50,4051258.75,2366.20,1540,2731,427.8,0.112,1,loss
733140.50,4051258.75,2366.39,1542,2727,428.7,0.113,1,loss
733141.50,4051258.75,2366.62,1544,2723,429.6,0.113,1,loss
733363.50,4051258.75,2439.69,1826,1984,638.8,0.168,1,loss
733367.50,4051258.75,2442.88,1829,1964,642.7,0.169,1,loss
733368.50,4051258.75,2442.88,1830,1964,643.7,0.169,1,loss
733369.50,4051258.75,2443.21,1831,1962,644.7,0.169,1,loss
733370.50,4051258.75,2443.59,1832,1960,645.7,0.170,1,loss
733371.50,4051258.75,2444.00,1833,1957,646.6,0.170,1,loss
733427.50,4051258.75,2470.16,1874,1806,702.1,0.184,1,loss
733136.50,4051257.75,2365.98,1543,2739,424.8,0.112,1,loss
733363.50,4051257.75,2439.67,1832,1984,638.7,0.168,1,loss
733367.50,4051257.75,2442.23,1836,1968,642.6,0.169,1,loss
733368.50,4051257.75,2442.23,1836,1968,643.6,0.169,0,loss
733369.50,4051257.75,2442.62,1837,1966,644.5,0.169,1,loss
733370.50,4051257.75,2443.00,1838,1963,645.5,0.170,1,loss
733379.50,4051257.75,2447.72,1845,1934,654.4,0.172,1,loss
733132.50,4051256.75,2364.79,1545,2758,421.0,0.111,1,loss
733135.50,4051256.75,2365.65,1551,2744,423.7,0.111,1,loss
733267.50,4051256.75,2416.24,1746,2172,544.9,0.143,1,loss
733367.50,4051256.75,2442.23,1842,1968,642.4,0.169,1,loss
733368.50,4051256.75,2442.23,1843,1968,643.4,0.169,1,loss
733369.50,4051256.75,2442.62,1843,1966,644.4,0.169,1,loss
733382.50,4051256.75,2447.86,1854,1933,657.2,0.173,1,loss
733383.50,4051256.75,2447.74,1854,1934,658.2,0.173,1,loss
733429.50,4051256.75,2470.59,1887,1804,703.9,0.185,1,loss
733133.50,4051255.75,2364.94,1557,2755,421.7,0.111,1,loss
733134.50,4051255.75,2365.20,1559,2750,422.6,0.111,1,loss
733135.50,4051255.75,2365.61,1561,2744,423.5,0.111,1,loss
733138.50,4051255.75,2366.34,1566,2731,426.2,0.112,1,loss
733382.50,4051255.75,2447.64,1860,1934,657.1,0.173,1,loss
733383.50,4051255.75,2447.54,1860,1935,658.1,0.173,1,loss
733524.50,4051255.75,2521.80,1948,1563,800.6,0.210,1,loss
733530.50,4051255.75,2524.41,1951,1553,806.7,0.212,1,loss
733129.50,4051254.75,2364.36,1558,2769,417.8,0.110,1,loss
733130.50,4051254.75,2364.54,1560,2765,418.7,0.110,1,loss
733131.50,4051254.75,2364.54,1562,2763,419.7,0.110,1,loss
733133.50,4051254.75,2364.88,1566,2755,421.5,0.111,1,loss
733274.50,4051254.75,2418.61,1768,2151,551.3,0.145,1,loss
733275.50,4051254.75,2418.75,1769,2150,552.3,0.145,1,loss
733276.50,4051254.75,2418.69,1770,2150,553.3,0.145,1,loss
733367.50,4051254.75,2440.93,1854,1976,642.2,0.169,1,loss
733476.50,4051254.75,2497.50,1927,1669,751.2,0.197,1,loss
733121.50,4051253.75,2362.93,1552,2801,410.3,0.108,1,loss
733126.50,4051253.75,2363.76,1562,2781,414.9,0.109,1,loss
733130.50,4051253.75,2364.40,1570,2766,418.6,0.110,1,loss
733131.50,4051253.75,2364.40,1572,2764,419.5,0.110,1,loss
733134.50,4051253.75,2365.37,1578,2748,422.2,0.111,1,loss
733274.50,4051253.75,2418.41,1775,2153,551.2,0.145,1,loss
733275.50,4051253.75,2418.53,1776,2151,552.2,0.145,1,loss
733276.50,4051253.75,2418.44,1777,2151,553.2,0.145,1,loss
733476.50,4051253.75,2497.29,1932,1670,751.1,0.197,1,loss
733120.50,4051252.75,2362.89,1560,2803,409.2,0.108,1,loss
733121.50,4051252.75,2362.89,1562,2801,410.1,0.108,1,loss
733122.50,4051252.75,2362.95,1564,2798,411.1,0.108,1,loss
733124.50,4051252.75,2363.57,1568,2787,412.8,0.108,1,loss
733129.50,4051252.75,2364.31,1578,2769,417.4,0.110,1,loss
733365.50,4051252.75,2438.01,1865,1994,640.1,0.168,1,loss
733384.50,4051252.75,2446.29,1879,1942,658.7,0.173,1,loss
733476.50,4051252.75,2497.06,1937,1671,751.0,0.197,1,loss
733524.50,4051252.75,2520.51,1962,1570,800.1,0.210,1,loss
733525.50,4051252.75,2520.90,1963,1568,801.2,0.211,1,loss
733526.50,4051252.75,2521.56,1963,1565,802.2,0.211,1,loss
733123.50,4051251.75,2363.90,1576,2787,411.6,0.108,1,loss
733128.50,4051251.75,2364.04,1586,2774,416.4,0.109,1,loss
733129.50,4051251.75,2364.19,1588,2770,417.3,0.110,1,loss
733130.50,4051251.75,2364.19,1590,2768,418.2,0.110,1,loss
733320.50,4051251.75,2413.56,1835,2162,596.7,0.157,1,loss
733522.50,4051251.75,2518.56,1966,1578,797.9,0.210,1,loss
733524.50,4051251.75,2520.00,1967,1572,800.0,0.210,1,loss
733525.50,4051251.75,2520.44,1968,1570,801.0,0.210,1,loss
733526.50,4051251.75,2521.04,1968,1568,802.1,0.211,1,loss
733527.50,4051251.75,2521.04,1969,1568,803.1,0.211,1,loss
733528.50,4051251.75,2521.50,1969,1566,804.1,0.211,1,loss
733114.50,4051250.75,2363.47,1568,2812,402.9,0.106,1,loss
733118.50,4051250.75,2363.79,1576,2799,406.7,0.107,1,loss
733119.50,4051250.75,2364.05,1578,2794,407.6,0.107,1,loss
733120.50,4051250.75,2364.11,1580,2791,408.5,0.107,1,loss
733121.50,4051250.75,2364.11,1582,2789,409.5,0.108,1,loss
733122.50,4051250.75,2364.16,1584,2786,410.4,0.108,1,loss
733129.50,4051250.75,2364.47,1598,2767,417.0,0.110,1,loss
733263.50,4051250.75,2412.59,1785,2200,540.4,0.142,1,loss
733264.50,4051250.75,2413.05,1786,2196,541.3,0.142,1,loss
733365.50,4051250.75,2436.85,1877,2001,639.8,0.168,1,loss
733477.50,4051250.75,2496.90,1948,1673,751.8,0.198,1,loss
733530.50,4051250.75,2522.33,1975,1563,806.0,0.212,1,loss
733115.50,4051249.75,2363.65,1580,2808,403.7,0.106,1,loss
733116.50,4051249.75,2363.71,1582,2805,404.6,0.106,1,loss
733119.50,4051249.75,2364.08,1588,2794,407.4,0.107,1,loss
733131.50,4051249.75,2364.84,1611,2759,418.7,0.110,1,loss
733158.50,4051249.75,2370.88,1657,2650,443.3,0.116,1,loss
733263.50,4051249.75,2412.53,1793,2201,540.2,0.142,1,loss
733264.50,4051249.75,2413.29,1794,2194,541.1,0.142,1,loss
733361.50,4051249.75,2434.32,1881,2017,635.8,0.167,1,loss
733122.50,4051248.75,2364.55,1604,2782,409.9,0.108,1,loss
733123.50,4051248.75,2364.64,1606,2779,410.9,0.108,1,loss
733253.50,4051248.75,2406.12,1790,2254,530.8,0.139,1,loss
733263.50,4051248.75,2412.53,1800,2201,540.1,0.142,1,loss
733538.50,4051248.75,2524.39,1989,1557,813.9,0.214,1,loss
733539.50,4051248.75,2524.76,1989,1555,815.0,0.214,1,loss
733540.50,4051248.75,2525.03,1990,1554,816.0,0.214,1,loss
733251.50,4051247.75,2405.43,1795,2260,528.7,0.139,1,loss
733252.50,4051247.75,2405.43,1796,2259,529.7,0.139,1,loss
733253.50,4051247.75,2406.05,1797,2254,530.7,0.139,1,loss
733254.50,4051247.75,2406.74,1798,2248,531.6,0.140,1,loss
733262.50,4051247.75,2411.97,1806,2205,539.0,0.142,1,loss
733263.50,4051247.75,2412.51,1807,2201,539.9,0.142,1,loss
733266.50,4051247.75,2413.68,1810,2190,542.8,0.143,1,loss
733536.50,4051247.75,2523.19,1993,1562,811.8,0.213,1,loss
733538.50,4051247.75,2523.93,1994,1559,813.8,0.214,1,loss
733539.50,4051247.75,2524.31,1994,1557,814.8,0.214,1,loss
733540.50,4051247.75,2524.61,1995,1556,815.9,0.214,1,loss
733542.50,4051247.75,2525.25,1995,1554,817.9,0.215,1,loss
733377.50,4051246.75,2443.24,1910,1961,651.1,0.171,1,loss
733378.50,4051246.75,2443.73,1911,1958,652.1,0.171,1,loss
733488.50,4051246.75,2500.93,1975,1655,762.5,0.200,1,loss
733527.50,4051246.75,2518.98,1994,1578,802.4,0.211,1,loss
733264.50,4051245.75,2413.19,1823,2195,540.6,0.142,1,loss
733377.50,4051245.75,2443.84,1916,1957,651.0,0.171,1,loss
733378.50,4051245.75,2444.15,1917,1955,651.9,0.171,1,loss
733379.50,4051245.75,2444.89,1918,1951,652.9,0.172,1,loss
733251.50,4051244.75,2405.12,1818,2262,528.4,0.139,1,loss
733254.50,4051243.75,2405.79,1828,2255,531.1,0.140,1,loss
733381.50,4051243.75,2447.31,1931,1936,654.6,0.172,1,loss
733382.50,4051243.75,2447.83,1932,1933,655.6,0.172,1,loss
733399.50,4051243.75,2452.02,1943,1908,672.5,0.177,1,loss
733478.50,4051242.75,2495.92,1991,1678,751.9,0.198,1,loss
733282.50,4051240.75,2411.10,1876,2199,557.9,0.147,0,loss
733332.50,4051240.75,2418.45,1917,2125,606.8,0.159,1,loss
733348.50,4051240.75,2425.86,1928,2073,622.3,0.164,1,loss
733385.50,4051240.75,2449.83,1951,1921,658.3,0.173,1,loss
733386.50,4051240.75,2450.29,1952,1918,659.2,0.173,1,loss
733281.50,4051239.75,2411.62,1883,2196,556.7,0.146,1,loss
733282.50,4051239.75,2410.62,1884,2202,557.8,0.147,1,loss
733381.50,4051239.75,2448.49,1955,1929,654.2,0.172,1,loss
733382.50,4051239.75,2448.91,1956,1927,655.2,0.172,1,loss
733383.50,4051239.75,2448.91,1956,1927,656.2,0.172,0,loss
733389.50,4051239.75,2451.94,1960,1909,662.1,0.174,1,loss
733472.50,4051239.75,2492.49,2004,1694,745.5,0.196,1,loss
733239.50,4051238.75,2395.89,1852,2340,516.7,0.136,1,loss
733382.50,4051238.75,2449.09,1962,1926,655.1,0.172,1,loss
733383.50,4051237.75,2449.25,1968,1925,656.0,0.172,0,loss
733239.50,4051236.75,2395.24,1867,2345,516.6,0.136,1,loss
733350.50,4051236.75,2427.32,1954,2063,623.7,0.164,1,loss
733383.50,4051236.75,2449.52,1974,1923,655.9,0.172,1,loss
733668.50,4051236.75,2582.04,2090,1364,948.0,0.249,1,loss
733162.50,4051235.75,2368.90,1790,2659,445.3,0.117,1,loss
733381.50,4051235.75,2449.53,1979,1923,653.8,0.172,1,loss
733382.50,4051235.75,2449.53,1980,1923,654.8,0.172,1,loss
733684.50,4051234.75,2590.11,2102,1340,964.7,0.253,1,loss
733380.50,4051233.75,2449.54,1990,1923,652.6,0.171,1,loss
733381.50,4051233.75,2449.96,1991,1921,653.6,0.172,1,loss
733393.50,4051232.75,2454.12,2003,1896,665.4,0.175,1,loss
733597.50,4051232.75,2552.32,2086,1455,873.8,0.230,1,loss
733383.50,4051231.75,2450.54,2004,1917,655.4,0.172,1,loss
733597.50,4051231.75,2552.88,2090,1452,873.8,0.230,1,loss
733596.50,4051230.75,2553.06,2094,1451,872.8,0.229,1,loss
733280.50,4051228.75,2405.36,1960,2240,555.0,0.146,1,loss
733406.50,4051227.75,2454.78,2039,1892,677.9,0.178,1,loss
733279.50,4051226.75,2404.72,1974,2245,553.9,0.146,1,loss
733280.50,4051226.75,2404.55,1974,2245,554.9,0.146,0,loss
733281.50,4051226.75,2404.45,1975,2245,555.9,0.146,1,loss
733383.50,4051226.75,2448.99,2034,1926,654.9,0.172,1,loss
733384.50,4051226.75,2449.54,2034,1923,655.9,0.172,1,loss
733592.50,4051223.75,2553.47,2125,1447,868.4,0.228,0,loss
733386.50,4051222.75,2450.05,2059,1920,657.6,0.173,1,loss
733396.50,4051221.75,2454.49,2069,1894,667.4,0.175,1,loss
733397.50,4051221.75,2455.20,2070,1889,668.4,0.176,1,loss
733240.50,4051220.75,2388.84,1991,2391,516.6,0.136,1,loss
733594.50,4051220.75,2555.82,2139,1438,870.4,0.229,1,loss
733275.50,4051219.75,2399.63,2021,2283,549.8,0.144,1,loss
733398.50,4051219.75,2456.48,2082,1882,669.3,0.176,1,loss
733388.50,4051218.75,2451.23,2084,1913,659.3,0.173,1,loss
733397.50,4051218.75,2455.12,2087,1890,668.2,0.176,0,loss
733399.50,4051218.75,2457.02,2088,1879,670.2,0.176,1,loss
733350.50,4051216.75,2427.91,2080,2059,621.9,0.163,1,loss
733351.50,4051216.75,2428.27,2081,2057,622.9,0.164,1,loss
733350.50,4051215.75,2428.18,2086,2058,621.8,0.163,1,loss
733351.50,4051215.75,2428.43,2087,2056,622.8,0.164,1,loss
733352.50,4051215.75,2428.43,2087,2055,623.8,0.164,1,loss
733213.50,4051214.75,2377.25,2019,2510,491.2,0.129,1,loss
733214.50,4051214.75,2377.49,2019,2506,492.1,0.129,1,loss
733297.50,4051214.75,2405.44,2068,2228,570.6,0.150,1,loss
733324.50,4051214.75,2414.52,2081,2153,596.7,0.157,1,loss
733349.50,4051214.75,2427.72,2092,2061,620.8,0.163,1,loss
733388.50,4051214.75,2451.61,2107,1911,659.0,0.173,1,loss
733397.50,4051214.75,2455.67,2111,1887,667.9,0.176,1,loss
733349.50,4051213.75,2427.92,2099,2059,620.7,0.163,1,loss
733385.50,4051213.75,2450.33,2112,1918,655.9,0.172,1,loss
733387.50,4051213.75,2450.95,2113,1915,657.9,0.173,0,loss
733440.50,4051213.75,2470.94,2131,1803,710.9,0.187,0,loss
733387.50,4051212.75,2450.95,2119,1915,657.9,0.173,0,loss
733336.50,4051211.75,2420.50,2106,2110,608.0,0.160,1,loss
733388.50,4051211.75,2451.17,2125,1913,658.8,0.173,1,loss
733416.50,4051211.75,2459.26,2135,1866,686.7,0.180,1,loss
733400.50,4051210.75,2457.63,2135,1876,670.7,0.176,1,loss
733401.50,4051210.75,2458.62,2135,1870,671.7,0.176,1,loss
733383.50,4051209.75,2448.36,2135,1930,653.7,0.172,1,loss
733593.50,4051209.75,2556.99,2188,1433,869.0,0.228,1,loss
733343.50,4051204.75,2424.59,2153,2082,614.3,0.161,1,loss
733379.50,4051204.75,2447.17,2164,1937,649.5,0.171,1,loss
733406.50,4051204.75,2459.31,2172,1866,676.3,0.178,1,loss
733586.50,4051204.75,2553.47,2209,1445,861.5,0.226,1,loss
733361.50,4051203.75,2436.54,2165,2004,631.7,0.166,1,loss
733379.50,4051203.75,2447.38,2170,1936,649.4,0.171,1,loss
733383.50,4051203.75,2449.71,2171,1922,653.4,0.172,1,loss
733415.50,4051203.75,2459.20,2180,1867,685.3,0.180,1,loss
733595.50,4051203.75,2559.60,2215,1422,871.1,0.229,1,loss
733342.50,4051202.75,2424.21,2165,2085,613.3,0.161,1,loss
733348.50,4051202.75,2428.46,2167,2056,619.0,0.163,1,loss
733360.50,4051202.75,2435.95,2171,2007,630.7,0.166,1,loss
733366.50,4051202.75,2439.70,2172,1984,636.6,0.167,1,loss
733347.50,4051201.75,2427.76,2173,2061,618.0,0.162,1,loss
733349.50,4051201.75,2428.92,2174,2053,619.9,0.163,1,loss
733384.50,4051201.75,2450.80,2183,1916,654.3,0.172,1,loss
733385.50,4051201.75,2450.80,2183,1916,655.3,0.172,0,loss
733342.50,4051200.75,2424.28,2178,2084,613.2,0.161,1,loss
733346.50,4051200.75,2426.81,2179,2067,617.0,0.162,1,loss
733348.50,4051200.75,2428.20,2180,2058,618.9,0.163,1,loss
733349.50,4051200.75,2428.78,2180,2054,619.9,0.163,1,loss
733350.50,4051200.75,2428.78,2180,2054,620.9,0.163,0,loss
733351.50,4051200.75,2429.48,2181,2049,621.9,0.163,1,loss
733382.50,4051200.75,2450.31,2189,1919,652.2,0.171,1,loss
733406.50,4051200.75,2459.61,2195,1864,676.2,0.178,1,loss
733343.50,4051199.75,2424.86,2185,2080,614.1,0.161,1,loss
733349.50,4051199.75,2428.67,2186,2055,619.9,0.163,1,loss
733350.50,4051199.75,2428.67,2187,2054,620.9,0.163,1,loss
733347.50,4051198.75,2427.42,2192,2063,617.9,0.162,1,loss
733348.50,4051198.75,2428.04,2192,2059,618.8,0.163,1,loss
733349.50,4051198.75,2428.04,2193,2058,619.8,0.163,1,loss
733363.50,4051198.75,2437.80,2196,1996,633.4,0.166,1,loss
733587.50,4051198.75,2554.15,2237,1443,862.3,0.227,1,loss
733588.50,4051198.75,2554.93,2237,1440,863.4,0.227,1,loss
733331.50,4051197.75,2417.86,2194,2129,602.4,0.158,0,loss
733344.50,4051197.75,2425.23,2198,2077,615.0,0.162,1,loss
733346.50,4051197.75,2426.98,2198,2066,616.9,0.162,1,loss
733363.50,4051197.75,2437.70,2202,1996,633.4,0.166,1,loss
733451.50,4051197.75,2477.71,2221,1769,721.3,0.190,1,loss
733329.50,4051196.75,2417.08,2200,2134,600.4,0.158,1,loss
733330.50,4051196.75,2417.81,2200,2129,601.4,0.158,1,loss
733331.50,4051196.75,2417.81,2201,2129,602.4,0.158,1,loss
733345.50,4051196.75,2426.01,2204,2072,615.9,0.162,1,loss
733404.50,4051196.75,2460.13,2217,1861,674.0,0.177,1,loss
733456.50,4051196.75,2479.53,2227,1760,726.3,0.191,1,loss
733287.50,4051195.75,2406.61,2195,2225,559.4,0.147,1,loss
733330.50,4051195.75,2417.74,2207,2130,601.4,0.158,1,loss
733331.50,4051195.75,2417.74,2207,2129,602.4,0.158,1,loss
733348.50,4051195.75,2427.77,2211,2060,618.7,0.163,1,loss
733588.50,4051195.75,2554.92,2251,1440,863.3,0.227,1,loss
733125.50,4051194.75,2368.70,2138,2728,405.2,0.106,1,loss
733286.50,4051194.75,2406.57,2202,2226,558.4,0.147,1,loss
733332.50,4051194.75,2418.29,2214,2125,603.3,0.159,1,loss
733349.50,4051194.75,2427.92,2218,2059,619.7,0.163,1,loss
733409.50,4051194.75,2462.92,2229,1846,678.9,0.178,1,loss
733413.50,4051194.75,2463.03,2230,1845,682.9,0.179,1,loss
733414.50,4051194.75,2462.58,2230,1848,683.9,0.180,1,loss
733278.50,4051193.75,2405.14,2207,2241,550.5,0.145,1,loss
733413.50,4051193.75,2463.90,2236,1840,682.9,0.179,1,loss
733414.50,4051193.75,2463.60,2236,1842,683.9,0.180,1,loss
733424.50,4051193.75,2465.38,2238,1833,693.9,0.182,1,loss
733199.50,4051192.75,2376.68,2190,2531,476.0,0.125,1,loss
733277.50,4051192.75,2404.35,2213,2247,549.6,0.144,1,loss
733413.50,4051192.75,2464.93,2242,1835,682.9,0.179,1,loss
733126.50,4051191.75,2368.84,2168,2724,406.0,0.107,1,loss
733272.50,4051191.75,2403.07,2219,2260,544.7,0.143,1,loss
733276.50,4051191.75,2403.52,2220,2254,548.6,0.144,1,loss
733285.50,4051191.75,2405.98,2222,2231,557.3,0.146,1,loss
733426.50,4051191.75,2466.30,2249,1828,695.9,0.183,1,loss
733126.50,4051190.75,2368.91,2177,2724,405.9,0.107,1,loss
733271.50,4051190.75,2401.65,2226,2270,543.8,0.143,1,loss
733272.50,4051190.75,2402.30,2226,2265,544.7,0.143,1,loss
733273.50,4051190.75,2402.68,2227,2262,545.7,0.143,1,loss
733277.50,4051190.75,2402.89,2228,2257,549.6,0.144,1,loss
733285.50,4051190.75,2405.43,2229,2234,557.3,0.146,1,loss
733289.50,4051190.75,2405.39,2230,2232,561.3,0.147,0,loss
733290.50,4051190.75,2404.76,2231,2236,562.4,0.148,1,loss
733336.50,4051190.75,2420.58,2240,2109,607.0,0.159,1,loss
733197.50,4051189.75,2376.44,2214,2535,473.9,0.125,1,loss
733265.50,4051189.75,2400.57,2232,2282,537.9,0.141,1,loss
733266.50,4051189.75,2400.59,2232,2281,538.9,0.142,1,loss
733267.50,4051189.75,2399.49,2232,2288,540.0,0.142,1,loss
733268.50,4051189.75,2399.73,2233,2286,541.0,0.142,1,loss
733269.50,4051189.75,2400.02,2233,2283,541.9,0.142,1,loss
733278.50,4051189.75,2401.53,2235,2266,550.7,0.145,1,loss
733283.50,4051189.75,2404.01,2236,2245,555.4,0.146,1,loss
733284.50,4051189.75,2404.30,2236,2243,556.4,0.146,1,loss
733285.50,4051189.75,2404.30,2236,2242,557.4,0.146,1,loss
733288.50,4051189.75,2404.81,2237,2237,560.3,0.147,1,loss
733289.50,4051189.75,2404.92,2237,2235,561.3,0.148,1,loss
733290.50,4051189.75,2404.53,2238,2237,562.4,0.148,1,loss
733392.50,4051189.75,2454.56,2256,1893,661.8,0.174,1,loss
733197.50,4051188.75,2376.27,2222,2537,473.9,0.125,1,loss
733198.50,4051188.75,2376.27,2222,2535,474.9,0.125,1,loss
733268.50,4051188.75,2399.73,2240,2286,540.9,0.142,1,loss
733275.50,4051188.75,2400.52,2241,2275,547.8,0.144,1,loss
733287.50,4051188.75,2404.36,2244,2240,559.4,0.147,1,loss
733416.50,4051188.75,2465.38,2265,1832,685.8,0.180,1,loss
733427.50,4051188.75,2465.71,2266,1831,696.8,0.183,0,loss
733428.50,4051188.75,2466.25,2266,1828,697.8,0.183,1,loss
733456.50,4051188.75,2480.35,2270,1756,726.1,0.191,1,loss
733200.50,4051187.75,2377.29,2231,2524,476.7,0.125,1,loss
733271.50,4051187.75,2399.86,2248,2283,543.9,0.143,1,loss
733272.50,4051187.75,2400.17,2248,2280,544.8,0.143,1,loss
733273.50,4051187.75,2400.61,2248,2276,545.8,0.143,1,loss
733274.50,4051187.75,2399.78,2248,2281,546.9,0.144,1,loss
733336.50,4051187.75,2420.69,2259,2108,606.9,0.159,1,loss
733337.50,4051187.75,2421.13,2260,2105,607.9,0.160,1,loss
733392.50,4051187.75,2455.04,2267,1891,661.7,0.174,1,loss
733415.50,4051187.75,2465.94,2270,1829,684.8,0.180,1,loss
733426.50,4051187.75,2465.45,2272,1833,695.7,0.183,1,loss
733245.50,4051186.75,2392.99,2249,2353,518.8,0.136,1,loss
733257.50,4051186.75,2396.34,2252,2318,530.3,0.139,1,loss
733258.50,4051186.75,2396.26,2252,2318,531.3,0.140,0,loss
733391.50,4051186.75,2454.31,2273,1895,660.7,0.174,0,loss
733392.50,4051186.75,2455.34,2273,1889,661.7,0.174,1,loss
733261.50,4051185.75,2396.21,2260,2316,534.3,0.140,1,loss
733262.50,4051185.75,2396.40,2260,2314,535.3,0.141,1,loss
733430.50,4051185.75,2466.87,2283,1825,699.7,0.184,1,loss
733201.50,4051184.75,2378.60,2256,2512,477.4,0.125,1,loss
733264.50,4051184.75,2396.45,2268,2312,537.2,0.141,1,loss
733389.50,4051184.75,2454.27,2284,1895,658.7,0.173,1,loss
733390.50,4051184.75,2454.68,2285,1893,659.7,0.173,1,loss
733392.50,4051184.75,2455.71,2285,1887,661.6,0.174,1,loss
733393.50,4051184.75,2456.11,2285,1884,662.6,0.174,1,loss
733430.50,4051184.75,2466.87,2289,1825,699.7,0.184,1,loss
733253.50,4051183.75,2394.24,2273,2337,526.5,0.138,1,loss
732787.50,4051182.75,2444.04,1568,2814,59.4,0.016,1,loss
733261.50,4051182.75,2395.42,2282,2321,534.3,0.140,1,loss
733342.50,4051182.75,2423.81,2292,2087,612.6,0.161,1,loss
733343.50,4051182.75,2424.38,2292,2083,613.5,0.161,1,loss
733398.50,4051182.75,2458.04,2297,1873,667.6,0.175,1,loss
733401.50,4051182.75,2458.91,2297,1868,670.6,0.176,1,loss
733147.50,4051181.75,2371.08,2269,2661,425.6,0.112,1,loss
733254.50,4051181.75,2393.96,2288,2338,527.5,0.139,1,loss
733255.50,4051181.75,2394.05,2288,2336,528.5,0.139,1,loss
733256.50,4051181.75,2393.99,2288,2336,529.5,0.139,0,loss
733342.50,4051181.75,2423.81,2298,2087,612.5,0.161,1,loss
733343.50,4051181.75,2424.38,2298,2083,613.5,0.161,1,loss
733429.50,4051181.75,2466.96,2305,1825,698.6,0.184,0,loss
733278.50,4051180.75,2398.56,2298,2286,550.8,0.145,1,loss
733429.50,4051180.75,2467.15,2311,1824,698.6,0.184,1,loss
733203.50,4051179.75,2379.97,2297,2498,479.0,0.126,1,loss
733406.50,4051179.75,2462.11,2315,1850,675.6,0.178,1,loss
733420.50,4051179.75,2466.93,2316,1824,689.6,0.181,0,loss
733405.50,4051178.75,2462.11,2320,1850,674.6,0.177,1,loss
733419.50,4051178.75,2467.21,2321,1822,688.6,0.181,1,loss
733420.50,4051178.75,2467.25,2321,1822,689.6,0.181,0,loss
733144.50,4051177.75,2371.07,2306,2666,422.6,0.111,1,loss
733153.50,4051177.75,2374.60,2307,2618,430.7,0.113,1,loss
733273.50,4051177.75,2396.63,2319,2303,546.0,0.143,1,loss
733274.50,4051177.75,2396.63,2319,2302,547.0,0.144,1,loss
733275.50,4051177.75,2396.74,2319,2301,548.0,0.144,1,loss
733293.50,4051177.75,2401.33,2321,2256,565.4,0.149,1,loss
733295.50,4051177.75,2401.88,2321,2251,567.3,0.149,1,loss
733420.50,4051177.75,2467.63,2327,1820,689.6,0.181,1,loss
733145.50,4051176.75,2371.34,2315,2661,423.5,0.111,1,loss
733146.50,4051176.75,2371.47,2315,2658,424.5,0.112,1,loss
732789.50,4051175.75,2444.31,2058,2758,60.3,0.016,1,loss
733241.50,4051175.75,2390.36,2331,2376,515.0,0.135,1,loss
733243.50,4051175.75,2391.27,2332,2367,516.8,0.136,1,loss
733246.50,4051174.75,2390.69,2339,2368,519.9,0.137,1,loss
733334.50,4051174.75,2419.82,2342,2114,604.7,0.159,1,loss
733342.50,4051174.75,2424.23,2342,2084,612.4,0.161,1,loss
733346.50,4051174.75,2426.15,2342,2071,616.3,0.162,1,loss
733431.50,4051174.75,2470.02,2344,1808,700.6,0.184,1,loss
733334.50,4051173.75,2419.47,2349,2116,604.7,0.159,1,loss
733335.50,4051173.75,2420.62,2349,2109,605.7,0.159,1,loss
733336.50,4051173.75,2420.62,2349,2108,606.7,0.159,1,loss
733342.50,4051173.75,2424.18,2349,2084,612.4,0.161,1,loss
733408.50,4051173.75,2463.50,2349,1843,677.5,0.178,1,loss
733431.50,4051173.75,2470.31,2349,1806,700.6,0.184,1,loss
733159.50,4051172.75,2379.33,2352,2566,435.7,0.114,1,loss
733229.50,4051172.75,2385.50,2354,2424,503.7,0.132,1,loss
733230.50,4051172.75,2385.50,2354,2423,504.7,0.133,1,loss
733232.50,4051172.75,2386.56,2354,2413,506.6,0.133,1,loss
733240.50,4051172.75,2388.60,2354,2389,514.2,0.135,1,loss
733245.50,4051172.75,2389.75,2354,2376,519.0,0.136,1,loss
733246.50,4051172.75,2390.50,2354,2370,519.9,0.137,1,loss
733331.50,4051172.75,2417.66,2355,2129,601.9,0.158,1,loss
733332.50,4051172.75,2418.27,2355,2125,602.8,0.158,1,loss
733334.50,4051172.75,2419.34,2355,2117,604.7,0.159,1,loss
733341.50,4051172.75,2423.55,2355,2088,611.5,0.161,1,loss
733342.50,4051172.75,2424.13,2355,2084,612.4,0.161,1,loss
733521.50,4051172.75,2514.24,2355,1602,792.5,0.208,1,loss
733522.50,4051172.75,2514.87,2355,1599,793.5,0.209,1,loss
733161.50,4051171.75,2378.86,2361,2567,437.7,0.115,1,loss
733331.50,4051171.75,2417.51,2361,2130,601.9,0.158,1,loss
733333.50,4051171.75,2418.65,2361,2122,603.8,0.159,1,loss
733338.50,4051171.75,2421.86,2361,2100,608.6,0.160,1,loss
733339.50,4051171.75,2422.40,2361,2096,609.5,0.160,1,loss
733409.50,4051171.75,2464.05,2360,1840,678.5,0.178,1,loss
732760.50,4051170.75,2450.52,2400,2824,30.4,0.008,1,loss
733161.50,4051170.75,2378.33,2370,2571,437.8,0.115,1,loss
733162.50,4051170.75,2378.78,2370,2566,438.7,0.115,1,loss
733163.50,4051170.75,2379.23,2370,2561,439.6,0.116,1,loss
733209.50,4051170.75,2385.29,2369,2448,484.0,0.127,1,loss
733346.50,4051170.75,2426.18,2367,2070,616.3,0.162,1,loss
733165.50,4051169.75,2379.45,2379,2555,441.5,0.116,1,loss
733209.50,4051169.75,2385.35,2377,2447,484.0,0.127,1,loss
733210.50,4051169.75,2385.96,2377,2442,484.9,0.127,1,loss
733331.50,4051169.75,2417.36,2374,2131,601.9,0.158,1,loss
733157.50,4051168.75,2377.65,2388,2584,434.0,0.114,1,loss
733465.50,4051168.75,2485.51,2376,1731,735.0,0.193,1,loss
733394.50,4051167.75,2455.66,2384,1887,663.5,0.174,1,loss
733422.50,4051167.75,2470.59,2383,1804,691.6,0.182,1,loss
733335.50,4051166.75,2419.00,2393,2119,605.8,0.159,1,loss
733336.50,4051166.75,2420.32,2393,2110,606.7,0.159,1,loss
733163.50,4051165.75,2379.42,2414,2558,439.6,0.116,1,loss
733211.50,4051165.75,2385.84,2409,2441,485.9,0.128,1,loss
733335.50,4051165.75,2419.02,2399,2119,605.8,0.159,1,loss
733336.50,4051165.75,2420.37,2399,2110,606.7,0.159,1,loss
733339.50,4051165.75,2422.44,2399,2096,609.6,0.160,1,loss
733425.50,4051165.75,2472.30,2394,1795,694.7,0.183,1,loss
733213.50,4051164.75,2387.03,2417,2429,487.7,0.128,1,loss
733214.50,4051164.75,2387.16,2417,2427,488.7,0.128,1,loss
733334.50,4051164.75,2418.41,2406,2123,604.8,0.159,0,loss
733336.50,4051164.75,2420.52,2406,2109,606.7,0.159,1,loss
733337.50,4051164.75,2421.01,2406,2105,607.7,0.160,1,loss
733338.50,4051164.75,2421.60,2406,2101,608.6,0.160,1,loss
733412.50,4051164.75,2466.15,2400,1828,681.6,0.179,1,loss
733413.50,4051164.75,2466.15,2400,1828,682.6,0.179,0,loss
733423.50,4051164.75,2471.19,2399,1801,692.7,0.182,1,loss
733480.50,4051164.75,2493.51,2396,1693,750.4,0.197,1,loss
733483.50,4051164.75,2493.82,2396,1692,753.4,0.198,0,loss
733214.50,4051163.75,2387.08,2425,2428,488.7,0.128,1,loss
733216.50,4051163.75,2387.03,2424,2426,490.7,0.129,0,loss
733333.50,4051163.75,2418.41,2412,2123,603.8,0.159,1,loss
733334.50,4051163.75,2418.41,2412,2123,604.8,0.159,0,loss
733338.50,4051163.75,2421.38,2412,2103,608.6,0.160,1,loss
733339.50,4051163.75,2422.14,2412,2098,609.6,0.160,1,loss
733341.50,4051163.75,2423.65,2412,2087,611.5,0.161,1,loss
733346.50,4051163.75,2426.07,2411,2071,616.4,0.162,1,loss
733483.50,4051163.75,2494.31,2401,1689,753.4,0.198,0,loss
733486.50,4051163.75,2494.95,2401,1687,756.4,0.199,1,loss
733214.50,4051162.75,2387.05,2432,2428,488.7,0.128,1,loss
733217.50,4051162.75,2387.15,2432,2424,491.7,0.129,1,loss
733242.50,4051162.75,2392.04,2429,2361,515.8,0.136,1,loss
733260.50,4051162.75,2396.99,2426,2310,533.1,0.140,1,loss
733332.50,4051162.75,2417.67,2419,2128,602.9,0.158,1,loss
733336.50,4051162.75,2420.51,2418,2109,606.7,0.159,1,loss
733337.50,4051162.75,2420.93,2418,2106,607.7,0.160,1,loss
733338.50,4051162.75,2421.45,2418,2102,608.7,0.160,1,loss
733346.50,4051162.75,2426.01,2417,2071,616.4,0.162,1,loss
732761.50,4051161.75,2450.94,3479,2711,32.6,0.009,1,loss
732765.50,4051161.75,2450.20,3356,2696,36.6,0.010,1,loss
733139.50,4051161.75,2377.65,2454,2613,416.4,0.109,1,loss
733214.50,4051161.75,2386.99,2440,2428,488.8,0.128,1,loss
733337.50,4051161.75,2420.93,2425,2106,607.7,0.160,1,loss
733338.50,4051161.75,2421.47,2424,2102,608.7,0.160,1,loss
733339.50,4051161.75,2422.07,2424,2098,609.6,0.160,1,loss
733345.50,4051161.75,2425.40,2424,2075,615.4,0.162,1,loss
733485.50,4051161.75,2494.85,2411,1687,755.5,0.199,1,loss
733486.50,4051161.75,2495.15,2411,1686,756.5,0.199,1,loss
733337.50,4051160.75,2420.93,2431,2106,607.7,0.160,1,loss
733338.50,4051160.75,2421.47,2431,2102,608.7,0.160,1,loss
733343.50,4051160.75,2423.96,2430,2085,613.5,0.161,1,loss
733629.50,4051160.75,2584.57,2405,1335,907.4,0.238,1,loss
732762.50,4051159.75,2451.02,3666,2669,34.2,0.009,1,loss
733216.50,4051159.75,2387.24,2456,2424,490.8,0.129,1,loss
733339.50,4051159.75,2422.15,2437,2097,609.7,0.160,1,loss
733341.50,4051159.75,2423.23,2437,2090,611.6,0.161,1,loss
733342.50,4051159.75,2423.23,2437,2090,612.6,0.161,0,loss
733343.50,4051159.75,2423.81,2436,2086,613.6,0.161,1,loss
733347.50,4051159.75,2426.44,2436,2068,617.4,0.162,1,loss
733628.50,4051159.75,2583.50,2410,1339,906.3,0.238,1,loss
733629.50,4051159.75,2584.52,2410,1335,907.4,0.238,1,loss
732786.50,4051158.75,2445.67,3187,2688,58.2,0.015,1,loss
732791.50,4051158.75,2444.70,3121,2682,63.1,0.017,1,loss
733216.50,4051158.75,2387.25,2464,2424,490.8,0.129,1,loss
733336.50,4051158.75,2420.33,2444,2110,606.8,0.159,1,loss
733341.50,4051158.75,2423.12,2443,2091,611.6,0.161,1,loss
733342.50,4051158.75,2423.12,2443,2090,612.6,0.161,1,loss
733343.50,4051158.75,2423.62,2443,2087,613.6,0.161,1,loss
733344.50,4051158.75,2424.15,2443,2083,614.6,0.161,1,loss
733629.50,4051158.75,2584.67,2414,1335,907.5,0.238,1,loss
732792.50,4051157.75,2444.69,3168,2668,64.3,0.017,1,loss
732793.50,4051157.75,2444.57,3156,2663,65.3,0.017,1,loss
733217.50,4051157.75,2387.32,2471,2422,491.8,0.129,1,loss
733344.50,4051157.75,2423.89,2449,2085,614.6,0.161,1,loss
733346.50,4051157.75,2424.75,2449,2079,616.5,0.162,1,loss
733353.50,4051157.75,2427.65,2448,2059,623.4,0.164,1,loss
733694.50,4051157.75,2605.25,2414,1289,974.8,0.256,0,loss
733221.50,4051156.75,2387.53,2478,2416,495.7,0.130,1,loss
733332.50,4051156.75,2418.28,2457,2124,603.0,0.158,1,loss
733336.50,4051156.75,2420.31,2456,2110,606.8,0.159,1,loss
733337.50,4051156.75,2420.76,2456,2107,607.8,0.160,1,loss
733221.50,4051155.75,2387.68,2486,2414,495.7,0.130,1,loss
733334.50,4051155.75,2418.80,2463,2120,605.0,0.159,1,loss
733335.50,4051155.75,2419.26,2463,2117,605.9,0.159,1,loss
733337.50,4051155.75,2420.46,2462,2109,607.9,0.160,1,loss
733340.50,4051155.75,2421.46,2462,2101,610.8,0.160,1,loss
733336.50,4051154.75,2419.59,2469,2114,606.9,0.159,1,loss
733337.50,4051154.75,2419.95,2469,2112,607.9,0.160,1,loss
733345.50,4051154.75,2422.51,2467,2093,615.7,0.162,1,loss
732787.50,4051153.75,2445.61,3487,2667,60.4,0.016,1,loss
733572.50,4051152.75,2545.10,2446,1478,846.2,0.222,1,loss
732980.50,4051151.75,2405.39,2659,2661,255.7,0.067,1,loss
733213.50,4051151.75,2386.30,2519,2434,488.2,0.128,1,loss
732794.50,4051150.75,2444.17,3534,2660,68.1,0.018,1,loss
732807.50,4051150.75,2442.30,3345,2622,80.7,0.021,1,loss
732808.50,4051150.75,2442.15,3333,2620,81.7,0.021,1,loss
732812.50,4051150.75,2441.46,3287,2616,85.6,0.022,1,loss
733148.50,4051150.75,2382.36,2552,2554,424.8,0.112,1,loss
733227.50,4051150.75,2390.69,2523,2385,501.5,0.132,1,loss
733336.50,4051150.75,2417.98,2494,2124,607.2,0.160,1,loss
732795.50,4051149.75,2443.86,3571,2664,69.4,0.018,1,loss
732810.50,4051149.75,2441.74,3354,2619,83.9,0.022,1,loss
732984.50,4051149.75,2405.32,2684,2650,259.8,0.068,1,loss
732802.50,4051147.75,2442.87,3557,2637,76.7,0.020,1,loss
732807.50,4051147.75,2442.15,3483,2624,81.5,0.021,1,loss
732822.50,4051147.75,2438.23,3306,2662,96.5,0.025,1,loss
732823.50,4051147.75,2438.92,3297,2627,97.3,0.026,1,loss
732987.50,4051147.75,2405.78,2710,2633,262.8,0.069,1,loss
732988.50,4051147.75,2405.55,2709,2634,263.8,0.069,1,loss
732804.50,4051146.75,2442.43,3573,2638,78.9,0.021,1,loss
732806.50,4051146.75,2442.16,3543,2632,80.9,0.021,1,loss
732810.50,4051146.75,2441.61,3487,2620,84.7,0.022,1,loss
732811.50,4051146.75,2441.61,3474,2612,85.7,0.023,1,loss
732812.50,4051146.75,2441.17,3461,2623,86.7,0.023,1,loss
732986.50,4051146.75,2406.16,2726,2631,261.8,0.069,1,loss
733448.50,4051146.75,2480.72,2494,1753,718.3,0.189,1,loss
732811.50,4051145.75,2441.47,3517,2617,86.0,0.023,1,loss
732812.50,4051145.75,2441.10,3504,2624,87.0,0.023,1,loss
733087.50,4051145.75,2393.70,2636,2550,363.1,0.095,1,loss
732812.50,4051144.75,2440.95,3546,2629,87.3,0.023,1,loss
733085.50,4051144.75,2394.72,2648,2542,361.1,0.095,1,loss
733086.50,4051144.75,2394.67,2647,2541,362.0,0.095,1,loss
732821.50,4051143.75,2438.52,3473,2653,96.5,0.025,1,loss
732822.50,4051143.75,2439.07,3462,2624,97.3,0.026,1,loss
733492.50,4051143.75,2499.90,2501,1664,763.1,0.201,1,loss
732819.50,4051142.75,2438.29,3535,2678,95.0,0.025,1,loss
732822.50,4051142.75,2439.34,3500,2612,97.6,0.026,1,loss
733225.50,4051142.75,2390.83,2585,2385,499.8,0.131,1,loss
733684.50,4051142.75,2606.41,2475,1279,965.4,0.254,0,loss
732820.50,4051141.75,2438.84,3562,2646,96.1,0.025,1,loss
733079.50,4051140.75,2394.06,2696,2560,355.6,0.093,1,loss
733387.50,4051140.75,2446.24,2542,1942,657.3,0.173,1,loss
733685.50,4051140.75,2607.43,2483,1276,966.6,0.254,0,loss
733079.50,4051139.75,2394.74,2707,2552,355.6,0.093,1,loss
732815.50,4051138.75,2439.08,3750,2674,92.4,0.024,1,loss
732816.50,4051138.75,2438.94,3735,2671,93.3,0.025,1,loss
732817.50,4051138.75,2438.99,3720,2660,94.3,0.025,1,loss
733469.50,4051138.75,2491.41,2532,1701,740.0,0.194,1,loss
732816.50,4051137.75,2439.19,3775,2659,93.6,0.025,1,loss
732818.50,4051137.75,2439.44,3745,2632,95.4,0.025,1,loss
732821.50,4051137.75,2440.37,3704,2572,98.0,0.026,1,loss
733239.50,4051137.75,2401.95,2616,2289,512.7,0.135,1,loss
733242.50,4051137.75,2403.28,2614,2277,515.5,0.135,1,loss
733341.50,4051137.75,2420.06,2574,2109,612.6,0.161,1,loss
733420.50,4051137.75,2465.82,2550,1830,690.3,0.181,1,loss
733471.50,4051137.75,2492.55,2536,1696,742.1,0.195,1,loss
732978.50,4051136.75,2410.13,2888,2592,254.4,0.067,1,loss
733229.50,4051136.75,2393.66,2628,2359,503.8,0.132,1,loss
733421.50,4051136.75,2465.25,2555,1834,691.4,0.182,0,loss
733233.50,4051135.75,2396.07,2634,2337,507.5,0.133,1,loss
733260.50,4051135.75,2412.59,2620,2197,532.6,0.140,1,loss
733261.50,4051135.75,2412.90,2620,2194,533.6,0.140,1,loss
732816.50,4051134.75,2439.94,3894,2624,94.6,0.025,1,loss
733230.50,4051134.75,2394.01,2643,2355,504.9,0.133,1,loss
733232.50,4051134.75,2394.83,2642,2347,506.8,0.133,1,loss
733233.50,4051134.75,2395.73,2641,2340,507.6,0.133,1,loss
733243.50,4051133.75,2403.39,2643,2275,516.7,0.136,1,loss
733243.50,4051132.75,2402.28,2651,2283,516.9,0.136,1,loss
733244.50,4051132.75,2402.43,2650,2281,517.9,0.136,1,loss
733473.50,4051132.75,2493.53,2562,1692,744.3,0.196,1,loss
733474.50,4051132.75,2494.21,2561,1688,745.4,0.196,1,loss
732817.50,4051131.75,2440.78,3994,2577,96.5,0.025,1,loss
733231.50,4051131.75,2393.16,2665,2361,506.2,0.133,1,loss
733245.50,4051131.75,2402.38,2657,2281,519.0,0.136,1,loss
733247.50,4051131.75,2404.82,2656,2261,520.7,0.137,1,loss
733253.50,4051131.75,2407.41,2653,2238,526.4,0.138,1,loss
733254.50,4051131.75,2407.88,2652,2234,527.4,0.139,1,loss
733263.50,4051131.75,2412.92,2647,2193,535.8,0.141,1,loss
733334.50,4051131.75,2419.13,2614,2117,606.0,0.159,1,loss
732816.50,4051130.75,2440.93,4050,2577,96.0,0.025,1,loss
733233.50,4051130.75,2394.13,2671,2351,508.1,0.134,1,loss
733237.50,4051130.75,2397.54,2669,2323,511.7,0.134,1,loss
733248.50,4051130.75,2404.18,2663,2265,521.8,0.137,1,loss
733266.50,4051130.75,2413.46,2653,2187,538.9,0.142,1,loss
733269.50,4051130.75,2414.89,2651,2176,541.7,0.142,1,loss
733482.50,4051130.75,2498.29,2569,1670,753.7,0.198,1,loss
732816.50,4051129.75,2440.87,4089,2578,96.5,0.025,1,loss
733265.50,4051129.75,2412.73,2660,2193,538.0,0.141,1,loss
733266.50,4051129.75,2412.73,2660,2192,539.0,0.142,1,loss
733267.50,4051129.75,2413.71,2659,2185,539.9,0.142,1,loss
733269.50,4051129.75,2414.72,2658,2177,541.8,0.142,1,loss
733477.50,4051129.75,2496.32,2576,1678,748.6,0.197,1,loss
733479.50,4051129.75,2497.04,2575,1675,750.7,0.197,1,loss
733480.50,4051129.75,2497.73,2575,1672,751.7,0.198,1,loss
733481.50,4051129.75,2498.28,2575,1669,752.7,0.198,1,loss
733485.50,4051129.75,2499.66,2573,1664,756.8,0.199,1,loss
733257.50,4051128.75,2407.24,2672,2237,530.6,0.139,1,loss
733263.50,4051128.75,2411.22,2669,2205,536.2,0.141,1,loss
733264.50,4051128.75,2411.59,2668,2201,537.2,0.141,1,loss
733265.50,4051128.75,2412.12,2668,2197,538.1,0.141,1,loss
733266.50,4051128.75,2412.12,2667,2197,539.1,0.142,1,loss
733267.50,4051128.75,2413.29,2666,2188,540.0,0.142,1,loss
733270.50,4051128.75,2414.60,2665,2177,542.9,0.143,1,loss
733554.50,4051128.75,2535.25,2560,1516,828.2,0.218,1,loss
733265.50,4051127.75,2411.81,2675,2199,538.2,0.141,1,loss
733266.50,4051127.75,2411.81,2674,2199,539.2,0.142,1,loss
733490.50,4051127.75,2502.22,2582,1652,762.0,0.200,1,loss
733267.50,4051126.75,2412.50,2681,2193,540.2,0.142,1,loss
733303.50,4051126.75,2410.78,2661,2185,576.1,0.151,1,loss
733386.50,4051126.75,2444.38,2624,1952,657.1,0.173,1,loss
733479.50,4051126.75,2497.20,2590,1674,750.8,0.197,1,loss
732979.50,4051125.75,2414.77,3049,2517,256.3,0.067,1,loss
733268.50,4051125.75,2412.27,2687,2194,541.3,0.142,1,loss
733272.50,4051125.75,2413.16,2685,2186,545.2,0.143,0,loss
733304.50,4051125.75,2411.57,2667,2179,577.2,0.152,1,loss
733387.50,4051125.75,2444.53,2629,1951,658.2,0.173,1,loss
733475.50,4051125.75,2494.85,2597,1685,746.8,0.196,1,loss
732821.50,4051124.75,2442.68,4185,2466,102.8,0.027,1,loss
733270.50,4051124.75,2412.46,2693,2192,543.4,0.143,1,loss
733271.50,4051124.75,2412.59,2692,2190,544.4,0.143,1,loss
733272.50,4051124.75,2412.69,2692,2189,545.4,0.143,1,loss
733274.50,4051124.75,2412.64,2690,2188,547.3,0.144,1,loss
733305.50,4051124.75,2412.00,2673,2175,578.2,0.152,1,loss
733346.50,4051124.75,2423.63,2653,2084,618.2,0.162,1,loss
733385.50,4051124.75,2443.24,2636,1959,656.3,0.172,1,loss
733451.50,4051124.75,2477.06,2610,1773,722.2,0.190,1,loss
733255.50,4051123.75,2404.02,2709,2261,529.4,0.139,1,loss
733272.50,4051123.75,2412.18,2699,2192,545.5,0.143,1,loss
733273.50,4051123.75,2412.18,2698,2192,546.5,0.144,1,loss
733274.50,4051123.75,2412.16,2697,2191,547.5,0.144,1,loss
733275.50,4051123.75,2412.08,2697,2191,548.5,0.144,0,loss
733293.50,4051123.75,2410.13,2686,2194,566.5,0.149,1,loss
733294.50,4051123.75,2410.78,2686,2189,567.4,0.149,0,loss
733386.50,4051123.75,2443.39,2641,1958,657.4,0.173,1,loss
733483.50,4051123.75,2501.21,2604,1655,755.2,0.198,1,loss
733270.50,4051122.75,2411.16,2707,2200,543.7,0.143,1,loss
733271.50,4051122.75,2411.27,2706,2199,544.7,0.143,1,loss
733272.50,4051122.75,2411.29,2706,2198,545.6,0.143,1,loss
733273.50,4051122.75,2411.29,2705,2198,546.6,0.144,1,loss
733274.50,4051122.75,2411.22,2704,2198,547.6,0.144,1,loss
733275.50,4051122.75,2411.14,2704,2198,548.6,0.144,0,loss
733293.50,4051122.75,2410.67,2693,2190,566.5,0.149,1,loss
733294.50,4051122.75,2410.78,2692,2189,567.5,0.149,0,loss
733297.50,4051122.75,2411.10,2691,2185,570.5,0.150,1,loss
733298.50,4051122.75,2411.46,2690,2183,571.4,0.150,1,loss
733299.50,4051122.75,2411.57,2690,2181,572.4,0.150,1,loss
733443.50,4051122.75,2471.50,2624,1802,714.3,0.188,1,loss
733484.50,4051122.75,2501.67,2609,1653,756.3,0.199,1,loss
732817.50,4051121.75,2442.45,4372,2497,100.7,0.026,1,loss
733275.50,4051121.75,2411.14,2711,2198,548.7,0.144,0,loss
733293.50,4051121.75,2410.67,2700,2190,566.6,0.149,1,loss
733294.50,4051121.75,2410.78,2699,2189,567.6,0.149,1,loss
733451.50,4051121.75,2476.62,2626,1775,722.4,0.190,1,loss
733492.50,4051121.75,2505.04,2611,1639,764.5,0.201,1,loss
733493.50,4051121.75,2505.44,2611,1637,765.6,0.201,1,loss
733486.50,4051120.75,2502.80,2619,1648,758.5,0.199,1,loss
733488.50,4051120.75,2503.74,2618,1644,760.5,0.200,1,loss
733490.50,4051120.75,2504.39,2617,1641,762.6,0.200,1,loss
733491.50,4051120.75,2504.73,2617,1640,763.6,0.201,1,loss
733492.50,4051120.75,2505.04,2616,1639,764.6,0.201,1,loss
732822.50,4051119.75,2443.24,4344,2433,105.9,0.028,1,loss
732982.50,4051119.75,2415.59,3128,2496,260.1,0.068,1,loss
732969.50,4051117.75,2417.01,3199,2506,247.8,0.065,1,loss
732970.50,4051117.75,2416.72,3195,2507,248.8,0.065,1,loss
732975.50,4051116.75,2416.42,3194,2499,253.9,0.067,1,loss
733075.50,4051116.75,2405.28,2959,2442,352.7,0.093,1,loss
733358.50,4051116.75,2429.33,2695,2046,630.5,0.166,1,loss
733490.50,4051116.75,2504.71,2637,1640,762.9,0.200,1,loss
732974.50,4051115.75,2416.52,3212,2500,253.1,0.067,1,loss
732975.50,4051115.75,2416.42,3208,2499,254.1,0.067,1,loss
732976.50,4051115.75,2416.59,3205,2494,255.0,0.067,1,loss
732977.50,4051115.75,2416.46,3202,2493,256.0,0.067,1,loss
732812.50,4051114.75,2443.51,4753,2480,100.1,0.026,1,loss
732814.50,4051114.75,2443.54,4701,2465,101.7,0.027,1,loss
733003.50,4051114.75,2413.30,3138,2479,281.8,0.074,1,loss
733284.50,4051114.75,2408.52,2753,2210,558.5,0.147,1,loss
733480.50,4051114.75,2495.58,2651,1683,752.5,0.198,1,loss
732813.50,4051113.75,2443.72,4765,2464,101.4,0.027,1,loss
732814.50,4051113.75,2443.72,4739,2457,102.2,0.027,1,loss
732954.50,4051113.75,2420.88,3317,2481,233.7,0.061,1,loss
732962.50,4051113.75,2419.57,3285,2482,241.6,0.063,1,loss
732964.50,4051113.75,2419.44,3278,2479,243.5,0.064,1,loss
732974.50,4051113.75,2417.42,3241,2485,253.4,0.067,1,loss
733274.50,4051113.75,2407.67,2767,2221,548.8,0.144,1,loss
733285.50,4051113.75,2408.85,2759,2207,559.6,0.147,1,loss
733498.50,4051113.75,2510.06,2649,1616,771.4,0.203,1,loss
732811.50,4051112.75,2443.65,4856,2480,100.4,0.026,1,loss
732816.50,4051112.75,2443.97,4726,2433,104.4,0.027,1,loss
732955.50,4051112.75,2421.22,3329,2473,234.8,0.062,1,loss
732975.50,4051112.75,2417.88,3253,2476,254.5,0.067,1,loss
732996.50,4051112.75,2414.65,3185,2475,275.2,0.072,1,loss
733282.50,4051112.75,2407.99,2768,2214,556.8,0.146,1,loss
733283.50,4051112.75,2408.30,2767,2211,557.8,0.147,1,loss
733496.50,4051112.75,2509.11,2655,1620,769.4,0.202,1,loss
733499.50,4051112.75,2510.72,2654,1613,772.5,0.203,1,loss
732810.50,4051111.75,2444.11,4924,2466,100.1,0.026,1,loss
732970.50,4051111.75,2419.47,3286,2463,249.7,0.066,1,loss
732971.50,4051111.75,2419.37,3282,2463,250.7,0.066,1,loss
733275.50,4051111.75,2407.09,2780,2225,550.1,0.145,1,loss
733277.50,4051111.75,2407.30,2778,2222,552.0,0.145,1,loss
732954.50,4051110.75,2421.87,3365,2464,234.3,0.062,1,loss
732958.50,4051110.75,2421.48,3348,2460,238.2,0.063,1,loss
732961.50,4051110.75,2420.91,3336,2462,241.1,0.063,1,loss
732962.50,4051110.75,2420.79,3332,2462,242.1,0.064,1,loss
733073.50,4051110.75,2407.40,3027,2421,351.4,0.092,1,loss
733268.50,4051110.75,2405.01,2792,2243,543.5,0.143,1,loss
733272.50,4051110.75,2405.99,2789,2234,547.3,0.144,1,loss
733275.50,4051110.75,2406.62,2786,2228,550.2,0.145,1,loss
733278.50,4051110.75,2407.02,2784,2223,553.2,0.145,1,loss
732807.50,4051109.75,2444.50,5095,2471,98.9,0.026,1,loss
732960.50,4051109.75,2421.46,3355,2455,240.3,0.063,1,loss
732961.50,4051109.75,2421.27,3351,2456,241.3,0.063,1,loss
732962.50,4051109.75,2421.24,3347,2454,242.3,0.064,1,loss
732963.50,4051109.75,2421.09,3343,2454,243.2,0.064,1,loss
733000.50,4051109.75,2414.04,3213,2473,279.8,0.074,1,loss
733001.50,4051109.75,2413.78,3210,2475,280.9,0.074,1,loss
733278.50,4051109.75,2406.84,2791,2224,553.3,0.145,1,loss
732998.50,4051108.75,2414.17,3233,2476,278.1,0.073,1,loss
732999.50,4051108.75,2414.09,3230,2474,279.1,0.073,1,loss
733000.50,4051108.75,2413.86,3227,2475,280.1,0.074,1,loss
733001.50,4051108.75,2413.71,3224,2475,281.1,0.074,1,loss
732967.50,4051107.75,2421.70,3358,2435,247.5,0.065,1,loss
732970.50,4051107.75,2421.40,3346,2432,250.4,0.066,1,loss
732998.50,4051107.75,2413.89,3246,2479,278.4,0.073,1,loss
733071.50,4051107.75,2409.89,3064,2397,349.7,0.092,1,loss
733286.50,4051107.75,2410.40,2799,2195,561.1,0.147,1,loss
733287.50,4051107.75,2410.77,2798,2192,562.1,0.148,1,loss
732962.50,4051106.75,2422.19,3393,2438,242.9,0.064,1,loss
733284.50,4051106.75,2409.58,2807,2202,559.3,0.147,1,loss
733286.50,4051106.75,2410.39,2805,2195,561.2,0.147,1,loss
733287.50,4051106.75,2410.75,2804,2192,562.2,0.148,1,loss
733288.50,4051106.75,2410.75,2804,2192,563.2,0.148,0,loss
732799.50,4051105.75,2445.01,5571,2520,95.5,0.025,1,loss
732806.50,4051105.75,2445.00,5293,2456,100.6,0.026,1,loss
732807.50,4051105.75,2444.97,5258,2450,101.4,0.027,1,loss
733286.50,4051105.75,2410.23,2812,2196,561.4,0.148,1,loss
733057.50,4051104.75,2407.90,3126,2440,336.9,0.089,1,loss
733069.50,4051104.75,2409.60,3100,2402,348.3,0.092,1,loss
733070.50,4051104.75,2410.11,3098,2395,349.2,0.092,1,loss
733055.50,4051103.75,2407.68,3141,2446,335.2,0.088,1,loss
733056.50,4051103.75,2407.91,3139,2441,336.1,0.088,1,loss
732819.50,4051102.75,2444.08,5005,2406,112.6,0.030,1,loss
732948.50,4051102.75,2425.61,3521,2414,230.2,0.061,1,loss
733056.50,4051101.75,2408.71,3161,2432,336.4,0.088,1,loss
732952.50,4051100.75,2425.85,3533,2400,234.6,0.062,1,loss
733055.50,4051100.75,2408.88,3175,2431,335.6,0.088,1,loss
733523.50,4051100.75,2522.68,2702,1564,798.2,0.210,1,loss
733071.50,4051099.75,2411.30,3149,2380,351.0,0.092,1,loss
733254.50,4051099.75,2399.02,2881,2295,531.6,0.140,1,loss
733068.50,4051098.75,2411.19,3167,2385,348.3,0.092,1,loss
733069.50,4051098.75,2411.14,3164,2384,349.3,0.092,1,loss
733070.50,4051098.75,2411.23,3162,2382,350.2,0.092,1,loss
733496.50,4051097.75,2511.45,2729,1609,770.9,0.203,1,loss
733497.50,4051097.75,2511.88,2728,1607,771.9,0.203,1,loss
733498.50,4051097.75,2511.88,2728,1607,772.9,0.203,0,loss
733508.50,4051097.75,2515.39,2723,1594,783.0,0.206,1,loss
732951.50,4051096.75,2426.66,3602,2387,234.8,0.062,1,loss
733048.50,4051096.75,2405.81,3237,2477,330.2,0.087,1,loss
733496.50,4051096.75,2511.55,2734,1608,771.0,0.203,1,loss
733508.50,4051096.75,2515.67,2728,1592,783.2,0.206,1,loss
733493.50,4051095.75,2509.30,2740,1618,767.9,0.202,1,loss
733498.50,4051095.75,2511.98,2738,1607,773.1,0.203,0,loss
733501.50,4051095.75,2513.43,2736,1601,776.1,0.204,1,loss
733528.50,4051095.75,2526.18,2724,1549,803.9,0.211,1,loss
733071.50,4051094.75,2413.61,3203,2354,351.7,0.092,1,loss
733073.50,4051094.75,2413.71,3198,2350,353.7,0.093,1,loss
733496.50,4051094.75,2511.07,2744,1611,771.1,0.203,1,loss
733064.50,4051093.75,2413.75,3230,2362,345.2,0.091,1,loss
733488.50,4051093.75,2503.94,2753,1644,762.8,0.200,1,loss
733489.50,4051093.75,2504.55,2752,1641,763.8,0.201,1,loss
733499.50,4051093.75,2512.43,2747,1605,774.3,0.203,1,loss
733500.50,4051093.75,2512.99,2747,1603,775.3,0.204,1,loss
733054.50,4051091.75,2412.18,3278,2393,336.2,0.088,1,loss
733061.50,4051091.75,2413.81,3260,2365,342.7,0.090,1,loss
733061.50,4051090.75,2414.27,3271,2360,342.9,0.090,1,loss
733066.50,4051090.75,2414.92,3258,2346,347.6,0.091,1,loss
733501.50,4051089.75,2513.76,2766,1599,776.8,0.204,1,loss
733066.50,4051088.75,2415.54,3279,2338,348.0,0.091,1,loss
733502.50,4051088.75,2514.46,2770,1596,777.9,0.204,1,loss
733503.50,4051088.75,2514.98,2770,1594,779.0,0.205,1,loss
733504.50,4051088.75,2515.98,2769,1590,780.0,0.205,1,loss
733059.50,4051087.75,2414.76,3309,2356,341.6,0.090,1,loss
732966.50,4051086.75,2427.99,3675,2332,251.9,0.066,1,loss
733067.50,4051086.75,2416.53,3298,2326,349.4,0.092,1,loss
733070.50,4051086.75,2416.56,3290,2322,352.2,0.093,1,loss
733079.50,4051086.75,2417.31,3267,2303,360.8,0.095,1,loss
733091.50,4051086.75,2416.40,3239,2298,372.5,0.098,1,loss
733516.50,4051086.75,2520.21,2772,1573,792.5,0.208,1,loss
733067.50,4051085.75,2416.96,3309,2321,349.5,0.092,1,loss
733516.50,4051085.75,2520.21,2777,1573,792.6,0.208,1,loss
732940.50,4051084.75,2429.35,3858,2361,228.4,0.060,1,loss
733064.50,4051084.75,2416.82,3328,2326,346.9,0.091,1,loss
733082.50,4051082.75,2418.82,3301,2283,364.5,0.096,1,loss
733500.50,4051082.75,2513.44,2801,1601,776.5,0.204,1,loss
733501.50,4051082.75,2513.91,2800,1599,777.6,0.204,1,loss
732971.50,4051081.75,2428.69,3721,2311,258.2,0.068,1,loss
732973.50,4051081.75,2428.84,3711,2305,260.0,0.068,1,loss
733501.50,4051081.75,2513.91,2805,1599,777.7,0.204,1,loss
732971.50,4051080.75,2428.69,3736,2311,258.5,0.068,1,loss
732976.50,4051080.75,2428.87,3710,2300,263.2,0.069,1,loss
732978.50,4051080.75,2428.26,3699,2305,265.1,0.070,1,loss
733085.50,4051080.75,2419.24,3314,2275,367.9,0.097,1,loss
733502.50,4051080.75,2514.30,2809,1597,778.8,0.205,1,loss
733503.50,4051080.75,2514.81,2809,1595,779.8,0.205,1,loss
732965.50,4051079.75,2429.98,3783,2301,253.2,0.067,1,loss
732973.50,4051079.75,2429.03,3739,2302,260.7,0.069,1,loss
732974.50,4051079.75,2429.04,3734,2300,261.6,0.069,1,loss
732975.50,4051079.75,2429.04,3729,2298,262.6,0.069,1,loss
732979.50,4051079.75,2428.28,3708,2303,266.4,0.070,1,loss
733087.50,4051079.75,2419.52,3319,2269,370.0,0.097,1,loss
733503.50,4051079.75,2514.72,2813,1596,779.9,0.205,1,loss
732976.50,4051078.75,2429.17,3738,2295,263.8,0.069,1,loss
732979.50,4051078.75,2428.52,3722,2299,266.7,0.070,1,loss
733072.50,4051078.75,2420.09,3369,2280,355.8,0.093,1,loss
733502.50,4051078.75,2514.07,2819,1598,779.0,0.205,1,loss
732967.50,4051077.75,2430.17,3801,2294,255.7,0.067,1,loss
732977.50,4051077.75,2429.26,3746,2291,265.1,0.070,1,loss
732978.50,4051077.75,2429.15,3741,2291,266.1,0.070,1,loss
733147.50,4051077.75,2408.20,3203,2314,429.7,0.113,1,loss
733090.50,4051075.75,2420.95,3351,2251,373.7,0.098,1,loss
733091.50,4051073.75,2421.88,3368,2240,375.1,0.099,1,loss
733095.50,4051073.75,2421.46,3358,2241,379.0,0.100,1,loss
733096.50,4051073.75,2421.24,3355,2242,380.0,0.100,1,loss
733097.50,4051073.75,2421.24,3353,2241,381.0,0.100,1,loss
733098.50,4051073.75,2421.03,3350,2242,381.9,0.100,1,loss
733100.50,4051073.75,2420.26,3345,2248,383.9,0.101,1,loss
733333.50,4051072.75,2431.67,2982,2036,611.0,0.161,1,loss
732888.50,4051070.75,2435.11,4587,2372,188.1,0.049,1,loss
733063.50,4051070.75,2422.00,3480,2267,349.1,0.092,1,loss
733091.50,4051069.75,2424.10,3408,2217,376.0,0.099,1,loss
733462.50,4051069.75,2493.96,2890,1688,739.3,0.194,1,loss
732862.50,4051068.75,2437.45,5025,2402,167.8,0.044,1,loss
733012.50,4051068.75,2423.18,3694,2318,301.5,0.079,1,loss
733013.50,4051068.75,2423.21,3690,2316,302.4,0.079,1,loss
733014.50,4051068.75,2423.16,3686,2316,303.4,0.080,1,loss
733149.50,4051068.75,2412.93,3277,2269,433.2,0.114,1,loss
733013.50,4051067.75,2423.81,3702,2308,302.7,0.080,1,loss
733083.50,4051067.75,2424.42,3451,2221,368.8,0.097,1,loss
733084.50,4051067.75,2424.35,3448,2220,369.8,0.097,1,loss
733009.50,4051066.75,2424.75,3733,2302,299.2,0.079,1,loss
733015.50,4051066.75,2423.84,3706,2305,304.9,0.080,0,loss
733062.50,4051066.75,2423.06,3526,2256,349.3,0.092,1,loss
733063.50,4051066.75,2423.33,3523,2252,350.2,0.092,1,loss
733009.50,4051065.75,2425.12,3745,2297,299.5,0.079,1,loss
733012.50,4051065.75,2425.10,3731,2293,302.3,0.079,1,loss
733013.50,4051065.75,2425.00,3727,2293,303.3,0.080,1,loss
733014.50,4051065.75,2424.71,3722,2295,304.2,0.080,1,loss
733015.50,4051065.75,2424.31,3718,2299,305.2,0.080,1,loss
733016.50,4051065.75,2424.31,3713,2297,306.1,0.080,1,loss
733017.50,4051065.75,2424.08,3709,2299,307.1,0.081,1,loss
733084.50,4051065.75,2425.31,3468,2210,370.3,0.097,1,loss
733091.50,4051065.75,2425.63,3447,2201,376.9,0.099,1,loss
733145.50,4051065.75,2413.70,3311,2266,429.9,0.113,1,loss
733146.50,4051065.75,2413.89,3309,2263,430.9,0.113,1,loss
733011.50,4051064.75,2425.71,3748,2286,301.7,0.079,1,loss
733012.50,4051064.75,2425.52,3744,2287,302.6,0.080,1,loss
733014.50,4051064.75,2425.15,3734,2289,304.5,0.080,1,loss
733017.50,4051064.75,2424.60,3721,2292,307.4,0.081,1,loss
733018.50,4051064.75,2424.38,3716,2293,308.3,0.081,1,loss
733019.50,4051064.75,2424.18,3712,2295,309.3,0.081,1,loss
733084.50,4051064.75,2425.87,3478,2204,370.5,0.097,1,loss
733145.50,4051064.75,2413.70,3320,2266,430.2,0.113,1,loss
733326.50,4051064.75,2432.12,3039,2035,605.5,0.159,1,loss
733012.50,4051063.75,2425.91,3756,2282,302.9,0.080,1,loss
733013.50,4051063.75,2425.83,3751,2282,303.9,0.080,1,loss
733091.50,4051063.75,2426.40,3467,2192,377.4,0.099,1,loss
733542.50,4051063.75,2539.67,2866,1493,822.6,0.216,1,loss
733015.50,4051062.75,2425.83,3754,2279,306.1,0.080,1,loss
733016.50,4051062.75,2425.83,3750,2277,307.0,0.081,1,loss
733017.50,4051062.75,2425.69,3745,2278,308.0,0.081,1,loss
733018.50,4051062.75,2425.46,3740,2279,308.9,0.081,1,loss
733021.50,4051062.75,2424.71,3727,2285,311.8,0.082,1,loss
733086.50,4051062.75,2426.91,3492,2191,372.9,0.098,1,loss
733551.50,4051062.75,2544.72,2865,1474,832.1,0.219,1,loss
733553.50,4051062.75,2545.87,2863,1470,834.2,0.219,1,loss
732855.50,4051061.75,2441.07,5337,2334,166.5,0.044,1,loss
733011.50,4051061.75,2426.99,3785,2269,302.6,0.080,1,loss
733020.50,4051061.75,2425.39,3743,2277,311.1,0.082,1,loss
733022.50,4051061.75,2424.84,3735,2281,313.1,0.082,1,loss
733086.50,4051061.75,2427.62,3502,2184,373.1,0.098,1,loss
733087.50,4051061.75,2427.62,3499,2183,374.1,0.098,1,loss
733088.50,4051061.75,2427.64,3496,2182,375.1,0.099,1,loss
733148.50,4051061.75,2415.78,3339,2244,433.6,0.114,1,loss
733149.50,4051061.75,2415.91,3337,2242,434.6,0.114,1,loss
732896.50,4051060.75,2436.29,4681,2321,200.0,0.053,1,loss
732914.50,4051060.75,2433.13,4476,2340,215.5,0.057,1,loss
733023.50,4051060.75,2425.36,3742,2273,314.3,0.083,1,loss
733088.50,4051060.75,2427.99,3506,2178,375.3,0.099,1,loss
733147.50,4051060.75,2416.07,3350,2242,432.9,0.114,0,loss
732915.50,4051059.75,2433.13,4483,2337,216.9,0.057,1,loss
732949.50,4051059.75,2434.79,4184,2244,246.3,0.065,1,loss
733270.50,4051059.75,2412.74,3140,2184,552.7,0.145,1,loss
732855.50,4051058.75,2441.85,5413,2313,168.4,0.044,1,loss
732939.50,4051058.75,2433.86,4278,2276,238.0,0.063,1,loss
732952.50,4051058.75,2435.76,4176,2224,249.3,0.066,1,loss
733269.50,4051058.75,2413.42,3148,2180,551.9,0.145,1,loss
732950.50,4051057.75,2435.73,4206,2227,248.0,0.065,1,loss
732951.50,4051057.75,2435.82,4198,2224,248.9,0.065,1,loss
733013.50,4051057.75,2428.52,3824,2246,305.8,0.080,1,loss
733468.50,4051057.75,2503.88,2946,1639,747.6,0.196,1,loss
733471.50,4051057.75,2505.72,2944,1630,750.6,0.197,1,loss
733473.50,4051057.75,2507.64,2942,1621,752.7,0.198,1,loss
733474.50,4051057.75,2507.64,2942,1621,753.7,0.198,0,loss
733475.50,4051057.75,2508.34,2941,1618,754.7,0.198,1,loss
733012.50,4051056.75,2429.12,3841,2239,305.2,0.080,1,loss
733081.50,4051056.75,2429.79,3567,2165,369.7,0.097,1,loss
733269.50,4051056.75,2413.75,3162,2177,552.3,0.145,1,loss
733469.50,4051056.75,2504.71,2950,1635,748.7,0.197,1,loss
733473.50,4051056.75,2507.80,2947,1620,752.9,0.198,1,loss
733474.50,4051056.75,2507.80,2947,1621,753.9,0.198,1,loss
732901.50,4051055.75,2437.48,4713,2283,206.8,0.054,1,loss
732997.50,4051055.75,2431.54,3931,2225,291.6,0.077,1,loss
733455.50,4051055.75,2494.37,2967,1684,734.5,0.193,1,loss
733553.50,4051055.75,2545.73,2895,1470,835.2,0.219,1,loss
732898.50,4051054.75,2438.15,4769,2276,204.9,0.054,1,loss
732902.50,4051054.75,2437.41,4719,2282,208.2,0.055,1,loss
733067.50,4051054.75,2429.72,3635,2176,357.1,0.094,1,loss
733460.50,4051054.75,2498.67,2968,1663,739.8,0.194,1,loss
733468.50,4051054.75,2504.19,2961,1637,748.0,0.197,1,loss
733476.50,4051054.75,2510.10,2955,1610,756.3,0.199,1,loss
732898.50,4051053.75,2438.39,4788,2271,205.4,0.054,1,loss
733000.50,4051053.75,2431.84,3940,2217,295.1,0.078,1,loss
733063.50,4051053.75,2428.95,3660,2188,353.8,0.093,1,loss
733458.50,4051053.75,2497.46,2975,1669,737.9,0.194,1,loss
733459.50,4051053.75,2498.16,2974,1666,739.0,0.194,1,loss
733462.50,4051053.75,2500.97,2971,1652,742.1,0.195,1,loss
733463.50,4051053.75,2501.62,2970,1649,743.1,0.195,1,loss
733467.50,4051053.75,2503.73,2967,1639,747.2,0.196,1,loss
733476.50,4051053.75,2510.10,2960,1610,756.5,0.199,1,loss
732899.50,4051052.75,2438.45,4793,2267,206.8,0.054,1,loss
732905.50,4051052.75,2437.08,4718,2281,211.8,0.056,1,loss
733023.50,4051052.75,2428.50,3836,2233,316.9,0.083,1,loss
733049.50,4051052.75,2421.11,3722,2289,341.7,0.090,1,loss
733449.50,4051052.75,2491.46,2987,1698,728.9,0.192,1,loss
733459.50,4051052.75,2498.17,2979,1665,739.1,0.194,1,loss
733464.50,4051052.75,2501.70,2975,1649,744.3,0.196,1,loss
733048.50,4051051.75,2421.08,3737,2290,341.2,0.090,1,loss
733060.50,4051051.75,2428.00,3692,2200,351.7,0.092,1,loss
733062.50,4051051.75,2429.28,3684,2185,353.5,0.093,1,loss
733465.50,4051051.75,2502.48,2979,1645,745.4,0.196,1,loss
733456.50,4051050.75,2495.20,2992,1680,736.3,0.193,1,loss
732909.50,4051049.75,2437.56,4724,2263,216.8,0.057,1,loss
733002.50,4051049.75,2432.82,3978,2201,298.4,0.078,1,loss
733089.50,4051049.75,2432.45,3610,2130,379.3,0.100,1,loss
733456.50,4051049.75,2494.87,2997,1682,736.5,0.194,1,loss
733002.50,4051048.75,2432.82,3991,2200,298.8,0.079,1,loss
733004.50,4051048.75,2433.08,3980,2195,300.6,0.079,1,loss
733475.50,4051048.75,2510.07,2986,1610,756.3,0.199,1,loss
732863.50,4051047.75,2442.87,5503,2262,181.6,0.048,1,loss
733004.50,4051047.75,2433.15,3992,2194,301.0,0.079,1,loss
733070.50,4051047.75,2432.75,3696,2140,362.1,0.095,1,loss
733088.50,4051047.75,2433.42,3633,2121,378.9,0.100,1,loss
733089.50,4051047.75,2433.39,3630,2120,379.9,0.100,1,loss
733495.50,4051047.75,2520.84,2974,1564,776.9,0.204,1,loss
733006.50,4051046.75,2433.12,3993,2192,303.2,0.080,1,loss
733008.50,4051046.75,2433.46,3982,2185,305.0,0.080,1,loss
733009.50,4051046.75,2433.49,3977,2184,305.9,0.080,1,loss
733010.50,4051046.75,2433.48,3972,2183,306.9,0.081,1,loss
733013.50,4051046.75,2433.55,3956,2179,309.6,0.081,1,loss
733072.50,4051046.75,2433.14,3699,2134,364.3,0.096,1,loss
733076.50,4051046.75,2433.20,3685,2131,368.0,0.097,1,loss
733315.50,4051046.75,2436.18,3164,2011,598.0,0.157,1,loss
733493.50,4051046.75,2520.38,2981,1565,775.1,0.204,1,loss
732868.50,4051045.75,2442.95,5443,2245,186.6,0.049,1,loss
733007.50,4051045.75,2433.42,4000,2186,304.5,0.080,1,loss
733011.50,4051045.75,2433.64,3978,2180,308.2,0.081,1,loss
733024.50,4051045.75,2431.50,3912,2193,320.2,0.084,1,loss
733078.50,4051045.75,2433.51,3687,2126,370.2,0.097,1,loss
733079.50,4051045.75,2433.62,3684,2124,371.1,0.098,1,loss
733080.50,4051045.75,2433.84,3680,2121,372.1,0.098,1,loss
733294.50,4051045.75,2429.68,3199,2059,577.9,0.152,1,loss
733349.50,4051045.75,2452.16,3127,1908,631.1,0.166,1,loss
733479.50,4051045.75,2513.51,2997,1594,760.9,0.200,1,loss
732905.50,4051044.75,2439.83,4862,2225,216.1,0.057,1,loss
732956.50,4051044.75,2439.99,4349,2148,259.1,0.068,1,loss
733014.50,4051044.75,2433.74,3975,2175,311.3,0.082,1,loss
733015.50,4051044.75,2433.60,3969,2176,312.2,0.082,1,loss
733022.50,4051044.75,2432.32,3934,2185,318.7,0.084,1,loss
733023.50,4051044.75,2432.07,3929,2187,319.6,0.084,1,loss
733024.50,4051044.75,2431.81,3924,2189,320.6,0.084,1,loss
733079.50,4051044.75,2433.95,3694,2121,371.4,0.098,1,loss
733286.50,4051044.75,2429.61,3217,2062,570.4,0.150,1,loss
733287.50,4051044.75,2429.93,3216,2059,571.3,0.150,1,loss
733477.50,4051044.75,2512.06,3004,1601,759.0,0.199,1,loss
733478.50,4051044.75,2512.89,3003,1597,760.1,0.200,1,loss
733479.50,4051044.75,2513.59,3002,1594,761.1,0.200,1,loss
733480.50,4051044.75,2513.59,3001,1594,762.1,0.200,1,loss
732871.50,4051043.75,2443.09,5427,2234,190.1,0.050,1,loss
733023.50,4051043.75,2432.34,3940,2184,320.0,0.084,1,loss
733024.50,4051043.75,2432.09,3935,2186,320.9,0.084,0,loss
733062.50,4051043.75,2432.10,3767,2152,356.0,0.094,1,loss
733069.50,4051043.75,2433.91,3741,2128,362.4,0.095,1,loss
733478.50,4051043.75,2513.00,3008,1596,760.2,0.200,1,loss
733479.50,4051043.75,2513.77,3007,1593,761.3,0.200,1,loss
733481.50,4051043.75,2514.44,3005,1590,763.3,0.201,1,loss
733482.50,4051043.75,2515.13,3004,1587,764.3,0.201,1,loss
733483.50,4051043.75,2515.77,3004,1584,765.4,0.201,1,loss
733488.50,4051043.75,2518.63,2999,1572,770.5,0.202,1,loss
732949.50,4051042.75,2440.25,4436,2151,254.0,0.067,1,loss
733009.50,4051042.75,2433.76,4025,2179,307.6,0.081,1,loss
733022.50,4051042.75,2432.66,3957,2180,319.5,0.084,1,loss
733476.50,4051042.75,2511.26,3015,1604,758.3,0.199,1,loss
733484.50,4051042.75,2516.98,3008,1579,766.6,0.201,1,loss
733485.50,4051042.75,2518.15,3007,1573,767.7,0.202,1,loss
733487.50,4051042.75,2518.93,3005,1570,769.7,0.202,1,loss
733489.50,4051042.75,2519.41,3003,1568,771.7,0.203,1,loss
732883.50,4051041.75,2443.90,5246,2185,200.4,0.053,1,loss
732949.50,4051041.75,2440.59,4450,2146,254.5,0.067,1,loss
732957.50,4051041.75,2441.26,4384,2126,261.3,0.069,1,loss
733021.50,4051041.75,2433.40,3973,2172,318.9,0.084,1,loss
733022.50,4051041.75,2433.01,3968,2176,319.8,0.084,1,loss
733476.50,4051041.75,2511.35,3020,1604,758.5,0.199,1,loss
733477.50,4051041.75,2512.32,3019,1599,759.6,0.200,1,loss
733479.50,4051041.75,2514.29,3017,1590,761.7,0.200,1,loss
733485.50,4051041.75,2518.48,3012,1571,767.9,0.202,1,loss
733053.50,4051040.75,2425.99,3834,2227,349.3,0.092,1,loss
733072.50,4051040.75,2434.84,3759,2115,366.2,0.096,1,loss
733076.50,4051040.75,2434.80,3744,2113,370.0,0.097,1,loss
733477.50,4051040.75,2512.37,3024,1599,759.7,0.200,1,loss
732961.50,4051039.75,2442.57,4381,2102,265.7,0.070,1,loss
733072.50,4051039.75,2435.48,3770,2108,366.5,0.096,1,loss
733073.50,4051039.75,2435.46,3766,2108,367.5,0.097,1,loss
733105.50,4051039.75,2434.70,3653,2097,397.5,0.104,1,loss
733477.50,4051039.75,2512.26,3029,1600,759.9,0.200,1,loss
732954.50,4051038.75,2441.87,4451,2119,260.2,0.068,1,loss
732955.50,4051038.75,2441.96,4443,2117,261.1,0.069,1,loss
733059.50,4051038.75,2430.61,3831,2170,355.2,0.093,1,loss
733067.50,4051038.75,2435.42,3799,2112,362.3,0.095,1,loss
733104.50,4051038.75,2434.64,3666,2098,396.9,0.104,1,loss
733404.50,4051038.75,2464.71,3105,1835,686.4,0.180,1,loss
733478.50,4051038.75,2513.27,3033,1595,761.1,0.200,1,loss
733481.50,4051038.75,2515.17,3030,1587,764.2,0.201,1,loss
732952.50,4051037.75,2442.51,4483,2111,259.0,0.068,1,loss
732953.50,4051037.75,2442.60,4474,2109,259.8,0.068,1,loss
732957.50,4051037.75,2443.13,4441,2097,263.2,0.069,1,loss
733479.50,4051037.75,2513.11,3037,1596,762.3,0.200,1,loss
733068.50,4051036.75,2435.77,3815,2107,363.9,0.096,1,loss
733108.50,4051036.75,2434.67,3671,2095,401.3,0.105,1,loss
733103.50,4051035.75,2433.90,3697,2105,397.0,0.104,1,loss
732946.50,4051034.75,2442.82,4579,2112,255.4,0.067,1,loss
732949.50,4051034.75,2442.97,4552,2106,257.9,0.068,1,loss
733065.50,4051034.75,2434.19,3848,2126,362.0,0.095,1,loss
733102.50,4051034.75,2433.46,3709,2110,396.5,0.104,1,loss
733103.50,4051034.75,2433.74,3706,2106,397.4,0.104,1,loss
733104.50,4051034.75,2434.06,3703,2103,398.3,0.105,1,loss
733105.50,4051034.75,2434.34,3699,2099,399.2,0.105,1,loss
732922.50,4051033.75,2442.07,4842,2153,236.1,0.062,1,loss
732920.50,4051032.75,2442.47,4882,2149,235.1,0.062,1,loss
732947.50,4051032.75,2443.64,4600,2097,257.3,0.068,1,loss
733066.50,4051032.75,2434.48,3864,2122,363.6,0.096,1,loss
733068.50,4051032.75,2435.17,3856,2113,365.4,0.096,1,loss
733291.50,4051032.75,2438.01,3287,2004,577.6,0.152,1,loss
733292.50,4051032.75,2438.01,3286,2004,578.6,0.152,1,loss
732919.50,4051031.75,2442.65,4910,2147,234.9,0.062,1,loss
732945.50,4051031.75,2443.55,4633,2100,256.1,0.067,1,loss
733067.50,4051031.75,2434.88,3870,2117,364.9,0.096,1,loss
733293.50,4051031.75,2438.23,3291,2002,579.8,0.152,1,loss
732920.50,4051030.75,2442.89,4915,2141,236.2,0.062,1,loss
732935.50,4051030.75,2443.47,4747,2112,248.4,0.065,1,loss
732937.50,4051030.75,2443.54,4726,2109,250.0,0.066,1,loss
732945.50,4051030.75,2443.99,4647,2093,256.7,0.067,1,loss
732925.50,4051029.75,2443.11,4872,2130,240.8,0.063,1,loss
732934.50,4051029.75,2443.91,4773,2106,248.1,0.065,1,loss
732935.50,4051029.75,2443.87,4762,2105,248.9,0.065,1,loss
732936.50,4051029.75,2443.86,4752,2104,249.8,0.066,1,loss
732937.50,4051029.75,2443.84,4741,2104,250.6,0.066,1,loss
732938.50,4051029.75,2444.00,4731,2100,251.4,0.066,1,loss
732942.50,4051029.75,2444.10,4691,2094,254.7,0.067,1,loss
732947.50,4051029.75,2444.43,4643,2084,258.9,0.068,1,loss
733294.50,4051029.75,2439.98,3302,1990,581.2,0.153,1,loss
733492.50,4051029.75,2524.16,3064,1547,777.3,0.204,1,loss
732885.50,4051028.75,2447.86,5476,2097,210.3,0.055,1,loss
732924.50,4051028.75,2443.18,4899,2130,240.6,0.063,1,loss
732927.50,4051028.75,2443.46,4865,2122,243.0,0.064,1,loss
732934.50,4051028.75,2444.31,4788,2099,248.7,0.065,1,loss
732935.50,4051028.75,2444.33,4778,2097,249.5,0.066,1,loss
732940.50,4051028.75,2444.51,4726,2089,253.6,0.067,1,loss
732942.50,4051028.75,2444.67,4706,2085,255.2,0.067,1,loss
732944.50,4051028.75,2444.91,4687,2079,256.9,0.068,1,loss
733289.50,4051028.75,2437.17,3316,2010,576.7,0.152,1,loss
733294.50,4051028.75,2440.39,3308,1987,581.4,0.153,1,loss
732926.50,4051027.75,2443.40,4892,2124,242.8,0.064,1,loss
732927.50,4051027.75,2443.77,4881,2116,243.6,0.064,1,loss
732942.50,4051027.75,2445.10,4721,2078,255.8,0.067,1,loss
733057.50,4051027.75,2429.57,3952,2181,357.7,0.094,1,loss
733111.50,4051027.75,2435.24,3743,2087,407.2,0.107,1,loss
733294.50,4051027.75,2440.73,3315,1985,581.7,0.153,1,loss
732928.50,4051026.75,2443.94,4885,2112,245.0,0.064,1,loss
732930.50,4051026.75,2444.18,4863,2105,246.6,0.065,1,loss
732935.50,4051026.75,2445.11,4808,2084,250.6,0.066,1,loss
732938.50,4051026.75,2445.37,4777,2077,253.0,0.066,1,loss
733056.50,4051026.75,2428.07,3967,2198,357.3,0.094,1,loss
733331.50,4051026.75,2452.91,3264,1903,617.6,0.162,1,loss
733332.50,4051026.75,2453.42,3263,1900,618.6,0.163,1,loss
733492.50,4051026.75,2524.29,3078,1546,777.9,0.204,1,loss
732931.50,4051025.75,2444.48,4867,2099,248.0,0.065,1,loss
732936.50,4051025.75,2445.53,4813,2076,252.0,0.066,1,loss
733064.50,4051025.75,2431.42,3942,2155,364.7,0.096,1,loss
733116.50,4051025.75,2435.84,3744,2078,412.6,0.108,1,loss
733492.50,4051025.75,2524.60,3083,1545,778.1,0.204,1,loss
733494.50,4051025.75,2525.14,3081,1543,780.1,0.205,1,loss
732928.50,4051024.75,2444.30,4916,2105,246.1,0.065,1,loss
732931.50,4051024.75,2444.84,4882,2093,248.5,0.065,1,loss
733062.50,4051024.75,2430.08,3961,2171,363.4,0.095,1,loss
733063.50,4051024.75,2430.52,3956,2165,364.3,0.096,1,loss
733111.50,4051024.75,2436.09,3770,2078,408.2,0.107,1,loss
733333.50,4051024.75,2454.83,3274,1891,620.0,0.163,1,loss
733354.50,4051024.75,2463.66,3244,1838,640.4,0.168,1,loss
733451.50,4051024.75,2497.24,3129,1669,736.2,0.193,1,loss
733492.50,4051024.75,2524.91,3088,1543,778.3,0.205,1,loss
733493.50,4051024.75,2525.52,3087,1540,779.3,0.205,1,loss
733494.50,4051024.75,2525.52,3086,1541,780.3,0.205,1,loss
732929.50,4051023.75,2444.27,4921,2105,247.5,0.065,1,loss
733061.50,4051023.75,2429.69,3975,2175,362.9,0.095,0,loss
733062.50,4051023.75,2429.69,3971,2175,363.8,0.096,1,loss
733064.50,4051023.75,2430.53,3962,2164,365.6,0.096,1,loss
733077.50,4051023.75,2432.16,3907,2137,377.4,0.099,1,loss
733078.50,4051023.75,2432.20,3903,2136,378.3,0.099,1,loss
733090.50,4051023.75,2433.46,3855,2115,389.3,0.102,1,loss
733091.50,4051023.75,2433.61,3852,2113,390.2,0.103,1,loss
733288.50,4051023.75,2436.64,3350,2013,577.0,0.152,1,loss
733324.50,4051023.75,2451.33,3293,1913,611.5,0.161,1,loss
733326.50,4051023.75,2451.74,3290,1911,613.5,0.161,1,loss
733332.50,4051023.75,2454.85,3281,1891,619.3,0.163,1,loss
733061.50,4051022.75,2429.43,3985,2178,363.4,0.095,1,loss
733070.50,4051022.75,2431.69,3946,2147,371.4,0.098,1,loss
733077.50,4051022.75,2432.06,3917,2138,377.8,0.099,1,loss
733078.50,4051022.75,2432.16,3912,2136,378.7,0.100,1,loss
733086.50,4051022.75,2432.94,3880,2123,386.0,0.101,1,loss
733090.50,4051022.75,2433.46,3865,2115,389.6,0.102,1,loss
733094.50,4051022.75,2434.48,3850,2103,393.3,0.103,1,loss
733101.50,4051022.75,2435.39,3824,2090,399.7,0.105,1,loss
733107.50,4051022.75,2436.53,3802,2076,405.2,0.106,1,loss
733288.50,4051022.75,2436.05,3356,2017,577.3,0.152,1,loss
733291.50,4051022.75,2437.40,3351,2007,580.1,0.152,1,loss
733323.50,4051022.75,2451.60,3300,1912,610.8,0.160,1,loss
733324.50,4051022.75,2451.93,3299,1910,611.8,0.161,1,loss
733348.50,4051022.75,2460.52,3264,1857,635.1,0.167,1,loss
733352.50,4051022.75,2463.19,3258,1841,639.0,0.168,1,loss
733353.50,4051022.75,2463.19,3257,1841,639.9,0.168,1,loss
733354.50,4051022.75,2464.51,3256,1833,640.9,0.168,1,loss
732933.50,4051021.75,2445.73,4906,2075,251.9,0.066,1,loss
733070.50,4051021.75,2431.06,3956,2153,371.8,0.098,1,loss
733072.50,4051021.75,2431.62,3947,2146,373.6,0.098,1,loss
733079.50,4051021.75,2432.32,3918,2134,380.0,0.100,0,loss
733083.50,4051021.75,2432.55,3902,2129,383.6,0.101,1,loss
733087.50,4051021.75,2433.42,3886,2117,387.3,0.102,1,loss
733091.50,4051021.75,2433.94,3870,2109,390.9,0.103,1,loss
733094.50,4051021.75,2434.70,3859,2100,393.6,0.103,1,loss
733292.50,4051021.75,2437.78,3356,2004,581.3,0.153,1,loss
733293.50,4051021.75,2438.46,3354,2000,582.3,0.153,1,loss
733353.50,4051021.75,2463.57,3263,1838,640.2,0.168,1,loss
733354.50,4051021.75,2464.82,3261,1831,641.2,0.168,1,loss
733086.50,4051020.75,2433.52,3899,2117,386.7,0.102,1,loss
733079.50,4051019.75,2432.55,3937,2131,380.8,0.100,1,loss
733357.50,4051019.75,2466.79,3269,1820,644.6,0.169,1,loss
732932.50,4051018.75,2444.52,4963,2097,252.9,0.066,1,loss
732933.50,4051018.75,2444.98,4952,2088,253.7,0.067,1,loss
732934.50,4051018.75,2445.45,4941,2079,254.5,0.067,1,loss
733356.50,4051018.75,2466.48,3276,1821,643.8,0.169,1,loss
732935.50,4051017.75,2445.21,4944,2082,255.9,0.067,1,loss
733071.50,4051017.75,2430.52,3991,2157,374.4,0.098,1,loss
733490.50,4051017.75,2525.16,3124,1541,777.7,0.204,1,loss
732936.50,4051016.75,2445.12,4948,2082,257.3,0.068,1,loss
733489.50,4051016.75,2524.36,3130,1545,776.9,0.204,1,loss
733489.50,4051015.75,2524.41,3134,1545,777.1,0.204,1,loss
733487.50,4051014.75,2523.69,3141,1547,775.3,0.204,1,loss
733493.50,4051014.75,2526.66,3135,1535,781.4,0.205,1,loss
733494.50,4051014.75,2527.27,3134,1533,782.4,0.206,1,loss
733117.50,4051012.75,2440.59,3856,2032,418.0,0.110,1,loss
733118.50,4051012.75,2440.27,3852,2034,418.9,0.110,1,loss
733298.50,4051012.75,2443.20,3403,1967,589.3,0.155,1,loss
733306.50,4051012.75,2449.57,3389,1925,596.9,0.157,1,loss
733486.50,4051012.75,2523.44,3152,1548,774.7,0.204,1,loss
733079.50,4051011.75,2435.99,4014,2094,383.8,0.101,1,loss
733080.50,4051011.75,2436.40,4010,2089,384.7,0.101,1,loss
733081.50,4051011.75,2436.75,4006,2085,385.6,0.101,1,loss
733308.50,4051011.75,2449.90,3392,1923,599.1,0.157,1,loss
733079.50,4051010.75,2435.99,4024,2094,384.2,0.101,1,loss
733080.50,4051010.75,2436.40,4020,2089,385.1,0.101,1,loss
733081.50,4051010.75,2436.75,4015,2085,386.0,0.101,1,loss
733082.50,4051010.75,2437.14,4011,2081,386.9,0.102,1,loss
733499.50,4051010.75,2530.95,3148,1517,788.4,0.207,1,loss
733500.50,4051010.75,2530.95,3147,1517,789.4,0.207,1,loss
733502.50,4051010.75,2532.20,3145,1512,791.5,0.208,1,loss
733076.50,4051009.75,2435.19,4047,2104,382.0,0.100,1,loss
733078.50,4051009.75,2435.71,4038,2097,383.7,0.101,1,loss
733081.50,4051009.75,2437.21,4025,2080,386.4,0.102,1,loss
733082.50,4051009.75,2437.65,4021,2075,387.3,0.102,1,loss
733483.50,4051009.75,2521.06,3170,1559,772.2,0.203,1,loss
733491.50,4051009.75,2526.21,3161,1537,780.4,0.205,1,loss
733492.50,4051009.75,2526.73,3160,1535,781.4,0.205,1,loss
733493.50,4051009.75,2527.11,3159,1533,782.4,0.206,1,loss
733499.50,4051009.75,2530.59,3153,1519,788.6,0.207,1,loss
733503.50,4051009.75,2532.21,3149,1513,792.6,0.208,1,loss
733314.50,4051008.75,2452.09,3400,1909,605.7,0.159,1,loss
733315.50,4051008.75,2452.62,3399,1905,606.6,0.159,1,loss
733364.50,4051008.75,2474.64,3322,1774,654.2,0.172,1,loss
733484.50,4051008.75,2521.68,3173,1556,773.4,0.203,1,loss
733489.50,4051008.75,2525.48,3168,1540,778.6,0.205,1,loss
733490.50,4051008.75,2526.18,3167,1536,779.6,0.205,1,loss
733492.50,4051008.75,2526.87,3165,1534,781.6,0.205,1,loss
733501.50,4051008.75,2531.19,3156,1517,790.8,0.208,1,loss
733502.50,4051008.75,2531.54,3155,1516,791.8,0.208,1,loss
733503.50,4051008.75,2531.57,3154,1516,792.8,0.208,1,loss
733317.50,4051007.75,2454.12,3401,1896,608.8,0.160,1,loss
733318.50,4051007.75,2454.62,3400,1892,609.8,0.160,1,loss
733319.50,4051007.75,2455.14,3398,1889,610.7,0.160,1,loss
733351.50,4051007.75,2469.15,3347,1805,641.7,0.169,1,loss
733363.50,4051007.75,2474.48,3329,1775,653.4,0.172,1,loss
733364.50,4051007.75,2474.80,3328,1773,654.4,0.172,1,loss
733489.50,4051007.75,2525.43,3173,1540,778.8,0.205,1,loss
733490.50,4051007.75,2526.12,3172,1537,779.8,0.205,1,loss
733491.50,4051007.75,2526.12,3171,1537,780.8,0.205,1,loss
733499.50,4051007.75,2530.34,3163,1520,789.0,0.207,1,loss
733500.50,4051007.75,2530.34,3162,1521,789.9,0.208,1,loss
733501.50,4051007.75,2530.82,3161,1519,791.0,0.208,1,loss
733502.50,4051007.75,2531.01,3160,1518,792.0,0.208,1,loss
733503.50,4051007.75,2530.95,3159,1519,792.9,0.208,1,loss
733517.50,4051007.75,2533.68,3145,1512,806.8,0.212,0,loss
733102.50,4051006.75,2442.43,3966,2019,406.5,0.107,1,loss
733320.50,4051006.75,2455.43,3402,1887,612.0,0.161,1,loss
733491.50,4051006.75,2526.09,3176,1537,781.0,0.205,1,loss
733501.50,4051006.75,2530.45,3165,1521,791.1,0.208,1,loss
733502.50,4051006.75,2530.45,3164,1521,792.1,0.208,1,loss
733514.50,4051006.75,2531.85,3152,1520,803.9,0.211,1,loss
733518.50,4051006.75,2533.76,3149,1512,808.0,0.212,1,loss
733083.50,4051005.75,2440.00,4054,2050,389.7,0.102,1,loss
733084.50,4051005.75,2440.99,4050,2040,390.6,0.103,1,loss
733103.50,4051005.75,2442.79,3971,2015,407.8,0.107,1,loss
733486.50,4051005.75,2523.72,3186,1547,776.1,0.204,1,loss
733512.50,4051005.75,2531.00,3159,1523,802.1,0.211,1,loss
733514.50,4051005.75,2531.99,3157,1519,804.1,0.211,1,loss
733080.50,4051004.75,2438.77,4077,2064,387.5,0.102,1,loss
733105.50,4051004.75,2442.93,3972,2013,410.0,0.108,1,loss
733106.50,4051004.75,2443.03,3968,2011,410.9,0.108,1,loss
733114.50,4051004.75,2444.82,3937,1992,418.2,0.110,1,loss
733115.50,4051004.75,2444.68,3934,1993,419.1,0.110,1,loss
733338.50,4051004.75,2465.89,3385,1823,629.9,0.166,1,loss
733364.50,4051004.75,2475.73,3345,1768,655.2,0.172,1,loss
733365.50,4051004.75,2476.18,3343,1765,656.2,0.172,1,loss
733485.50,4051004.75,2523.28,3192,1549,775.4,0.204,1,loss
733486.50,4051004.75,2523.55,3191,1548,776.3,0.204,1,loss
733513.50,4051004.75,2531.90,3163,1519,803.4,0.211,1,loss
733514.50,4051004.75,2532.18,3162,1518,804.4,0.211,1,loss
733515.50,4051004.75,2532.58,3161,1517,805.4,0.212,1,loss
733516.50,4051004.75,2532.58,3160,1517,806.4,0.212,1,loss
733080.50,4051003.75,2439.15,4086,2060,387.9,0.102,1,loss
733099.50,4051003.75,2443.00,4005,2014,405.0,0.106,1,loss
733101.50,4051003.75,2443.13,3997,2012,406.8,0.107,1,loss
733105.50,4051003.75,2443.35,3981,2009,410.4,0.108,1,loss
733106.50,4051003.75,2443.40,3977,2008,411.3,0.108,1,loss
733107.50,4051003.75,2443.87,3973,2003,412.2,0.108,1,loss
733114.50,4051003.75,2445.17,3946,1989,418.6,0.110,1,loss
733115.50,4051003.75,2445.00,3942,1990,419.5,0.110,1,loss
733335.50,4051003.75,2462.96,3395,1841,627.2,0.165,1,loss
733340.50,4051003.75,2466.34,3387,1821,632.1,0.166,1,loss
733359.50,4051003.75,2473.32,3358,1781,650.6,0.171,1,loss
733514.50,4051003.75,2532.23,3166,1518,804.6,0.211,1,loss
733515.50,4051003.75,2532.72,3165,1516,805.6,0.212,1,loss
733090.50,4051002.75,2443.72,4052,2010,397.2,0.104,1,loss
733108.50,4051002.75,2444.63,3978,1995,413.5,0.109,1,loss
733516.50,4051002.75,2532.87,3169,1516,806.8,0.212,1,loss
733517.50,4051002.75,2533.21,3168,1515,807.8,0.212,1,loss
733102.50,4051001.75,2444.06,4011,2002,408.5,0.107,1,loss
733087.50,4051000.75,2443.46,4084,2013,395.3,0.104,1,loss
733103.50,4051000.75,2444.65,4016,1996,409.8,0.108,1,loss
733105.50,4051000.75,2444.86,4008,1994,411.6,0.108,1,loss
733106.50,4051000.75,2445.12,4004,1991,412.5,0.108,1,loss
733107.50,4051000.75,2445.39,4000,1988,413.4,0.109,1,loss
733108.50,4051000.75,2445.67,3996,1985,414.3,0.109,1,loss
733079.50,4050999.75,2439.94,4129,2052,388.7,0.102,1,loss
733087.50,4050999.75,2443.71,4093,2011,395.8,0.104,1,loss
733106.50,4050999.75,2445.54,4013,1987,412.9,0.108,1,loss
733103.50,4050998.75,2445.93,4034,1984,410.6,0.108,1,loss
733371.50,4050998.75,2480.06,3368,1744,663.6,0.174,1,loss
733493.50,4050998.75,2527.34,3212,1532,784.8,0.206,1,loss
733098.50,4050997.75,2446.56,4064,1979,406.5,0.107,1,loss
733094.50,4050996.75,2445.71,4090,1988,403.3,0.106,1,loss
733373.50,4050996.75,2481.23,3376,1737,666.1,0.175,1,loss
733376.50,4050996.75,2482.59,3371,1730,669.1,0.176,1,loss
733496.50,4050996.75,2527.99,3218,1531,788.2,0.207,1,loss
733095.50,4050995.75,2445.67,4095,1988,404.6,0.106,1,loss
733108.50,4050995.75,2447.25,4040,1970,416.3,0.109,1,loss
733205.50,4050995.75,2432.87,3719,2062,506.5,0.133,1,loss
733206.50,4050995.75,2432.87,3716,2062,507.4,0.133,1,loss
733376.50,4050995.75,2482.79,3377,1729,669.3,0.176,1,loss
733079.50,4050994.75,2441.15,4176,2039,390.9,0.103,1,loss
733096.50,4050994.75,2445.98,4099,1985,406.0,0.107,1,loss
733107.50,4050994.75,2447.64,4053,1966,415.8,0.109,1,loss
733200.50,4050994.75,2431.42,3739,2075,502.2,0.132,1,loss
733206.50,4050994.75,2433.05,3723,2060,507.7,0.133,1,loss
733383.50,4050994.75,2485.99,3372,1712,676.5,0.178,1,loss
733074.50,4050993.75,2439.09,4209,2062,387.0,0.102,1,loss
733080.50,4050993.75,2441.35,4180,2037,392.2,0.103,1,loss
733081.50,4050993.75,2441.75,4176,2032,393.1,0.103,1,loss
733108.50,4050993.75,2447.73,4058,1965,417.2,0.110,1,loss
733109.50,4050993.75,2447.73,4054,1965,418.1,0.110,1,loss
733349.50,4050993.75,2470.25,3431,1798,643.5,0.169,1,loss
733380.50,4050993.75,2484.99,3382,1717,673.8,0.177,1,loss
733382.50,4050993.75,2485.57,3379,1714,675.7,0.178,1,loss
733075.50,4050992.75,2439.39,4214,2059,388.3,0.102,1,loss
733076.50,4050992.75,2439.72,4209,2055,389.2,0.102,1,loss
733077.50,4050992.75,2440.07,4204,2051,390.1,0.102,1,loss
733082.50,4050992.75,2441.68,4180,2032,394.5,0.104,1,loss
733106.50,4050992.75,2447.79,4075,1965,415.8,0.109,1,loss
733111.50,4050992.75,2447.68,4054,1965,420.3,0.110,0,loss
733112.50,4050992.75,2447.52,4050,1966,421.2,0.111,1,loss
733201.50,4050992.75,2433.14,3751,2061,503.7,0.132,1,loss
733202.50,4050992.75,2433.80,3749,2056,504.6,0.133,1,loss
733204.50,4050992.75,2433.74,3743,2055,506.5,0.133,1,loss
733205.50,4050992.75,2433.74,3740,2055,507.5,0.133,1,loss
733385.50,4050992.75,2487.17,3380,1706,679.0,0.178,1,loss
733076.50,4050991.75,2439.56,4218,2056,389.7,0.102,1,loss
733077.50,4050991.75,2439.78,4213,2054,390.5,0.103,1,loss
733085.50,4050991.75,2441.77,4176,2030,397.6,0.104,1,loss
733111.50,4050991.75,2447.81,4063,1963,420.7,0.111,1,loss
733112.50,4050991.75,2447.67,4059,1965,421.6,0.111,1,loss
733087.50,4050989.75,2441.51,4185,2032,400.3,0.105,1,loss
733205.50,4050989.75,2435.51,3762,2041,508.4,0.134,1,loss
733208.50,4050989.75,2437.33,3754,2026,511.2,0.134,1,loss
733391.50,4050989.75,2489.29,3387,1696,685.6,0.180,1,loss
733078.50,4050988.75,2439.72,4237,2053,392.8,0.103,1,loss
733206.50,4050988.75,2436.98,3767,2030,509.7,0.134,1,loss
733207.50,4050988.75,2437.20,3764,2028,510.6,0.134,1,loss
733351.50,4050988.75,2471.70,3456,1789,646.9,0.170,1,loss
733391.50,4050988.75,2489.41,3393,1695,685.9,0.180,1,loss
733078.50,4050987.75,2439.55,4246,2055,393.3,0.103,1,loss
733108.50,4050987.75,2447.42,4110,1967,419.8,0.110,1,loss
733352.50,4050987.75,2471.96,3460,1788,648.1,0.170,1,loss
733393.50,4050986.75,2490.28,3401,1691,688.4,0.181,1,loss
733102.50,4050985.75,2445.24,4153,1990,415.3,0.109,1,loss
733213.50,4050985.75,2437.76,3769,2021,517.2,0.136,0,loss
733214.50,4050984.75,2438.36,3774,2017,518.5,0.136,1,loss
733215.50,4050984.75,2439.00,3771,2012,519.4,0.136,1,loss
733100.50,4050983.75,2444.40,4180,1998,414.5,0.109,1,loss
733104.50,4050983.75,2445.86,4162,1983,418.0,0.110,1,loss
733207.50,4050983.75,2438.87,3800,2015,512.3,0.135,1,loss
733211.50,4050983.75,2438.67,3789,2015,516.1,0.136,1,loss
733101.50,4050982.75,2444.72,4184,1995,415.8,0.109,1,loss
733114.50,4050982.75,2448.75,4128,1953,427.3,0.112,1,loss
733207.50,4050982.75,2439.28,3807,2011,512.7,0.135,1,loss
733508.50,4050982.75,2531.12,3271,1521,803.3,0.211,1,loss
733106.50,4050981.75,2446.48,4171,1976,420.7,0.111,1,loss
733107.50,4050981.75,2446.48,4167,1976,421.5,0.111,1,loss
733509.50,4050981.75,2531.94,3274,1518,804.6,0.211,1,loss
733204.50,4050980.75,2439.12,3830,2013,510.6,0.134,1,loss
732982.50,4050978.75,2440.70,4990,2103,317.0,0.083,1,loss
733201.50,4050978.75,2438.37,3853,2020,508.6,0.134,1,loss
733202.50,4050978.75,2439.27,3850,2012,509.5,0.134,1,loss
732975.50,4050977.75,2443.00,5071,2078,312.0,0.082,1,loss
733202.50,4050977.75,2438.91,3857,2015,509.9,0.134,1,loss
733408.50,4050977.75,2493.43,3426,1678,705.4,0.185,1,loss
733109.50,4050976.75,2448.00,4201,1961,425.6,0.112,1,loss
733205.50,4050976.75,2442.24,3856,1989,513.0,0.135,1,loss
733391.50,4050976.75,2490.40,3457,1690,689.2,0.181,1,loss
733392.50,4050976.75,2490.82,3456,1688,690.2,0.181,1,loss
732991.50,4050975.75,2440.18,4944,2102,326.0,0.086,1,loss
732992.50,4050975.75,2440.18,4936,2101,326.8,0.086,1,loss
733110.50,4050975.75,2448.42,4205,1957,426.9,0.112,1,loss
733391.50,4050975.75,2490.34,3463,1690,689.5,0.181,1,loss
733392.50,4050975.75,2490.73,3461,1688,690.5,0.181,1,loss
733393.50,4050975.75,2491.00,3460,1687,691.5,0.182,1,loss
732988.50,4050974.75,2441.54,4984,2087,324.2,0.085,1,loss
732991.50,4050974.75,2440.54,4956,2097,326.6,0.086,1,loss
732992.50,4050974.75,2440.54,4947,2096,327.4,0.086,1,loss
732993.50,4050974.75,2440.57,4939,2095,328.2,0.086,1,loss
732994.50,4050974.75,2440.64,4930,2093,329.0,0.086,1,loss
733110.50,4050974.75,2448.88,4214,1952,427.3,0.112,1,loss
733393.50,4050974.75,2490.65,3465,1689,691.7,0.182,1,loss
732988.50,4050973.75,2442.00,4996,2080,324.8,0.085,1,loss
732990.50,4050973.75,2441.26,4977,2089,326.4,0.086,1,loss
732993.50,4050973.75,2440.96,4951,2090,328.8,0.086,1,loss
732994.50,4050973.75,2440.99,4942,2089,329.6,0.087,1,loss
733400.50,4050973.75,2490.78,3459,1690,698.7,0.184,1,loss
733406.50,4050973.75,2493.34,3450,1678,704.6,0.185,1,loss
733230.50,4050972.75,2447.20,3814,1947,537.5,0.141,1,loss
733400.50,4050972.75,2490.87,3465,1689,699.0,0.184,0,loss
733478.50,4050972.75,2525.50,3354,1536,776.3,0.204,1,loss
733113.50,4050971.75,2450.11,4226,1940,431.4,0.113,1,loss
733207.50,4050971.75,2444.69,3886,1969,516.7,0.136,1,loss
733221.50,4050971.75,2444.39,3845,1969,529.6,0.139,1,loss
733222.50,4050971.75,2444.41,3843,1969,530.5,0.139,1,loss
733399.50,4050971.75,2490.71,3471,1690,698.3,0.183,1,loss
733400.50,4050971.75,2491.10,3470,1688,699.3,0.184,1,loss
733399.50,4050970.75,2490.94,3477,1689,698.6,0.184,1,loss
733458.50,4050970.75,2517.03,3390,1570,756.9,0.199,1,loss
733121.50,4050969.75,2451.43,4209,1927,439.4,0.115,1,loss
733393.50,4050969.75,2489.28,3492,1696,693.1,0.182,1,loss
733398.50,4050969.75,2490.86,3484,1689,698.0,0.183,1,loss
732952.50,4050968.75,2454.29,5455,1931,300.0,0.079,1,loss
732993.50,4050968.75,2444.36,5010,2046,331.7,0.087,1,loss
733108.50,4050968.75,2447.99,4274,1961,428.4,0.113,1,loss
733122.50,4050968.75,2451.65,4213,1924,440.7,0.116,1,loss
733123.50,4050968.75,2451.65,4208,1924,441.6,0.116,1,loss
733395.50,4050968.75,2489.59,3494,1695,695.3,0.183,1,loss
733126.50,4050967.75,2451.58,4204,1925,444.7,0.117,0,loss
733201.50,4050967.75,2440.69,3932,2001,512.8,0.135,1,loss
733203.50,4050967.75,2442.02,3926,1990,514.6,0.135,1,loss
733105.50,4050966.75,2445.41,4305,1985,426.8,0.112,1,loss
733125.50,4050966.75,2451.97,4216,1921,444.3,0.117,1,loss
733202.50,4050966.75,2441.67,3936,1993,514.1,0.135,1,loss
733203.50,4050966.75,2442.28,3933,1988,515.0,0.135,1,loss
733126.50,4050964.75,2452.28,4229,1918,446.1,0.117,1,loss
733128.50,4050964.75,2452.03,4220,1920,447.9,0.118,0,loss
733231.50,4050964.75,2448.96,3866,1934,541.4,0.142,1,loss
733106.50,4050963.75,2446.67,4326,1973,429.0,0.113,1,loss
733115.50,4050963.75,2451.81,4285,1923,436.8,0.115,1,loss
733131.50,4050963.75,2452.75,4216,1913,451.0,0.119,1,loss
733179.50,4050963.75,2444.54,4033,1975,494.3,0.130,1,loss
733180.50,4050963.75,2444.90,4030,1972,495.2,0.130,1,loss
733179.50,4050962.75,2444.95,4040,1972,494.7,0.130,1,loss
733180.50,4050962.75,2445.30,4037,1969,495.6,0.130,1,loss
733181.50,4050962.75,2445.46,4034,1968,496.5,0.130,1,loss
733013.50,4050961.75,2445.83,4919,2015,351.8,0.092,1,loss
733014.50,4050961.75,2445.64,4911,2017,352.6,0.093,1,loss
733068.50,4050961.75,2441.67,4542,2035,397.4,0.104,1,loss
733069.50,4050961.75,2441.49,4536,2037,398.3,0.105,1,loss
733178.50,4050961.75,2445.16,4051,1970,494.2,0.130,1,loss
733179.50,4050961.75,2445.38,4048,1968,495.1,0.130,1,loss
733125.50,4050960.75,2453.74,4266,1905,447.0,0.117,1,loss
733126.50,4050960.75,2453.80,4262,1904,447.9,0.118,1,loss
733179.50,4050960.75,2445.62,4055,1966,495.5,0.130,1,loss
733180.50,4050960.75,2446.05,4052,1963,496.4,0.130,1,loss
733205.50,4050960.75,2444.97,3970,1967,519.2,0.136,1,loss
733208.50,4050960.75,2445.72,3960,1961,521.9,0.137,1,loss
733064.50,4050959.75,2442.78,4585,2025,395.1,0.104,1,loss
733424.50,4050959.75,2507.69,3495,1606,726.7,0.191,1,loss
733309.50,4050958.75,2460.84,3712,1851,616.2,0.162,1,loss
733424.50,4050958.75,2508.02,3500,1604,727.0,0.191,1,loss
733209.50,4050957.75,2446.28,3978,1956,524.0,0.138,1,loss
733210.50,4050957.75,2446.69,3975,1953,524.9,0.138,1,loss
733209.50,4050956.75,2446.36,3985,1955,524.4,0.138,1,loss
733210.50,4050956.75,2446.69,3982,1953,525.3,0.138,1,loss
733209.50,4050955.75,2446.79,3992,1952,524.8,0.138,1,loss
733210.50,4050955.75,2446.90,3989,1951,525.7,0.138,1,loss
733022.50,4050954.75,2447.30,4923,1993,363.1,0.095,1,loss
733125.50,4050954.75,2455.43,4315,1889,449.9,0.118,1,loss
733209.50,4050954.75,2447.56,3999,1946,525.2,0.138,1,loss
733210.50,4050954.75,2447.51,3996,1946,526.1,0.138,1,loss
733310.50,4050954.75,2462.13,3733,1843,618.5,0.163,1,loss
733311.50,4050954.75,2463.46,3731,1835,619.5,0.163,1,loss
733313.50,4050954.75,2463.99,3727,1832,621.4,0.163,1,loss
733309.50,4050953.75,2461.29,3742,1849,618.0,0.162,1,loss
733310.50,4050953.75,2462.16,3739,1843,618.9,0.163,1,loss
733311.50,4050953.75,2463.67,3737,1834,619.8,0.163,1,loss
733313.50,4050953.75,2464.24,3733,1830,621.7,0.163,1,loss
733124.50,4050952.75,2456.53,4336,1879,450.0,0.118,1,loss
733176.50,4050952.75,2447.93,4125,1948,496.2,0.130,1,loss
733177.50,4050952.75,2448.03,4121,1947,497.1,0.131,1,loss
733308.50,4050952.75,2460.73,3750,1852,617.4,0.162,1,loss
733311.50,4050952.75,2463.80,3743,1833,620.2,0.163,1,loss
733118.50,4050951.75,2454.20,4372,1901,445.2,0.117,1,loss
733119.50,4050950.75,2455.41,4376,1890,446.6,0.117,1,loss
733222.50,4050950.75,2451.16,3987,1918,538.6,0.142,1,loss
733313.50,4050950.75,2464.71,3751,1827,622.8,0.164,1,loss
733332.50,4050950.75,2471.79,3710,1786,640.7,0.168,1,loss
733333.50,4050950.75,2471.91,3707,1785,641.6,0.169,1,loss
733334.50,4050950.75,2471.95,3705,1785,642.6,0.169,1,loss
733198.50,4050949.75,2449.41,4070,1933,517.3,0.136,1,loss
733313.50,4050949.75,2464.74,3756,1827,623.1,0.164,1,loss
733120.50,4050948.75,2455.74,4387,1886,448.5,0.118,1,loss
733121.50,4050948.75,2456.30,4383,1881,449.3,0.118,1,loss
733123.50,4050948.75,2457.33,4374,1872,451.1,0.119,1,loss
733328.50,4050948.75,2471.97,3730,1784,637.6,0.168,1,loss
733417.50,4050948.75,2507.28,3562,1606,723.3,0.190,1,loss
733418.50,4050948.75,2507.28,3560,1606,724.2,0.190,1,loss
733445.50,4050948.75,2519.62,3517,1552,750.8,0.197,1,loss
733446.50,4050948.75,2520.10,3516,1550,751.8,0.198,1,loss
733120.50,4050947.75,2456.05,4396,1884,448.9,0.118,1,loss
733122.50,4050947.75,2456.97,4386,1875,450.7,0.118,1,loss
733326.50,4050947.75,2471.66,3740,1786,636.1,0.167,1,loss
733327.50,4050947.75,2471.82,3737,1785,637.1,0.167,1,loss
733328.50,4050947.75,2472.25,3735,1782,638.0,0.168,1,loss
733417.50,4050947.75,2505.66,3567,1615,723.5,0.190,1,loss
733421.50,4050946.75,2509.48,3565,1596,727.8,0.191,1,loss
733120.50,4050945.75,2456.63,4412,1878,449.9,0.118,1,loss
733122.50,4050945.75,2457.53,4403,1870,451.7,0.119,1,loss
733223.50,4050945.75,2451.41,4018,1916,541.6,0.142,1,loss
733323.50,4050945.75,2471.54,3758,1786,634.0,0.167,1,loss
733460.50,4050945.75,2524.74,3509,1533,766.4,0.201,1,loss
733467.50,4050945.75,2526.95,3499,1525,773.3,0.203,1,loss
733120.50,4050944.75,2456.96,4420,1875,450.4,0.118,1,loss
733223.50,4050944.75,2451.85,4025,1912,542.0,0.142,1,loss
733274.50,4050944.75,2448.50,3880,1932,588.8,0.155,1,loss
733460.50,4050944.75,2524.94,3514,1532,766.7,0.201,1,loss
733462.50,4050944.75,2525.26,3511,1531,768.6,0.202,1,loss
733029.50,4050943.75,2456.22,4984,1887,375.2,0.099,1,loss
733030.50,4050943.75,2456.22,4977,1887,376.0,0.099,1,loss
733121.50,4050943.75,2457.57,4424,1870,451.8,0.119,1,loss
733216.50,4050943.75,2452.37,4053,1909,536.1,0.141,1,loss
733276.50,4050943.75,2449.16,3881,1927,591.0,0.155,1,loss
733335.50,4050943.75,2473.98,3743,1773,646.0,0.170,1,loss
733433.50,4050943.75,2515.71,3561,1568,740.6,0.195,1,loss
733030.50,4050942.75,2456.71,4987,1882,376.6,0.099,1,loss
733031.50,4050942.75,2457.32,4979,1875,377.4,0.099,1,loss
733325.50,4050942.75,2472.23,3771,1782,637.0,0.167,1,loss
733331.50,4050942.75,2473.42,3758,1776,642.6,0.169,1,loss
733316.50,4050941.75,2469.45,3797,1798,628.9,0.165,1,loss
733317.50,4050941.75,2470.44,3794,1792,629.8,0.166,1,loss
733326.50,4050941.75,2472.30,3774,1782,638.3,0.168,1,loss
733327.50,4050941.75,2472.51,3772,1780,639.2,0.168,1,loss
733329.50,4050941.75,2473.02,3768,1778,641.1,0.168,1,loss
733316.50,4050940.75,2469.45,3802,1798,629.3,0.165,1,loss
733327.50,4050940.75,2472.63,3778,1780,639.6,0.168,1,loss
733328.50,4050940.75,2472.63,3776,1780,640.5,0.168,1,loss
733123.50,4050939.75,2459.47,4447,1853,455.6,0.120,1,loss
733317.50,4050939.75,2470.58,3806,1791,630.6,0.166,1,loss
733439.50,4050939.75,2518.32,3571,1557,747.7,0.196,1,loss
733450.50,4050938.75,2522.75,3558,1539,758.8,0.199,1,loss
733325.50,4050937.75,2472.43,3799,1781,638.8,0.168,1,loss
733423.50,4050937.75,2510.81,3608,1590,732.6,0.193,1,loss
733108.50,4050935.75,2457.57,4555,1870,444.8,0.117,1,loss
733118.50,4050934.75,2460.11,4512,1847,453.8,0.119,1,loss
733295.50,4050930.75,2463.27,3912,1834,613.5,0.161,1,loss
733442.50,4050930.75,2521.59,3610,1542,753.7,0.198,1,loss
733443.50,4050930.75,2521.99,3609,1540,754.6,0.198,1,loss
733291.50,4050929.75,2460.98,3928,1849,610.2,0.160,1,loss
733293.50,4050929.75,2461.86,3923,1843,612.1,0.161,1,loss
733296.50,4050929.75,2463.55,3915,1833,614.8,0.162,1,loss
733304.50,4050926.75,2466.34,3913,1816,623.4,0.164,1,loss
733305.50,4050926.75,2466.75,3911,1813,624.3,0.164,1,loss
733306.50,4050926.75,2467.29,3908,1810,625.3,0.164,1,loss
733320.50,4050925.75,2472.84,3880,1777,638.7,0.168,1,loss
733321.50,4050924.75,2473.08,3883,1776,640.0,0.168,1,loss
733322.50,4050924.75,2473.38,3881,1774,640.9,0.168,1,loss
733069.50,4050918.75,2464.03,4936,1805,422.2,0.111,1,loss
733444.50,4050918.75,2523.91,3666,1531,759.6,0.200,1,loss
733294.50,4050917.75,2466.05,3992,1816,617.8,0.162,1,loss
733404.50,4050917.75,2504.00,3744,1620,721.0,0.189,1,loss
733400.50,4050916.75,2502.27,3756,1628,717.5,0.189,1,loss
733358.50,4050914.75,2485.82,3854,1708,678.4,0.178,1,loss
733295.50,4050913.75,2467.05,4013,1810,620.4,0.163,1,loss
733358.50,4050913.75,2485.82,3860,1708,678.8,0.178,1,loss
733294.50,4050911.75,2462.98,4027,1836,620.3,0.163,1,loss
733429.50,4050911.75,2517.92,3727,1556,747.5,0.196,1,loss
733064.50,4050910.75,2467.49,5045,1770,423.1,0.111,1,loss
733430.50,4050910.75,2519.29,3730,1549,748.9,0.197,1,loss
733431.50,4050910.75,2519.74,3728,1547,749.8,0.197,1,loss
733432.50,4050910.75,2520.05,3726,1546,750.8,0.197,1,loss
733404.50,4050909.75,2504.12,3784,1619,723.9,0.190,1,loss
733430.50,4050909.75,2519.41,3735,1549,749.2,0.197,1,loss
733432.50,4050909.75,2520.06,3731,1546,751.1,0.197,1,loss
733430.50,4050908.75,2519.52,3740,1548,749.6,0.197,1,loss
733431.50,4050908.75,2519.79,3738,1547,750.5,0.197,1,loss
733432.50,4050908.75,2520.00,3736,1546,751.5,0.197,1,loss
733433.50,4050908.75,2520.25,3734,1546,752.4,0.198,1,loss
733364.50,4050907.75,2490.22,3879,1684,686.8,0.180,1,loss
733430.50,4050907.75,2519.52,3745,1548,749.9,0.197,1,loss
733434.50,4050907.75,2520.69,3737,1544,753.8,0.198,1,loss
733440.50,4050907.75,2522.60,3726,1537,759.5,0.200,1,loss
733441.50,4050907.75,2523.78,3724,1531,760.6,0.200,1,loss
733361.50,4050906.75,2488.48,3891,1693,684.3,0.180,1,loss
733362.50,4050906.75,2489.42,3888,1688,685.3,0.180,1,loss
733412.50,4050906.75,2508.76,3784,1598,732.7,0.193,1,loss
733413.50,4050906.75,2509.47,3782,1594,733.7,0.193,1,loss
733428.50,4050906.75,2517.96,3753,1555,748.3,0.197,1,loss
733429.50,4050906.75,2518.41,3751,1553,749.3,0.197,1,loss
733436.50,4050906.75,2521.84,3738,1539,756.1,0.199,1,loss
733437.50,4050906.75,2521.84,3737,1539,757.0,0.199,1,loss
733438.50,4050906.75,2522.23,3735,1538,758.0,0.199,1,loss
733439.50,4050906.75,2522.55,3733,1536,758.9,0.199,1,loss
733440.50,4050906.75,2522.71,3731,1536,759.9,0.200,1,loss
733413.50,4050905.75,2509.51,3787,1594,734.0,0.193,1,loss
733429.50,4050905.75,2518.49,3756,1553,749.6,0.197,1,loss
733437.50,4050905.75,2521.84,3741,1539,757.3,0.199,1,loss
733438.50,4050905.75,2522.60,3740,1536,758.3,0.199,1,loss
733361.50,4050904.75,2488.71,3901,1692,685.1,0.180,1,loss
733430.50,4050904.75,2519.21,3759,1550,751.0,0.197,1,loss
733430.50,4050903.75,2519.16,3764,1550,751.3,0.197,1,loss
733425.50,4050902.75,2516.49,3779,1562,746.8,0.196,1,loss
733426.50,4050902.75,2517.39,3777,1558,747.8,0.196,1,loss
733429.50,4050902.75,2518.17,3771,1555,750.7,0.197,1,loss
733430.50,4050902.75,2519.01,3769,1551,751.7,0.198,1,loss
733364.50,4050901.75,2491.09,3911,1679,689.1,0.181,1,loss
733365.50,4050901.75,2491.09,3908,1679,690.1,0.181,1,loss
733426.50,4050901.75,2517.25,3782,1558,748.1,0.197,1,loss
733427.50,4050901.75,2517.25,3780,1559,749.1,0.197,1,loss
733367.50,4050900.75,2492.52,3909,1672,692.4,0.182,1,loss
733221.50,4050898.75,2469.95,4338,1780,561.1,0.147,1,loss
733222.50,4050898.75,2470.01,4335,1780,562.0,0.148,1,loss
733223.50,4050897.75,2470.20,4338,1778,563.4,0.148,1,loss
733367.50,4050897.75,2492.97,3925,1669,693.6,0.182,1,loss
733367.50,4050896.75,2492.97,3930,1669,694.0,0.182,1,loss
733368.50,4050896.75,2493.58,3928,1666,694.9,0.183,1,loss
733368.50,4050895.75,2493.58,3933,1666,695.3,0.183,1,loss
733368.50,4050894.75,2493.69,3939,1666,695.7,0.183,1,loss
733369.50,4050893.75,2494.75,3942,1660,697.1,0.183,1,loss
733368.50,4050892.75,2493.92,3949,1664,696.5,0.183,1,loss
733370.50,4050891.75,2495.57,3950,1656,698.8,0.184,1,loss
733370.50,4050890.75,2495.48,3955,1656,699.2,0.184,1,loss
733370.50,4050889.75,2495.25,3960,1658,699.6,0.184,1,loss
733371.50,4050889.75,2496.05,3958,1653,700.6,0.184,1,loss
733372.50,4050889.75,2496.05,3956,1654,701.5,0.184,1,loss
733374.50,4050887.75,2496.83,3962,1650,704.2,0.185,1,loss
733381.50,4050887.75,2501.01,3946,1629,710.8,0.187,1,loss
733374.50,4050886.75,2496.81,3967,1650,704.6,0.185,1,loss
733378.50,4050885.75,2499.74,3963,1635,708.8,0.186,1,loss
733379.50,4050884.75,2500.18,3966,1633,710.1,0.187,1,loss
733383.50,4050878.75,2502.28,3987,1623,716.3,0.188,1,loss
733385.50,4050877.75,2503.57,3988,1617,718.6,0.189,1,loss
733385.50,4050876.75,2503.57,3993,1617,719.0,0.189,1,loss
733385.50,4050875.75,2503.41,3998,1617,719.4,0.189,1,loss
733388.50,4050872.75,2505.17,4007,1609,723.5,0.190,1,loss
733389.50,4050871.75,2505.58,4009,1607,724.9,0.190,1,loss
733236.50,4050867.75,2480.86,4482,1707,589.9,0.155,1,loss
733394.50,4050867.75,2508.09,4018,1596,731.2,0.192,1,loss
733463.50,4050867.75,2530.46,3873,1509,796.1,0.209,1,loss
733397.50,4050865.75,2509.09,4021,1591,734.9,0.193,1,loss
733401.50,4050862.75,2512.13,4027,1577,739.9,0.194,1,loss
733402.50,4050862.75,2512.13,4025,1577,740.9,0.195,1,loss
733322.50,4050860.75,2481.94,4240,1722,668.4,0.176,1,loss
733324.50,4050859.75,2483.50,4240,1713,670.6,0.176,1,loss
733325.50,4050857.75,2483.57,4248,1713,672.5,0.177,1,loss
733556.50,4050854.75,2566.03,3767,1391,890.6,0.234,1,loss
733547.50,4050838.75,2561.72,3849,1407,887.6,0.233,1,loss
733546.50,4050837.75,2561.74,3854,1406,887.1,0.233,1,loss
733556.50,4050780.75,2577.78,4070,1345,920.9,0.242,1,loss
733556.50,4050779.75,2577.53,4074,1346,921.3,0.242,1,loss
733557.50,4050779.75,2577.91,4072,1345,922.3,0.242,1,loss
733558.50,4050779.75,2578.36,4070,1344,923.2,0.243,1,loss
733560.50,4050779.75,2579.37,4066,1341,925.1,0.243,0,loss
733463.50,4050742.75,2552.21,4435,1411,853.7,0.224,1,loss
733458.50,4050741.75,2550.85,4452,1415,849.8,0.223,1,loss
733464.50,4050741.75,2552.83,4437,1409,855.1,0.225,1,loss
733457.50,4050740.75,2550.54,4459,1416,849.4,0.223,1,loss
733459.50,4050740.75,2550.95,4454,1415,851.2,0.224,1,loss
733459.50,4050739.75,2551.01,4458,1415,851.7,0.224,1,loss
733460.50,4050739.75,2551.58,4456,1413,852.6,0.224,1,loss
733460.50,4050738.75,2551.70,4460,1412,853.1,0.224,1,loss
733460.50,4050737.75,2551.97,4464,1411,853.6,0.224,1,loss
733657.50,4051652.75,2471.27,301,1824,1044.3,0.274,1,stable
733658.50,4051652.75,2471.83,303,1822,1045.2,0.275,1,stable
733585.50,4051614.75,2471.71,303,1817,962.9,0.253,1,stable
733586.50,4051614.75,2471.50,306,1818,963.8,0.253,1,stable
733583.50,4051613.75,2471.33,303,1819,960.7,0.252,1,stable
733584.50,4051613.75,2471.71,306,1817,961.6,0.253,1,stable
733585.50,4051613.75,2472.06,308,1815,962.5,0.253,1,stable
733582.50,4051612.75,2470.14,306,1824,959.3,0.252,1,stable
733583.50,4051612.75,2470.92,308,1821,960.2,0.252,1,stable
733584.50,4051612.75,2471.49,311,1818,961.1,0.253,1,stable
733585.50,4051612.75,2472.02,313,1816,962.0,0.253,1,stable
733585.50,4051611.75,2471.81,318,1816,961.6,0.253,1,stable
733587.50,4051609.75,2472.83,333,1812,962.5,0.253,1,stable
733538.50,4051538.75,2481.24,565,1763,887.6,0.233,1,stable
733531.50,4051537.75,2478.94,554,1774,880.8,0.231,1,stable
733532.50,4051537.75,2479.23,557,1772,881.7,0.232,1,stable
733533.50,4051537.75,2479.23,559,1772,882.6,0.232,1,stable
733534.50,4051537.75,2479.49,561,1771,883.5,0.232,1,stable
733540.50,4051537.75,2482.26,575,1758,889.0,0.234,1,stable
733541.50,4051537.75,2482.76,577,1756,890.0,0.234,1,stable
733542.50,4051537.75,2482.76,579,1756,890.9,0.234,1,stable
733543.50,4051537.75,2483.20,581,1754,891.8,0.234,1,stable
733534.50,4051536.75,2478.84,566,1774,883.1,0.232,1,stable
733535.50,4051536.75,2479.13,569,1773,884.0,0.232,1,stable
733536.50,4051536.75,2479.43,571,1772,884.9,0.233,1,stable
733541.50,4051536.75,2481.96,582,1760,889.5,0.234,1,stable
733542.50,4051536.75,2481.96,584,1760,890.4,0.234,1,stable
733543.50,4051536.75,2482.43,587,1758,891.4,0.234,1,stable
733544.50,4051536.75,2482.92,589,1756,892.3,0.234,1,stable
733545.50,4051536.75,2483.51,591,1753,893.2,0.235,1,stable
733546.50,4051536.75,2483.89,593,1751,894.1,0.235,1,stable
733535.50,4051535.75,2478.47,574,1776,883.6,0.232,1,stable
733540.50,4051535.75,2480.93,585,1765,888.2,0.233,1,stable
733541.50,4051535.75,2481.38,587,1763,889.1,0.234,1,stable
733542.50,4051535.75,2481.38,589,1763,890.0,0.234,1,stable
733543.50,4051535.75,2481.90,592,1760,890.9,0.234,1,stable
733544.50,4051535.75,2482.26,594,1759,891.9,0.234,1,stable
733545.50,4051535.75,2482.75,596,1757,892.8,0.235,1,stable
733535.50,4051534.75,2477.71,579,1780,883.1,0.232,1,stable
733540.50,4051534.75,2480.51,590,1767,887.8,0.233,1,stable
733541.50,4051534.75,2480.91,592,1765,888.7,0.234,1,stable
733542.50,4051534.75,2480.91,594,1765,889.6,0.234,1,stable
733543.50,4051534.75,2481.41,597,1763,890.5,0.234,1,stable
733544.50,4051534.75,2481.82,599,1761,891.4,0.234,1,stable
733534.50,4051533.75,2477.07,582,1783,881.8,0.232,1,stable
733539.50,4051533.75,2479.51,593,1771,886.4,0.233,1,stable
733540.50,4051533.75,2480.08,595,1769,887.3,0.233,1,stable
733534.50,4051532.75,2477.07,587,1783,881.4,0.232,1,stable
733533.50,4051531.75,2476.14,590,1787,880.0,0.231,1,stable
733531.50,4051530.75,2475.32,590,1791,877.8,0.231,1,stable
733532.50,4051530.75,2475.32,592,1791,878.7,0.231,1,stable
733431.50,4051514.75,2441.99,425,1969,780.5,0.205,1,stable
733647.50,4051495.75,2529.06,969,1570,974.9,0.256,1,stable
733642.50,4051493.75,2528.02,970,1573,969.5,0.255,1,stable
733639.50,4051492.75,2527.37,970,1575,966.3,0.254,1,stable
733616.50,4051491.75,2520.97,938,1595,943.9,0.248,1,stable
733617.50,4051491.75,2521.25,940,1595,944.9,0.248,1,stable
733636.50,4051491.75,2526.70,970,1577,963.1,0.253,1,stable
733618.50,4051490.75,2521.85,946,1592,945.5,0.248,1,stable
733619.50,4051490.75,2522.33,947,1590,946.5,0.249,1,stable
733633.50,4051490.75,2525.85,969,1580,959.9,0.252,1,stable
733618.50,4051489.75,2521.83,950,1592,945.2,0.248,1,stable
733619.50,4051488.75,2522.03,956,1592,945.8,0.249,1,stable
733630.50,4051488.75,2525.06,974,1582,956.3,0.251,1,stable
733615.50,4051487.75,2519.58,955,1601,941.5,0.247,1,stable
733622.50,4051487.75,2522.59,966,1590,948.3,0.249,1,stable
733627.50,4051487.75,2524.27,973,1585,953.1,0.250,1,stable
733612.50,4051486.75,2518.03,954,1607,938.3,0.247,1,stable
733623.50,4051486.75,2522.37,972,1592,948.9,0.249,1,stable
733624.50,4051486.75,2522.88,973,1590,949.9,0.250,1,stable
733625.50,4051486.75,2523.26,975,1588,950.8,0.250,1,stable
733626.50,4051486.75,2523.53,976,1587,951.8,0.250,1,stable
733627.50,4051486.75,2523.80,978,1587,952.8,0.250,1,stable
733628.50,4051486.75,2524.01,979,1586,953.7,0.251,1,stable
733609.50,4051485.75,2516.91,954,1611,935.0,0.246,1,stable
733625.50,4051485.75,2522.94,979,1590,950.5,0.250,1,stable
733626.50,4051485.75,2523.18,981,1589,951.4,0.250,1,stable
733285.50,4051484.75,2381.39,121,2436,641.7,0.169,1,stable
733424.50,4051475.75,2446.80,633,1939,757.6,0.199,1,stable
733500.50,4051472.75,2476.49,821,1780,826.8,0.217,1,stable
733498.50,4051471.75,2475.23,822,1786,824.5,0.217,1,stable
733499.50,4051471.75,2475.74,824,1784,825.4,0.217,1,stable
733500.50,4051471.75,2476.43,826,1780,826.4,0.217,1,stable
733501.50,4051471.75,2476.97,828,1778,827.3,0.217,1,stable
733502.50,4051471.75,2477.51,830,1775,828.3,0.218,1,stable
733415.50,4051470.75,2446.48,640,1941,747.3,0.196,0,stable
733416.50,4051470.75,2446.48,642,1941,748.3,0.197,1,stable
733502.50,4051470.75,2477.49,835,1775,827.9,0.218,1,stable
733503.50,4051470.75,2478.00,837,1773,828.9,0.218,1,stable
733504.50,4051470.75,2478.00,839,1773,829.8,0.218,1,stable
733415.50,4051469.75,2447.26,646,1937,746.9,0.196,1,stable
733416.50,4051469.75,2447.26,648,1937,747.8,0.197,1,stable
733502.50,4051469.75,2477.49,841,1775,827.6,0.217,1,stable
733503.50,4051469.75,2478.00,843,1773,828.5,0.218,1,stable
733620.50,4051467.75,2523.08,1052,1588,940.0,0.247,1,stable
733622.50,4051467.75,2523.44,1055,1587,941.9,0.247,1,stable
733507.50,4051465.75,2480.15,871,1762,830.9,0.218,1,stable
733509.50,4051465.75,2481.27,875,1757,832.8,0.219,1,stable
733508.50,4051464.75,2480.77,878,1759,831.5,0.218,1,stable
733417.50,4051454.75,2449.33,738,1924,742.9,0.195,1,stable
733399.50,4051452.75,2439.00,707,1986,725.7,0.191,1,stable
733434.50,4051452.75,2456.02,789,1885,757.8,0.199,1,stable
733435.50,4051452.75,2456.15,792,1884,758.8,0.199,1,stable
733436.50,4051452.75,2456.41,794,1883,759.7,0.200,1,stable
733437.50,4051452.75,2456.84,796,1880,760.6,0.200,1,stable
733397.50,4051451.75,2436.95,708,1998,723.5,0.190,1,stable
733398.50,4051451.75,2438.12,711,1991,724.4,0.190,1,stable
733436.50,4051451.75,2455.73,800,1887,759.3,0.200,1,stable
733395.50,4051450.75,2435.28,709,2008,721.3,0.190,1,stable
733396.50,4051450.75,2435.73,712,2006,722.3,0.190,1,stable
733397.50,4051450.75,2436.62,714,2000,723.1,0.190,1,stable
733398.50,4051450.75,2437.70,717,1994,724.0,0.190,1,stable
733399.50,4051450.75,2438.20,719,1990,724.9,0.190,1,stable
733400.50,4051450.75,2438.81,722,1987,725.9,0.191,1,stable
733394.50,4051449.75,2435.10,713,2010,720.0,0.189,1,stable
733395.50,4051449.75,2435.10,715,2009,721.0,0.189,1,stable
733396.50,4051449.75,2435.48,718,2007,721.9,0.190,1,stable
733397.50,4051449.75,2436.33,720,2002,722.8,0.190,1,stable
733398.50,4051449.75,2437.36,723,1996,723.7,0.190,1,stable
733399.50,4051449.75,2437.96,725,1992,724.6,0.190,1,stable
733400.50,4051449.75,2438.55,728,1988,725.5,0.191,1,stable
733393.50,4051448.75,2433.68,717,2018,718.8,0.189,1,stable
733394.50,4051448.75,2434.26,719,2015,719.7,0.189,1,stable
733395.50,4051448.75,2434.26,722,2014,720.6,0.189,1,stable
733400.50,4051448.75,2437.70,734,1993,725.1,0.191,1,stable
733392.50,4051447.75,2432.72,720,2024,717.5,0.189,1,stable
733393.50,4051447.75,2433.18,723,2021,718.4,0.189,1,stable
733394.50,4051447.75,2433.18,725,2021,719.3,0.189,1,stable
733391.50,4051446.75,2431.79,724,2030,716.2,0.188,1,stable
733392.50,4051446.75,2432.30,726,2026,717.1,0.188,1,stable
733551.50,4051443.75,2505.71,1058,1646,866.0,0.228,1,stable
733550.50,4051442.75,2505.03,1061,1649,864.7,0.227,1,stable
733551.50,4051442.75,2505.61,1062,1647,865.6,0.227,1,stable
733552.50,4051442.75,2505.61,1064,1647,866.6,0.228,1,stable
733551.50,4051441.75,2505.61,1067,1647,865.3,0.227,1,stable
733552.50,4051441.75,2505.46,1069,1648,866.3,0.228,1,stable
733662.50,4051437.75,2535.29,1239,1550,972.0,0.255,1,stable
733575.50,4051436.75,2515.25,1128,1609,887.2,0.233,1,stable
733658.50,4051436.75,2533.85,1239,1554,967.8,0.254,1,stable
733660.50,4051436.75,2534.64,1241,1552,969.8,0.255,1,stable
733574.50,4051435.75,2515.58,1131,1607,885.9,0.233,1,stable
733166.50,4051424.75,2385.63,52,2553,509.2,0.134,1,stable
733164.50,4051423.75,2384.72,50,2565,507.1,0.133,1,stable
733723.50,4051423.75,2549.67,1365,1514,1028.3,0.270,1,stable
733722.50,4051422.75,2549.58,1368,1514,1027.1,0.270,1,stable
733723.50,4051422.75,2549.58,1369,1514,1028.0,0.270,1,stable
733724.50,4051422.75,2549.85,1370,1513,1029.0,0.270,1,stable
733725.50,4051422.75,2550.15,1371,1513,1030.0,0.271,1,stable
733171.50,4051416.75,2386.80,157,2528,509.4,0.134,1,stable
733172.50,4051416.75,2387.39,162,2521,510.2,0.134,1,stable
733257.50,4051416.75,2384.94,533,2421,585.6,0.154,1,stable
733172.50,4051415.75,2387.50,172,2519,509.7,0.134,1,stable
733170.50,4051411.75,2387.15,200,2524,506.1,0.133,1,stable
733168.50,4051410.75,2386.10,199,2536,504.0,0.132,1,stable
733169.50,4051410.75,2386.68,204,2529,504.8,0.133,1,stable
733170.50,4051410.75,2387.31,210,2522,505.6,0.133,1,stable
733169.50,4051409.75,2386.68,214,2529,504.4,0.133,1,stable
733170.50,4051409.75,2387.38,219,2521,505.1,0.133,1,stable
733264.50,4051409.75,2388.06,611,2389,588.7,0.155,1,stable
733170.50,4051408.75,2387.38,229,2520,504.7,0.133,1,stable
733171.50,4051408.75,2388.13,234,2512,505.4,0.133,1,stable
733171.50,4051407.75,2388.79,243,2505,504.9,0.133,1,stable
733170.50,4051406.75,2389.11,247,2504,503.5,0.132,1,stable
733171.50,4051406.75,2389.47,252,2499,504.3,0.133,1,stable
733172.50,4051406.75,2390.03,257,2492,505.1,0.133,1,stable
733168.50,4051405.75,2387.75,247,2519,501.4,0.132,1,stable
733169.50,4051405.75,2388.78,252,2508,502.2,0.132,1,stable
733170.50,4051405.75,2389.40,257,2500,503.0,0.132,1,stable
733171.50,4051405.75,2389.53,262,2498,503.8,0.132,1,stable
733172.50,4051405.75,2390.34,267,2489,504.6,0.133,1,stable
733168.50,4051404.75,2388.59,257,2511,500.9,0.132,1,stable
733169.50,4051404.75,2389.05,262,2505,501.7,0.132,1,stable
733171.50,4051404.75,2390.30,271,2490,503.3,0.132,1,stable
733168.50,4051403.75,2389.49,266,2502,500.3,0.131,1,stable
733170.50,4051403.75,2390.08,276,2493,501.9,0.132,1,stable
733171.50,4051403.75,2390.61,281,2487,502.7,0.132,1,stable
733168.50,4051402.75,2389.22,276,2504,499.8,0.131,1,stable
733171.50,4051397.75,2392.27,337,2469,499.8,0.131,1,stable
733170.50,4051396.75,2392.06,342,2472,498.5,0.131,1,stable
733169.50,4051395.75,2391.87,346,2475,497.2,0.131,1,stable
733170.50,4051395.75,2392.12,351,2471,498.0,0.131,1,stable
733171.50,4051395.75,2392.49,356,2467,498.8,0.131,1,stable
733172.50,4051395.75,2392.54,361,2465,499.7,0.131,1,stable
733176.50,4051395.75,2393.02,379,2454,503.2,0.132,1,stable
733584.50,4051395.75,2525.66,1331,1564,885.2,0.233,1,stable
733161.50,4051394.75,2387.64,318,2527,490.2,0.129,1,stable
733162.50,4051394.75,2388.15,323,2520,491.1,0.129,1,stable
733169.50,4051394.75,2391.87,356,2475,496.7,0.131,1,stable
733170.50,4051394.75,2392.12,361,2471,497.6,0.131,1,stable
733171.50,4051394.75,2392.49,365,2466,498.4,0.131,1,stable
733172.50,4051394.75,2392.54,370,2464,499.3,0.131,1,stable
733173.50,4051394.75,2392.81,375,2460,500.1,0.131,1,stable
733583.50,4051394.75,2525.34,1334,1566,883.9,0.232,1,stable
733584.50,4051394.75,2525.80,1336,1564,884.9,0.233,1,stable
733585.50,4051394.75,2526.14,1337,1563,885.9,0.233,1,stable
733161.50,4051393.75,2388.01,327,2523,489.7,0.129,1,stable
733164.50,4051393.75,2388.97,342,2509,492.2,0.129,1,stable
733169.50,4051393.75,2391.80,365,2475,496.3,0.130,1,stable
733170.50,4051393.75,2392.10,370,2471,497.1,0.131,1,stable
733171.50,4051393.75,2392.29,375,2468,498.0,0.131,1,stable
733172.50,4051393.75,2392.54,379,2464,498.8,0.131,1,stable
733173.50,4051393.75,2392.54,384,2462,499.7,0.131,1,stable
733174.50,4051393.75,2392.81,389,2458,500.6,0.132,1,stable
733175.50,4051393.75,2392.91,393,2456,501.4,0.132,1,stable
733583.50,4051393.75,2525.75,1339,1564,883.7,0.232,1,stable
733584.50,4051393.75,2526.01,1340,1563,884.7,0.232,1,stable
733163.50,4051392.75,2389.14,347,2508,490.9,0.129,1,stable
733164.50,4051392.75,2389.14,351,2507,491.8,0.129,1,stable
733165.50,4051392.75,2390.42,356,2494,492.5,0.129,1,stable
733170.50,4051392.75,2392.03,379,2471,496.7,0.131,1,stable
733171.50,4051392.75,2392.24,384,2468,497.5,0.131,1,stable
733172.50,4051392.75,2392.58,389,2463,498.4,0.131,1,stable
733173.50,4051392.75,2392.58,393,2462,499.3,0.131,1,stable
733174.50,4051392.75,2392.81,398,2458,500.1,0.131,1,stable
733162.50,4051391.75,2388.80,351,2513,489.6,0.129,1,stable
733163.50,4051391.75,2389.14,356,2508,490.4,0.129,1,stable
733165.50,4051391.75,2390.42,365,2493,492.0,0.129,1,stable
733166.50,4051391.75,2390.76,370,2488,492.9,0.130,1,stable
733167.50,4051391.75,2391.10,375,2484,493.7,0.130,1,stable
733168.50,4051391.75,2391.41,380,2479,494.5,0.130,1,stable
733170.50,4051391.75,2392.03,389,2471,496.2,0.130,1,stable
733171.50,4051391.75,2392.24,393,2467,497.1,0.131,1,stable
733172.50,4051391.75,2392.58,398,2463,497.9,0.131,1,stable
733173.50,4051391.75,2392.58,403,2461,498.8,0.131,1,stable
733174.50,4051391.75,2392.81,407,2458,499.7,0.131,1,stable
733159.50,4051390.75,2387.48,346,2530,486.7,0.128,1,stable
733161.50,4051390.75,2388.34,356,2518,488.3,0.128,1,stable
733162.50,4051390.75,2388.73,361,2513,489.2,0.129,1,stable
733164.50,4051390.75,2389.16,370,2506,490.9,0.129,1,stable
733165.50,4051390.75,2390.44,375,2492,491.6,0.129,1,stable
733166.50,4051390.75,2390.71,380,2488,492.4,0.129,1,stable
733167.50,4051390.75,2391.04,384,2484,493.3,0.130,1,stable
733168.50,4051390.75,2391.31,389,2480,494.1,0.130,1,stable
733169.50,4051390.75,2391.55,394,2476,495.0,0.130,1,stable
733170.50,4051390.75,2391.83,398,2472,495.8,0.130,1,stable
733171.50,4051390.75,2392.33,403,2466,496.6,0.130,1,stable
733172.50,4051390.75,2392.63,407,2462,497.5,0.131,1,stable
733173.50,4051390.75,2392.63,412,2460,498.4,0.131,1,stable
733174.50,4051390.75,2392.78,417,2458,499.2,0.131,1,stable
733158.50,4051389.75,2387.06,351,2535,485.4,0.128,1,stable
733159.50,4051389.75,2387.50,356,2529,486.2,0.128,1,stable
733160.50,4051389.75,2387.75,361,2525,487.1,0.128,1,stable
733161.50,4051389.75,2388.47,366,2517,487.9,0.128,1,stable
733165.50,4051389.75,2390.47,384,2492,491.1,0.129,1,stable
733166.50,4051389.75,2390.62,389,2489,492.0,0.129,1,stable
733167.50,4051389.75,2390.98,394,2484,492.8,0.129,1,stable
733168.50,4051389.75,2391.21,398,2480,493.7,0.130,1,stable
733170.50,4051389.75,2391.96,408,2471,495.4,0.130,1,stable
733171.50,4051389.75,2392.54,412,2464,496.2,0.130,1,stable
733172.50,4051389.75,2392.76,417,2460,497.0,0.131,1,stable
733173.50,4051389.75,2392.76,421,2459,497.9,0.131,1,stable
733175.50,4051389.75,2393.00,430,2454,499.7,0.131,1,stable
733185.50,4051389.75,2393.69,474,2434,508.5,0.134,1,stable
733157.50,4051388.75,2386.89,356,2538,484.1,0.127,1,stable
733158.50,4051388.75,2387.13,361,2534,485.0,0.127,1,stable
733159.50,4051388.75,2387.41,366,2529,485.8,0.128,1,stable
733160.50,4051388.75,2387.86,371,2523,486.6,0.128,1,stable
733165.50,4051388.75,2390.40,394,2492,490.7,0.129,1,stable
733166.50,4051388.75,2390.58,399,2489,491.5,0.129,1,stable
733167.50,4051388.75,2390.99,403,2484,492.4,0.129,1,stable
733168.50,4051388.75,2391.23,408,2480,493.2,0.130,1,stable
733169.50,4051388.75,2391.60,412,2475,494.1,0.130,1,stable
733170.50,4051388.75,2392.12,417,2469,494.9,0.130,1,stable
733171.50,4051388.75,2392.55,421,2463,495.7,0.130,1,stable
733172.50,4051388.75,2392.64,426,2461,496.6,0.130,1,stable
733173.50,4051388.75,2392.64,431,2460,497.5,0.131,1,stable
733175.50,4051388.75,2393.12,440,2452,499.2,0.131,1,stable
733156.50,4051387.75,2386.55,361,2542,482.8,0.127,1,stable
733157.50,4051387.75,2386.81,366,2538,483.7,0.127,1,stable
733158.50,4051387.75,2386.97,371,2535,484.5,0.127,1,stable
733159.50,4051387.75,2387.30,376,2530,485.4,0.128,1,stable
733160.50,4051387.75,2387.82,380,2523,486.2,0.128,1,stable
733164.50,4051387.75,2389.30,399,2503,489.5,0.129,1,stable
733165.50,4051387.75,2390.33,404,2492,490.3,0.129,1,stable
733166.50,4051387.75,2390.60,408,2488,491.1,0.129,1,stable
733167.50,4051387.75,2390.86,413,2484,492.0,0.129,1,stable
733168.50,4051387.75,2391.14,417,2480,492.8,0.129,1,stable
733169.50,4051387.75,2391.63,422,2474,493.6,0.130,1,stable
733170.50,4051387.75,2392.05,426,2469,494.5,0.130,1,stable
733171.50,4051387.75,2392.39,431,2464,495.3,0.130,1,stable
733172.50,4051387.75,2392.39,435,2463,496.2,0.130,1,stable
733173.50,4051387.75,2392.63,440,2459,497.1,0.131,1,stable
733174.50,4051387.75,2392.88,444,2456,497.9,0.131,1,stable
733156.50,4051386.75,2386.39,371,2543,482.4,0.127,1,stable
733157.50,4051386.75,2386.80,376,2538,483.2,0.127,1,stable
733160.50,4051386.75,2387.93,390,2522,485.7,0.128,1,stable
733165.50,4051386.75,2390.00,413,2495,489.9,0.129,1,stable
733166.50,4051386.75,2390.32,418,2490,490.7,0.129,1,stable
733167.50,4051386.75,2390.80,422,2484,491.5,0.129,1,stable
733169.50,4051386.75,2391.44,431,2476,493.2,0.130,1,stable
733170.50,4051386.75,2391.94,436,2470,494.0,0.130,1,stable
733171.50,4051386.75,2392.27,440,2465,494.9,0.130,1,stable
733172.50,4051386.75,2392.27,445,2464,495.8,0.130,1,stable
733153.50,4051385.75,2386.20,366,2550,479.4,0.126,1,stable
733155.50,4051385.75,2386.49,376,2544,481.1,0.126,1,stable
733156.50,4051385.75,2386.22,381,2544,482.0,0.127,1,stable
733157.50,4051385.75,2386.88,385,2536,482.8,0.127,1,stable
733158.50,4051385.75,2387.20,390,2532,483.6,0.127,1,stable
733165.50,4051385.75,2389.85,423,2496,489.4,0.129,1,stable
733166.50,4051385.75,2390.39,427,2489,490.3,0.129,1,stable
733168.50,4051385.75,2391.07,436,2480,491.9,0.129,1,stable
733175.50,4051385.75,2393.05,467,2452,497.9,0.131,1,stable
733176.50,4051385.75,2393.25,472,2449,498.8,0.131,1,stable
733156.50,4051384.75,2386.60,390,2540,481.5,0.127,1,stable
733158.50,4051384.75,2387.10,400,2532,483.2,0.127,1,stable
733159.50,4051384.75,2387.66,404,2525,484.0,0.127,1,stable
733161.50,4051384.75,2388.16,414,2517,485.7,0.128,1,stable
733162.50,4051384.75,2388.58,418,2512,486.5,0.128,1,stable
733165.50,4051384.75,2389.94,432,2495,489.0,0.128,1,stable
733174.50,4051384.75,2392.65,472,2457,496.6,0.131,1,stable
733175.50,4051384.75,2392.95,476,2452,497.5,0.131,1,stable
733176.50,4051384.75,2393.33,481,2448,498.3,0.131,1,stable
733159.50,4051383.75,2387.79,414,2524,483.5,0.127,1,stable
733160.50,4051383.75,2387.85,419,2521,484.4,0.127,1,stable
733161.50,4051383.75,2388.07,423,2518,485.3,0.128,1,stable
733163.50,4051383.75,2388.59,433,2510,487.0,0.128,1,stable
733164.50,4051383.75,2389.04,437,2504,487.8,0.128,1,stable
733166.50,4051383.75,2390.49,446,2488,489.4,0.129,1,stable
733170.50,4051383.75,2391.85,464,2469,492.7,0.129,1,stable
733171.50,4051383.75,2392.27,468,2464,493.6,0.130,1,stable
733172.50,4051383.75,2392.27,473,2463,494.5,0.130,1,stable
733173.50,4051383.75,2392.56,477,2459,495.3,0.130,1,stable
733174.50,4051383.75,2392.75,481,2455,496.2,0.130,1,stable
733175.50,4051383.75,2393.02,486,2452,497.1,0.131,1,stable
733163.50,4051382.75,2388.66,442,2509,486.5,0.128,1,stable
733173.50,4051382.75,2392.62,486,2458,494.9,0.130,1,stable
733174.50,4051382.75,2392.87,490,2454,495.8,0.130,1,stable
733175.50,4051382.75,2393.14,495,2450,496.6,0.130,1,stable
733162.50,4051381.75,2388.26,447,2514,485.3,0.128,1,stable
733163.50,4051381.75,2388.66,451,2508,486.1,0.128,1,stable
733165.50,4051381.75,2390.47,460,2489,487.6,0.128,1,stable
733166.50,4051381.75,2390.66,465,2485,488.5,0.128,1,stable
733172.50,4051381.75,2392.22,491,2462,493.6,0.130,1,stable
733274.50,4051381.75,2399.58,848,2292,585.9,0.154,1,stable
733161.50,4051380.75,2388.50,452,2513,483.9,0.127,1,stable
733165.50,4051380.75,2390.47,470,2488,487.2,0.128,1,stable
733166.50,4051380.75,2390.66,474,2485,488.0,0.128,1,stable
733167.50,4051380.75,2390.94,479,2481,488.9,0.128,1,stable
733168.50,4051380.75,2391.13,483,2478,489.8,0.129,1,stable
733169.50,4051380.75,2391.40,487,2474,490.6,0.129,1,stable
733170.50,4051380.75,2391.72,492,2469,491.5,0.129,1,stable
733171.50,4051380.75,2391.72,496,2468,492.4,0.129,1,stable
733172.50,4051380.75,2391.98,500,2464,493.2,0.130,1,stable
733173.50,4051380.75,2392.48,505,2458,494.1,0.130,1,stable
733274.50,4051380.75,2399.68,856,2291,585.5,0.154,1,stable
733276.50,4051380.75,2400.19,861,2286,587.3,0.154,1,stable
733160.50,4051379.75,2388.59,457,2513,482.6,0.127,1,stable
733166.50,4051379.75,2390.59,484,2485,487.6,0.128,1,stable
733167.50,4051379.75,2390.89,488,2481,488.5,0.128,1,stable
733168.50,4051379.75,2391.13,492,2477,489.3,0.129,1,stable
733169.50,4051379.75,2391.40,497,2473,490.2,0.129,1,stable
733170.50,4051379.75,2391.72,501,2469,491.0,0.129,1,stable
733171.50,4051379.75,2391.54,505,2469,492.0,0.129,1,stable
733172.50,4051379.75,2392.04,510,2463,492.8,0.129,1,stable
733173.50,4051379.75,2392.51,514,2458,493.6,0.130,1,stable
733277.50,4051379.75,2401.28,871,2277,587.8,0.154,1,stable
733165.50,4051378.75,2390.32,489,2489,486.3,0.128,1,stable
733167.50,4051378.75,2390.52,497,2484,488.1,0.128,1,stable
733168.50,4051378.75,2391.03,502,2478,488.9,0.128,1,stable
733169.50,4051378.75,2391.30,506,2474,489.8,0.129,1,stable
733170.50,4051378.75,2391.54,510,2470,490.6,0.129,1,stable
733171.50,4051378.75,2391.54,515,2469,491.5,0.129,1,stable
733172.50,4051378.75,2392.04,519,2463,492.4,0.129,1,stable
733157.50,4051377.75,2387.44,462,2528,479.2,0.126,1,stable
733165.50,4051377.75,2390.25,498,2489,485.9,0.128,1,stable
733168.50,4051377.75,2391.12,511,2477,488.5,0.128,1,stable
733169.50,4051377.75,2391.45,515,2472,489.3,0.129,1,stable
733276.50,4051377.75,2400.55,883,2283,586.2,0.154,1,stable
733155.50,4051376.75,2387.02,463,2535,477.0,0.125,1,stable
733156.50,4051376.75,2387.22,467,2531,477.9,0.126,1,stable
733157.50,4051376.75,2387.52,472,2527,478.8,0.126,1,stable
733174.50,4051376.75,2393.19,546,2449,493.2,0.130,1,stable
733275.50,4051376.75,2399.85,888,2289,585.0,0.154,1,stable
733155.50,4051375.75,2387.37,472,2531,476.6,0.125,1,stable
733156.50,4051375.75,2387.71,477,2526,477.4,0.125,1,stable
733183.50,4051375.75,2394.39,591,2426,500.7,0.132,1,stable
733276.50,4051374.75,2400.55,905,2283,585.1,0.154,1,stable
733283.50,4051374.75,2404.90,923,2247,591.3,0.155,1,stable
733284.50,4051374.75,2404.90,926,2246,592.2,0.156,1,stable
733283.50,4051373.75,2404.45,930,2250,591.0,0.155,1,stable
733284.50,4051373.75,2404.88,933,2246,591.9,0.156,1,stable
733282.50,4051372.75,2404.33,935,2251,589.7,0.155,1,stable
733283.50,4051372.75,2404.33,938,2251,590.6,0.155,1,stable
733284.50,4051372.75,2404.94,940,2246,591.5,0.155,1,stable
733278.50,4051371.75,2401.99,932,2271,585.8,0.154,1,stable
733279.50,4051371.75,2402.55,935,2266,586.7,0.154,1,stable
733281.50,4051371.75,2403.81,940,2256,588.5,0.155,1,stable
733282.50,4051371.75,2404.48,942,2250,589.3,0.155,1,stable
733283.50,4051371.75,2404.48,945,2249,590.3,0.155,1,stable
733284.50,4051371.75,2405.19,947,2244,591.1,0.155,1,stable
733285.50,4051371.75,2405.59,950,2240,592.0,0.156,1,stable
733281.50,4051370.75,2403.98,947,2254,588.1,0.155,1,stable
733282.50,4051370.75,2404.52,949,2250,589.0,0.155,1,stable
733283.50,4051370.75,2404.52,952,2249,589.9,0.155,1,stable
733283.50,4051369.75,2404.57,959,2249,589.6,0.155,1,stable
733284.50,4051369.75,2405.07,962,2244,590.5,0.155,1,stable
733367.50,4051369.75,2428.64,1144,2051,667.5,0.175,1,stable
733100.50,4051368.75,2377.05,258,2751,426.8,0.112,1,stable
733156.50,4051368.75,2388.14,544,2520,474.4,0.125,1,stable
733163.50,4051368.75,2390.21,574,2490,480.4,0.126,1,stable
733283.50,4051368.75,2404.55,966,2249,589.3,0.155,1,stable
733284.50,4051368.75,2405.15,969,2244,590.1,0.155,1,stable
733366.50,4051368.75,2428.05,1148,2055,666.2,0.175,1,stable
733283.50,4051367.75,2404.76,974,2247,588.9,0.155,1,stable
733367.50,4051367.75,2428.64,1156,2051,666.9,0.175,1,stable
733367.50,4051364.75,2428.79,1175,2050,666.0,0.175,1,stable
733367.50,4051363.75,2428.79,1181,2050,665.7,0.175,1,stable
733367.50,4051362.75,2428.80,1187,2050,665.4,0.175,1,stable
733577.50,4051361.75,2523.53,1481,1572,870.2,0.229,1,stable
733580.50,4051361.75,2524.00,1484,1571,873.2,0.229,1,stable
733374.50,4051359.75,2431.93,1218,2029,671.1,0.176,1,stable
733112.50,4051354.75,2380.95,478,2670,430.4,0.113,1,stable
733113.50,4051354.75,2380.95,484,2668,431.3,0.113,1,stable
733391.50,4051354.75,2441.80,1277,1967,685.8,0.180,1,stable
733393.50,4051354.75,2443.21,1280,1959,687.7,0.181,1,stable
733394.50,4051354.75,2443.89,1282,1955,688.6,0.181,1,stable
733395.50,4051354.75,2443.89,1284,1955,689.6,0.181,1,stable
733396.50,4051354.75,2444.35,1285,1952,690.5,0.181,1,stable
733289.50,4051353.75,2407.08,1088,2226,589.8,0.155,1,stable
733290.50,4051353.75,2407.61,1090,2222,590.7,0.155,1,stable
733291.50,4051353.75,2408.13,1092,2217,591.6,0.155,1,stable
733293.50,4051353.75,2409.24,1097,2209,593.4,0.156,1,stable
733294.50,4051353.75,2409.77,1099,2204,594.4,0.156,1,stable
733392.50,4051353.75,2442.27,1285,1965,686.5,0.180,1,stable
733393.50,4051353.75,2443.29,1286,1958,687.4,0.181,1,stable
733394.50,4051353.75,2444.01,1288,1954,688.3,0.181,1,stable
733395.50,4051353.75,2444.01,1290,1954,689.3,0.181,1,stable
733397.50,4051353.75,2445.05,1293,1948,691.2,0.182,1,stable
733290.50,4051352.75,2407.36,1097,2223,590.5,0.155,1,stable
733293.50,4051352.75,2409.02,1104,2210,593.2,0.156,1,stable
733296.50,4051352.75,2410.82,1110,2196,595.9,0.157,1,stable
733305.50,4051352.75,2416.56,1129,2152,604.0,0.159,1,stable
733306.50,4051352.75,2417.21,1131,2147,604.9,0.159,1,stable
733393.50,4051352.75,2442.85,1292,1961,687.1,0.181,1,stable
733394.50,4051352.75,2443.82,1294,1955,688.1,0.181,1,stable
733298.50,4051351.75,2411.68,1122,2189,597.4,0.157,1,stable
733299.50,4051351.75,2412.23,1124,2185,598.3,0.157,1,stable
733112.50,4051350.75,2380.79,521,2670,428.7,0.113,1,stable
733299.50,4051350.75,2411.93,1131,2187,598.0,0.157,1,stable
733300.50,4051350.75,2412.50,1133,2182,598.9,0.157,1,stable
733308.50,4051350.75,2417.00,1149,2148,606.2,0.159,1,stable
733300.50,4051349.75,2412.22,1140,2184,598.6,0.157,1,stable
733308.50,4051349.75,2416.59,1156,2150,605.9,0.159,1,stable
733309.50,4051349.75,2417.23,1158,2146,606.9,0.159,1,stable
733301.50,4051348.75,2412.56,1149,2181,599.3,0.157,1,stable
733308.50,4051348.75,2416.28,1163,2152,605.7,0.159,1,stable
733309.50,4051348.75,2416.94,1165,2147,606.6,0.159,1,stable
733301.50,4051347.75,2412.40,1156,2182,599.0,0.157,1,stable
733302.50,4051347.75,2412.98,1158,2178,599.9,0.158,1,stable
733303.50,4051347.75,2413.56,1160,2173,600.8,0.158,1,stable
733304.50,4051347.75,2414.28,1162,2168,601.7,0.158,1,stable
733305.50,4051347.75,2414.83,1164,2164,602.6,0.158,1,stable
733309.50,4051347.75,2416.70,1172,2149,606.3,0.159,1,stable
733406.50,4051347.75,2449.22,1342,1923,698.3,0.183,1,stable
733407.50,4051347.75,2449.67,1343,1920,699.3,0.184,1,stable
733408.50,4051347.75,2450.09,1345,1918,700.2,0.184,1,stable
733310.50,4051346.75,2418.01,1181,2140,606.9,0.159,1,stable
733406.50,4051346.75,2449.22,1348,1923,698.0,0.183,1,stable
733407.50,4051346.75,2449.67,1349,1920,699.0,0.184,1,stable
733310.50,4051345.75,2417.79,1188,2141,606.6,0.159,1,stable
733315.50,4051345.75,2421.20,1197,2116,611.2,0.161,1,stable
733405.50,4051345.75,2448.97,1352,1924,696.8,0.183,1,stable
733406.50,4051345.75,2449.32,1354,1922,697.8,0.183,1,stable
733315.50,4051344.75,2421.23,1204,2116,610.9,0.161,1,stable
733312.50,4051343.75,2419.68,1205,2128,607.8,0.160,1,stable
733313.50,4051343.75,2419.68,1207,2127,608.8,0.160,1,stable
733314.50,4051343.75,2420.37,1209,2122,609.7,0.160,1,stable
733312.50,4051342.75,2419.63,1212,2128,607.5,0.160,1,stable
733313.50,4051342.75,2419.63,1214,2127,608.5,0.160,1,stable
733311.50,4051341.75,2418.81,1217,2134,606.4,0.159,1,stable
733312.50,4051341.75,2419.61,1219,2128,607.3,0.160,1,stable
733313.50,4051340.75,2419.62,1228,2127,607.9,0.160,1,stable
733310.50,4051339.75,2417.69,1229,2142,604.9,0.159,1,stable
733311.50,4051339.75,2418.96,1230,2133,605.8,0.159,1,stable
733312.50,4051339.75,2418.96,1232,2132,606.7,0.159,1,stable
733422.50,4051339.75,2456.78,1411,1879,711.8,0.187,1,stable
733311.50,4051338.75,2419.21,1237,2131,605.5,0.159,1,stable
733421.50,4051338.75,2456.84,1415,1879,710.6,0.187,1,stable
733411.50,4051336.75,2452.76,1413,1902,700.4,0.184,1,stable
733412.50,4051336.75,2452.91,1414,1901,701.4,0.184,1,stable
733415.50,4051336.75,2454.19,1419,1894,704.3,0.185,1,stable
733417.50,4051335.75,2455.36,1427,1887,706.0,0.186,1,stable
733418.50,4051335.75,2455.36,1428,1887,707.0,0.186,1,stable
733321.50,4051330.75,2425.66,1309,2084,612.6,0.161,1,stable
733322.50,4051330.75,2426.27,1311,2080,613.5,0.161,1,stable
733320.50,4051329.75,2424.60,1314,2092,611.4,0.161,1,stable
733321.50,4051329.75,2425.66,1316,2084,612.3,0.161,1,stable
733322.50,4051329.75,2426.25,1318,2080,613.3,0.161,1,stable
733319.50,4051328.75,2423.95,1319,2096,610.2,0.160,1,stable
733121.50,4051323.75,2380.55,843,2643,426.4,0.112,1,stable
733320.50,4051323.75,2423.66,1354,2098,609.9,0.160,1,stable
733322.50,4051323.75,2425.85,1358,2083,611.8,0.161,1,stable
733323.50,4051323.75,2426.56,1359,2078,612.7,0.161,1,stable
733197.50,4051322.75,2396.40,1099,2383,494.4,0.130,1,stable
733323.50,4051322.75,2426.38,1366,2079,612.4,0.161,1,stable
733329.50,4051320.75,2428.85,1389,2061,617.6,0.162,1,stable
733330.50,4051320.75,2428.92,1391,2060,618.6,0.163,1,stable
733331.50,4051320.75,2428.85,1392,2060,619.6,0.163,1,stable
733327.50,4051319.75,2427.33,1393,2071,615.5,0.162,1,stable
733328.50,4051319.75,2427.95,1394,2067,616.5,0.162,1,stable
733329.50,4051319.75,2428.43,1396,2063,617.4,0.162,1,stable
733330.50,4051319.75,2428.74,1397,2061,618.4,0.162,1,stable
733331.50,4051319.75,2429.11,1399,2058,619.3,0.163,1,stable
733327.50,4051318.75,2427.00,1399,2073,615.3,0.162,1,stable
733328.50,4051318.75,2427.49,1401,2070,616.3,0.162,1,stable
733330.50,4051318.75,2428.83,1404,2060,618.1,0.162,1,stable
733323.50,4051317.75,2425.23,1399,2086,611.3,0.161,1,stable
733327.50,4051317.75,2427.00,1406,2073,615.1,0.162,1,stable
733328.50,4051317.75,2427.49,1407,2070,616.0,0.162,1,stable
733329.50,4051317.75,2428.16,1409,2065,617.0,0.162,1,stable
733331.50,4051317.75,2429.31,1412,2057,618.8,0.163,1,stable
733332.50,4051317.75,2430.57,1413,2049,619.8,0.163,1,stable
733323.50,4051316.75,2425.01,1406,2088,611.1,0.161,1,stable
733326.50,4051316.75,2426.24,1411,2078,613.9,0.161,1,stable
733327.50,4051316.75,2426.80,1412,2074,614.8,0.162,1,stable
733328.50,4051316.75,2427.17,1414,2072,615.8,0.162,1,stable
733332.50,4051316.75,2430.57,1420,2049,619.5,0.163,1,stable
733322.50,4051315.75,2424.36,1411,2092,609.9,0.160,1,stable
733326.50,4051315.75,2425.99,1417,2080,613.7,0.161,1,stable
733327.50,4051315.75,2426.49,1419,2076,614.6,0.162,1,stable
733332.50,4051315.75,2430.53,1427,2049,619.3,0.163,1,stable
733333.50,4051315.75,2431.03,1428,2045,620.2,0.163,1,stable
733325.50,4051314.75,2425.80,1423,2082,612.5,0.161,1,stable
733326.50,4051314.75,2425.80,1424,2081,613.5,0.161,1,stable
733327.50,4051314.75,2426.43,1426,2077,614.4,0.161,1,stable
733333.50,4051314.75,2430.88,1435,2046,620.0,0.163,1,stable
733334.50,4051314.75,2431.46,1436,2042,621.0,0.163,1,stable
733333.50,4051313.75,2430.85,1441,2047,619.8,0.163,1,stable
733337.50,4051312.75,2432.44,1454,2035,623.4,0.164,1,stable
733145.50,4051311.75,2386.74,1046,2537,443.5,0.117,1,stable
733146.50,4051311.75,2386.88,1049,2534,444.4,0.117,1,stable
733337.50,4051311.75,2432.31,1460,2036,623.1,0.164,1,stable
733142.50,4051310.75,2386.28,1046,2546,440.5,0.116,1,stable
733145.50,4051310.75,2386.78,1055,2537,443.2,0.116,1,stable
733146.50,4051310.75,2386.90,1058,2534,444.1,0.117,1,stable
733337.50,4051310.75,2432.19,1467,2037,622.9,0.164,1,stable
733338.50,4051310.75,2432.78,1468,2033,623.9,0.164,1,stable
733146.50,4051309.75,2386.83,1068,2534,443.8,0.117,1,stable
733157.50,4051309.75,2388.79,1101,2499,453.8,0.119,1,stable
733335.50,4051309.75,2430.49,1470,2048,620.8,0.163,1,stable
733338.50,4051309.75,2432.53,1475,2034,623.7,0.164,1,stable
733339.50,4051309.75,2432.89,1476,2032,624.6,0.164,1,stable
733340.50,4051309.75,2433.66,1477,2027,625.6,0.164,1,stable
733142.50,4051308.75,2385.70,1065,2551,439.9,0.116,1,stable
733143.50,4051308.75,2385.72,1068,2549,440.9,0.116,1,stable
733144.50,4051308.75,2386.12,1071,2544,441.7,0.116,1,stable
733145.50,4051308.75,2386.23,1074,2541,442.6,0.116,1,stable
733146.50,4051308.75,2386.36,1077,2539,443.6,0.117,1,stable
733147.50,4051308.75,2386.49,1081,2536,444.5,0.117,1,stable
733148.50,4051308.75,2386.61,1084,2533,445.4,0.117,1,stable
733149.50,4051308.75,2386.61,1087,2531,446.3,0.117,1,stable
733150.50,4051308.75,2386.62,1090,2530,447.3,0.118,1,stable
733152.50,4051308.75,2386.87,1096,2524,449.1,0.118,1,stable
733153.50,4051308.75,2386.92,1099,2522,450.0,0.118,1,stable
733338.50,4051308.75,2432.22,1481,2036,623.5,0.164,1,stable
733339.50,4051308.75,2432.70,1483,2033,624.4,0.164,1,stable
733148.50,4051307.75,2386.08,1093,2538,445.2,0.117,1,stable
733149.50,4051307.75,2386.18,1096,2535,446.1,0.117,1,stable
733150.50,4051307.75,2386.18,1099,2534,447.0,0.117,1,stable
733151.50,4051307.75,2386.32,1102,2531,447.9,0.118,1,stable
733152.50,4051307.75,2386.44,1105,2528,448.9,0.118,1,stable
733153.50,4051307.75,2386.65,1108,2525,449.8,0.118,1,stable
733155.50,4051307.75,2387.39,1114,2515,451.5,0.119,1,stable
733157.50,4051307.75,2387.60,1120,2510,453.4,0.119,1,stable
733158.50,4051307.75,2387.91,1123,2505,454.3,0.119,1,stable
733159.50,4051307.75,2388.28,1126,2501,455.2,0.120,1,stable
733164.50,4051307.75,2390.69,1139,2472,459.5,0.121,1,stable
733165.50,4051307.75,2391.01,1142,2468,460.4,0.121,1,stable
733180.50,4051307.75,2395.68,1182,2408,474.0,0.125,1,stable
733187.50,4051307.75,2397.52,1200,2384,480.4,0.126,1,stable
733188.50,4051307.75,2397.75,1203,2381,481.3,0.126,1,stable
733189.50,4051307.75,2398.30,1205,2375,482.2,0.127,1,stable
733190.50,4051307.75,2398.56,1208,2372,483.1,0.127,1,stable
733338.50,4051307.75,2432.15,1488,2037,623.2,0.164,1,stable
733339.50,4051307.75,2432.78,1489,2033,624.2,0.164,1,stable
733340.50,4051307.75,2433.28,1490,2029,625.1,0.164,1,stable
733341.50,4051307.75,2434.05,1492,2024,626.1,0.165,1,stable
733342.50,4051307.75,2434.05,1493,2024,627.1,0.165,1,stable
733146.50,4051306.75,2385.45,1097,2547,443.1,0.116,1,stable
733147.50,4051306.75,2385.58,1100,2544,444.0,0.117,1,stable
733148.50,4051306.75,2385.58,1103,2542,444.9,0.117,1,stable
733149.50,4051306.75,2385.66,1106,2540,445.9,0.117,1,stable
733150.50,4051306.75,2385.75,1109,2537,446.8,0.117,1,stable
733151.50,4051306.75,2385.80,1112,2535,447.7,0.118,1,stable
733152.50,4051306.75,2386.06,1115,2531,448.6,0.118,1,stable
733159.50,4051306.75,2387.96,1135,2503,454.9,0.120,1,stable
733160.50,4051306.75,2388.40,1138,2498,455.8,0.120,1,stable
733161.50,4051306.75,2388.97,1140,2491,456.6,0.120,1,stable
733174.50,4051306.75,2393.42,1176,2435,468.3,0.123,1,stable
733183.50,4051306.75,2396.23,1199,2399,476.4,0.125,1,stable
733184.50,4051306.75,2396.57,1201,2395,477.4,0.125,1,stable
733190.50,4051306.75,2398.44,1216,2373,482.8,0.127,1,stable
733193.50,4051306.75,2399.01,1224,2365,485.6,0.128,1,stable
733339.50,4051306.75,2432.92,1495,2032,624.0,0.164,1,stable
733340.50,4051306.75,2433.39,1497,2028,624.9,0.164,1,stable
733342.50,4051306.75,2433.94,1500,2024,626.8,0.165,1,stable
733343.50,4051306.75,2434.48,1501,2021,627.8,0.165,1,stable
733145.50,4051305.75,2384.84,1103,2554,442.0,0.116,1,stable
733146.50,4051305.75,2385.04,1106,2550,442.9,0.116,1,stable
733160.50,4051305.75,2388.05,1147,2501,455.5,0.120,1,stable
733161.50,4051305.75,2388.56,1150,2495,456.4,0.120,1,stable
733165.50,4051305.75,2390.43,1160,2473,459.9,0.121,1,stable
733166.50,4051305.75,2390.43,1163,2471,460.9,0.121,1,stable
733168.50,4051305.75,2391.54,1169,2459,462.6,0.122,1,stable
733187.50,4051305.75,2397.22,1218,2386,479.8,0.126,1,stable
733189.50,4051305.75,2398.01,1222,2377,481.6,0.127,1,stable
733190.50,4051305.75,2398.26,1225,2374,482.6,0.127,1,stable
733191.50,4051305.75,2398.53,1227,2371,483.5,0.127,1,stable
733192.50,4051305.75,2398.53,1230,2370,484.4,0.127,1,stable
733193.50,4051305.75,2398.80,1232,2366,485.4,0.128,1,stable
733194.50,4051305.75,2399.11,1235,2363,486.3,0.128,1,stable
733195.50,4051305.75,2399.55,1237,2358,487.2,0.128,1,stable
733196.50,4051305.75,2399.96,1239,2354,488.1,0.128,1,stable
733339.50,4051305.75,2432.90,1502,2032,623.7,0.164,1,stable
733340.50,4051305.75,2433.39,1503,2028,624.7,0.164,1,stable
733342.50,4051305.75,2433.86,1506,2025,626.6,0.165,1,stable
733343.50,4051305.75,2434.40,1508,2021,627.6,0.165,1,stable
733557.50,4051305.75,2524.48,1727,1562,840.0,0.221,1,stable
733558.50,4051305.75,2524.58,1728,1562,841.0,0.221,1,stable
733160.50,4051304.75,2387.62,1156,2505,455.3,0.120,1,stable
733161.50,4051304.75,2388.16,1159,2498,456.2,0.120,1,stable
733162.50,4051304.75,2388.71,1162,2492,457.0,0.120,1,stable
733163.50,4051304.75,2389.17,1164,2487,457.9,0.120,1,stable
733165.50,4051304.75,2390.03,1170,2476,459.7,0.121,1,stable
733166.50,4051304.75,2390.03,1172,2475,460.6,0.121,1,stable
733167.50,4051304.75,2390.66,1175,2468,461.5,0.121,1,stable
733168.50,4051304.75,2391.03,1178,2463,462.4,0.121,1,stable
733169.50,4051304.75,2391.50,1180,2458,463.2,0.122,1,stable
733170.50,4051304.75,2391.84,1183,2453,464.1,0.122,1,stable
733177.50,4051304.75,2393.68,1201,2428,470.5,0.124,1,stable
733179.50,4051304.75,2394.38,1206,2420,472.3,0.124,1,stable
733180.50,4051304.75,2394.83,1209,2415,473.2,0.124,1,stable
733189.50,4051304.75,2397.73,1231,2380,481.4,0.126,1,stable
733190.50,4051304.75,2397.98,1234,2376,482.3,0.127,1,stable
733191.50,4051304.75,2398.22,1236,2373,483.2,0.127,1,stable
733192.50,4051304.75,2398.22,1238,2372,484.2,0.127,1,stable
733193.50,4051304.75,2398.48,1241,2369,485.1,0.127,1,stable
733194.50,4051304.75,2398.75,1243,2366,486.0,0.128,1,stable
733195.50,4051304.75,2399.14,1246,2361,486.9,0.128,1,stable
733342.50,4051304.75,2433.96,1513,2024,626.4,0.165,1,stable
733343.50,4051304.75,2434.54,1514,2020,627.4,0.165,1,stable
733344.50,4051304.75,2435.85,1515,2012,628.3,0.165,1,stable
733471.50,4051304.75,2491.30,1659,1699,753.2,0.198,1,stable
733472.50,4051304.75,2492.14,1660,1695,754.2,0.198,1,stable
733551.50,4051304.75,2522.46,1727,1569,833.8,0.219,1,stable
733552.50,4051304.75,2522.84,1728,1568,834.8,0.219,1,stable
733553.50,4051304.75,2522.84,1729,1568,835.8,0.220,1,stable
733557.50,4051304.75,2524.23,1732,1563,839.9,0.221,1,stable
733165.50,4051303.75,2389.58,1179,2480,459.4,0.121,1,stable
733166.50,4051303.75,2389.58,1181,2479,460.4,0.121,1,stable
733167.50,4051303.75,2390.27,1184,2471,461.2,0.121,1,stable
733168.50,4051303.75,2390.62,1187,2467,462.1,0.121,1,stable
733169.50,4051303.75,2390.89,1189,2463,463.0,0.122,1,stable
733170.50,4051303.75,2391.28,1192,2458,463.9,0.122,1,stable
733171.50,4051303.75,2391.53,1195,2455,464.8,0.122,1,stable
733178.50,4051303.75,2393.79,1213,2426,471.2,0.124,1,stable
733179.50,4051303.75,2394.38,1215,2420,472.0,0.124,1,stable
733191.50,4051303.75,2397.90,1245,2376,483.0,0.127,1,stable
733194.50,4051303.75,2398.46,1252,2368,485.8,0.128,1,stable
733195.50,4051303.75,2398.81,1254,2364,486.7,0.128,1,stable
733196.50,4051303.75,2399.23,1256,2360,487.6,0.128,1,stable
733344.50,4051303.75,2436.00,1522,2011,628.1,0.165,1,stable
733469.50,4051303.75,2489.94,1662,1706,751.0,0.197,1,stable
733470.50,4051303.75,2490.66,1663,1702,752.0,0.198,1,stable
733471.50,4051303.75,2491.49,1664,1698,753.1,0.198,1,stable
733472.50,4051303.75,2492.14,1665,1695,754.1,0.198,1,stable
733473.50,4051303.75,2492.75,1666,1692,755.1,0.198,1,stable
733166.50,4051302.75,2389.05,1191,2483,460.2,0.121,1,stable
733167.50,4051302.75,2389.67,1193,2476,461.0,0.121,1,stable
733168.50,4051302.75,2389.97,1196,2472,461.9,0.121,1,stable
733169.50,4051302.75,2390.39,1198,2467,462.8,0.122,1,stable
733170.50,4051302.75,2390.71,1201,2463,463.7,0.122,1,stable
733171.50,4051302.75,2390.94,1204,2460,464.6,0.122,1,stable
733172.50,4051302.75,2391.17,1206,2456,465.6,0.122,1,stable
733176.50,4051302.75,2392.19,1217,2442,469.2,0.123,1,stable
733177.50,4051302.75,2392.75,1219,2436,470.1,0.124,1,stable
733179.50,4051302.75,2393.98,1224,2423,471.8,0.124,1,stable
733180.50,4051302.75,2394.37,1226,2418,472.7,0.124,1,stable
733188.50,4051302.75,2396.20,1246,2393,480.1,0.126,1,stable
733189.50,4051302.75,2396.94,1248,2386,480.9,0.126,1,stable
733191.50,4051302.75,2397.61,1253,2378,482.8,0.127,1,stable
733192.50,4051302.75,2397.61,1256,2377,483.7,0.127,1,stable
733193.50,4051302.75,2397.90,1258,2374,484.6,0.127,1,stable
733195.50,4051302.75,2398.47,1263,2367,486.5,0.128,1,stable
733470.50,4051302.75,2490.91,1669,1701,751.9,0.198,1,stable
733471.50,4051302.75,2491.60,1670,1697,752.9,0.198,1,stable
733473.50,4051302.75,2492.97,1671,1691,754.9,0.198,1,stable
733547.50,4051302.75,2520.52,1734,1577,829.4,0.218,1,stable
733164.50,4051301.75,2388.65,1194,2489,458.1,0.120,1,stable
733165.50,4051301.75,2389.05,1197,2484,459.0,0.121,1,stable
733169.50,4051301.75,2390.39,1207,2467,462.5,0.122,1,stable
733170.50,4051301.75,2390.71,1210,2463,463.4,0.122,1,stable
733171.50,4051301.75,2390.94,1213,2460,464.4,0.122,1,stable
733172.50,4051301.75,2391.17,1215,2456,465.3,0.122,1,stable
733173.50,4051301.75,2391.57,1218,2451,466.2,0.122,1,stable
733180.50,4051301.75,2394.37,1235,2418,472.4,0.124,1,stable
733181.50,4051301.75,2394.72,1238,2414,473.3,0.124,1,stable
733188.50,4051301.75,2396.20,1255,2393,479.8,0.126,1,stable
733189.50,4051301.75,2396.94,1257,2386,480.7,0.126,1,stable
733191.50,4051301.75,2397.61,1262,2378,482.5,0.127,1,stable
733194.50,4051301.75,2398.18,1269,2370,485.3,0.128,1,stable
733195.50,4051301.75,2398.47,1271,2367,486.2,0.128,1,stable
733196.50,4051301.75,2398.84,1273,2363,487.1,0.128,1,stable
733202.50,4051301.75,2401.50,1287,2335,492.5,0.129,1,stable
733471.50,4051301.75,2491.60,1675,1697,752.7,0.198,1,stable
733472.50,4051301.75,2492.28,1676,1694,753.7,0.198,1,stable
733547.50,4051301.75,2520.52,1738,1577,829.3,0.218,1,stable
733171.50,4051300.75,2390.26,1222,2465,464.2,0.122,1,stable
733175.50,4051300.75,2391.24,1232,2451,467.8,0.123,1,stable
733185.50,4051300.75,2395.26,1256,2405,476.8,0.125,1,stable
733188.50,4051300.75,2396.20,1263,2393,479.5,0.126,1,stable
733195.50,4051300.75,2398.23,1280,2369,486.0,0.128,1,stable
733197.50,4051300.75,2398.93,1284,2361,487.8,0.128,1,stable
733198.50,4051300.75,2399.48,1286,2355,488.7,0.128,1,stable
733349.50,4051300.75,2438.38,1547,1995,632.3,0.166,1,stable
733472.50,4051300.75,2492.49,1681,1693,753.6,0.198,1,stable
733173.50,4051299.75,2390.62,1236,2459,465.7,0.122,1,stable
733174.50,4051299.75,2390.62,1238,2458,466.7,0.123,1,stable
733175.50,4051299.75,2390.83,1241,2455,467.6,0.123,1,stable
733180.50,4051299.75,2393.61,1253,2425,472.0,0.124,1,stable
733195.50,4051299.75,2397.91,1288,2371,485.7,0.128,1,stable
733196.50,4051299.75,2398.27,1290,2367,486.7,0.128,1,stable
733197.50,4051299.75,2398.68,1293,2363,487.6,0.128,1,stable
733202.50,4051299.75,2401.04,1304,2338,492.1,0.129,1,stable
733203.50,4051299.75,2401.41,1306,2334,493.0,0.130,1,stable
733204.50,4051299.75,2401.64,1308,2331,493.9,0.130,1,stable
733348.50,4051299.75,2437.53,1552,2000,631.1,0.166,1,stable
733350.50,4051299.75,2438.25,1555,1996,633.0,0.166,1,stable
733351.50,4051299.75,2438.78,1556,1992,634.0,0.167,1,stable
733181.50,4051298.75,2393.24,1264,2427,472.7,0.124,1,stable
733182.50,4051298.75,2393.24,1267,2425,473.7,0.124,1,stable
733196.50,4051298.75,2397.63,1299,2372,486.5,0.128,1,stable
733197.50,4051298.75,2398.07,1301,2368,487.4,0.128,1,stable
733198.50,4051298.75,2398.58,1303,2362,488.3,0.128,1,stable
733202.50,4051298.75,2400.24,1312,2345,491.9,0.129,1,stable
733203.50,4051298.75,2400.60,1314,2341,492.8,0.129,1,stable
733204.50,4051298.75,2401.04,1317,2336,493.7,0.130,1,stable
733352.50,4051298.75,2439.40,1564,1988,634.8,0.167,1,stable
733178.50,4051297.75,2389.93,1266,2458,470.1,0.124,1,stable
733179.50,4051297.75,2391.05,1268,2448,470.9,0.124,1,stable
733180.50,4051297.75,2391.77,1271,2440,471.7,0.124,1,stable
733181.50,4051297.75,2392.02,1273,2437,472.6,0.124,1,stable
733190.50,4051297.75,2395.56,1294,2396,480.7,0.126,1,stable
733191.50,4051297.75,2395.56,1296,2395,481.7,0.127,1,stable
733192.50,4051297.75,2395.81,1299,2392,482.6,0.127,1,stable
733197.50,4051297.75,2398.07,1310,2368,487.1,0.128,1,stable
733199.50,4051297.75,2398.71,1314,2360,489.0,0.128,1,stable
733200.50,4051297.75,2399.31,1316,2354,489.8,0.129,1,stable
733201.50,4051297.75,2399.53,1318,2351,490.8,0.129,1,stable
733202.50,4051297.75,2399.85,1321,2348,491.7,0.129,1,stable
733203.50,4051297.75,2400.19,1323,2344,492.6,0.129,1,stable
733204.50,4051297.75,2400.49,1325,2341,493.5,0.130,1,stable
733352.50,4051297.75,2439.26,1570,1989,634.6,0.167,1,stable
733178.50,4051296.75,2389.39,1275,2463,469.9,0.123,1,stable
733179.50,4051296.75,2390.29,1277,2454,470.7,0.124,1,stable
733180.50,4051296.75,2391.22,1279,2445,471.5,0.124,1,stable
733189.50,4051296.75,2394.81,1300,2403,479.6,0.126,1,stable
733190.50,4051296.75,2395.17,1303,2399,480.5,0.126,1,stable
733191.50,4051296.75,2395.17,1305,2398,481.5,0.127,1,stable
733199.50,4051296.75,2398.71,1322,2360,488.7,0.128,1,stable
733200.50,4051296.75,2399.31,1325,2354,489.6,0.129,1,stable
733201.50,4051296.75,2399.53,1327,2351,490.5,0.129,1,stable
733202.50,4051296.75,2399.85,1329,2348,491.4,0.129,1,stable
733203.50,4051296.75,2399.76,1331,2348,492.4,0.129,1,stable
733211.50,4051296.75,2402.38,1348,2319,499.8,0.131,1,stable
733351.50,4051296.75,2438.00,1575,1997,633.4,0.166,1,stable
733180.50,4051295.75,2390.68,1288,2449,471.3,0.124,1,stable
733181.50,4051295.75,2390.68,1291,2448,472.3,0.124,1,stable
733189.50,4051295.75,2394.33,1309,2407,479.4,0.126,1,stable
733203.50,4051295.75,2399.76,1340,2347,492.1,0.129,1,stable
733204.50,4051295.75,2399.99,1342,2345,493.1,0.130,1,stable
733212.50,4051295.75,2402.24,1358,2319,500.5,0.132,1,stable
733203.50,4051294.75,2399.25,1348,2352,492.0,0.129,1,stable
733205.50,4051294.75,2399.85,1352,2345,493.8,0.130,1,stable
733206.50,4051294.75,2400.18,1354,2341,494.7,0.130,1,stable
733207.50,4051294.75,2400.49,1356,2338,495.7,0.130,1,stable
733208.50,4051294.75,2400.49,1358,2337,496.6,0.130,1,stable
733210.50,4051294.75,2401.23,1363,2329,498.5,0.131,1,stable
733211.50,4051294.75,2401.53,1365,2325,499.4,0.131,1,stable
733212.50,4051294.75,2401.89,1367,2322,500.3,0.131,1,stable
733213.50,4051294.75,2402.20,1369,2318,501.2,0.132,1,stable
733214.50,4051292.75,2402.09,1387,2318,501.7,0.132,1,stable
733215.50,4051292.75,2402.49,1389,2314,502.6,0.132,1,stable
733216.50,4051292.75,2402.49,1391,2313,503.6,0.132,1,stable
733219.50,4051292.75,2403.44,1397,2303,506.4,0.133,1,stable
733214.50,4051291.75,2401.87,1395,2320,501.5,0.132,1,stable
733215.50,4051291.75,2402.32,1397,2315,502.4,0.132,1,stable
733216.50,4051291.75,2402.32,1399,2314,503.4,0.132,1,stable
733217.50,4051291.75,2402.65,1401,2311,504.3,0.133,1,stable
733219.50,4051291.75,2403.44,1405,2303,506.2,0.133,1,stable
733220.50,4051291.75,2403.94,1407,2298,507.1,0.133,1,stable
733360.50,4051291.75,2443.38,1618,1962,641.1,0.168,1,stable
733361.50,4051291.75,2443.77,1619,1960,642.1,0.169,1,stable
733216.50,4051290.75,2401.96,1407,2317,503.2,0.132,1,stable
733217.50,4051290.75,2402.38,1409,2313,504.1,0.132,1,stable
733218.50,4051290.75,2402.66,1411,2310,505.0,0.133,1,stable
733219.50,4051290.75,2402.94,1413,2307,506.0,0.133,1,stable
733220.50,4051290.75,2403.50,1415,2301,506.9,0.133,1,stable
733221.50,4051290.75,2404.44,1417,2293,507.7,0.133,1,stable
733353.50,4051290.75,2437.11,1616,2002,634.3,0.167,1,stable
733360.50,4051290.75,2443.46,1624,1962,641.0,0.168,1,stable
733361.50,4051290.75,2443.93,1625,1959,641.9,0.169,1,stable
733362.50,4051290.75,2444.22,1626,1957,642.9,0.169,1,stable
733363.50,4051290.75,2444.60,1627,1954,643.9,0.169,1,stable
733364.50,4051290.75,2444.89,1628,1952,644.9,0.169,1,stable
733195.50,4051289.75,2394.98,1373,2395,483.6,0.127,1,stable
733215.50,4051289.75,2401.95,1413,2318,502.0,0.132,1,stable
733216.50,4051289.75,2401.95,1415,2317,502.9,0.132,1,stable
733217.50,4051289.75,2402.22,1417,2314,503.9,0.132,1,stable
733218.50,4051289.75,2402.40,1419,2312,504.8,0.133,1,stable
733219.50,4051289.75,2402.68,1421,2309,505.8,0.133,1,stable
733220.50,4051289.75,2403.19,1423,2304,506.7,0.133,1,stable
733221.50,4051289.75,2404.21,1425,2295,507.5,0.133,1,stable
733362.50,4051289.75,2444.21,1632,1957,642.7,0.169,1,stable
733363.50,4051289.75,2444.61,1634,1954,643.7,0.169,1,stable
733195.50,4051288.75,2394.68,1382,2397,483.4,0.127,1,stable
733196.50,4051288.75,2395.04,1384,2393,484.3,0.127,1,stable
733218.50,4051288.75,2402.14,1427,2314,504.6,0.133,1,stable
733232.50,4051288.75,2408.85,1453,2250,517.5,0.136,1,stable
733362.50,4051288.75,2444.24,1639,1957,642.5,0.169,1,stable
733363.50,4051288.75,2444.56,1640,1955,643.5,0.169,1,stable
733364.50,4051288.75,2444.93,1641,1952,644.5,0.169,1,stable
733195.50,4051287.75,2394.07,1390,2402,483.2,0.127,1,stable
733196.50,4051287.75,2394.49,1392,2397,484.1,0.127,1,stable
733221.50,4051287.75,2403.63,1441,2299,507.1,0.133,1,stable
733230.50,4051287.75,2408.12,1457,2257,515.4,0.135,1,stable
733231.50,4051287.75,2408.32,1459,2255,516.3,0.136,1,stable
733362.50,4051287.75,2444.33,1645,1956,642.3,0.169,1,stable
733363.50,4051287.75,2444.58,1646,1955,643.3,0.169,1,stable
733364.50,4051287.75,2444.84,1647,1953,644.3,0.169,1,stable
733365.50,4051287.75,2444.84,1648,1953,645.3,0.170,1,stable
733366.50,4051287.75,2445.63,1649,1948,646.3,0.170,1,stable
733412.50,4051287.75,2462.54,1697,1847,691.4,0.182,1,stable
733195.50,4051286.75,2393.76,1399,2405,483.0,0.127,1,stable
733196.50,4051286.75,2394.32,1401,2399,483.9,0.127,1,stable
733231.50,4051286.75,2408.39,1467,2254,516.1,0.136,1,stable
733362.50,4051286.75,2444.28,1651,1956,642.2,0.169,1,stable
733363.50,4051286.75,2444.46,1652,1955,643.1,0.169,1,stable
733364.50,4051286.75,2444.58,1653,1954,644.1,0.169,1,stable
733365.50,4051286.75,2444.58,1654,1954,645.1,0.170,1,stable
733366.50,4051286.75,2445.49,1656,1949,646.1,0.170,1,stable
733194.50,4051285.75,2393.00,1405,2412,481.9,0.127,1,stable
733364.50,4051285.75,2444.22,1660,1957,644.0,0.169,1,stable
733366.50,4051285.75,2445.38,1662,1949,645.9,0.170,1,stable
733221.50,4051284.75,2403.10,1465,2303,506.5,0.133,1,stable
733237.50,4051284.75,2409.80,1493,2239,521.3,0.137,1,stable
733256.50,4051284.75,2411.24,1524,2215,539.7,0.142,1,stable
733366.50,4051284.75,2445.35,1668,1949,645.7,0.170,1,stable
733367.50,4051284.75,2445.93,1669,1946,646.7,0.170,1,stable
733222.50,4051283.75,2403.45,1475,2300,507.2,0.133,1,stable
733223.50,4051283.75,2403.95,1476,2295,508.1,0.134,1,stable
733255.50,4051283.75,2411.30,1530,2215,538.5,0.142,1,stable
733358.50,4051283.75,2440.89,1666,1978,637.8,0.168,1,stable
733359.50,4051283.75,2441.61,1667,1973,638.7,0.168,1,stable
733366.50,4051283.75,2445.28,1674,1950,645.5,0.170,1,stable
733367.50,4051283.75,2445.85,1675,1946,646.5,0.170,1,stable
733196.50,4051282.75,2393.18,1435,2408,483.1,0.127,1,stable
733222.50,4051282.75,2403.32,1483,2301,507.0,0.133,1,stable
733223.50,4051282.75,2403.82,1484,2296,507.9,0.133,1,stable
733360.50,4051282.75,2441.88,1674,1971,639.5,0.168,1,stable
733361.50,4051282.75,2442.36,1675,1968,640.5,0.168,1,stable
733365.50,4051282.75,2444.21,1679,1957,644.4,0.169,1,stable
733366.50,4051282.75,2445.11,1680,1951,645.4,0.170,1,stable
733367.50,4051282.75,2445.71,1681,1947,646.4,0.170,1,stable
733368.50,4051282.75,2446.25,1682,1944,647.3,0.170,1,stable
733411.50,4051282.75,2463.12,1725,1844,689.6,0.181,1,stable
733412.50,4051282.75,2463.63,1726,1841,690.6,0.181,1,stable
733413.50,4051282.75,2464.10,1727,1838,691.6,0.182,1,stable
733196.50,4051281.75,2392.85,1443,2411,482.9,0.127,1,stable
733198.50,4051281.75,2393.33,1447,2404,484.8,0.127,1,stable
733220.50,4051281.75,2401.67,1487,2315,505.0,0.133,1,stable
733221.50,4051281.75,2402.65,1489,2307,505.9,0.133,1,stable
733222.50,4051281.75,2403.13,1491,2302,506.8,0.133,1,stable
733223.50,4051281.75,2403.65,1492,2297,507.7,0.133,1,stable
733224.50,4051281.75,2404.10,1494,2293,508.6,0.134,1,stable
733238.50,4051281.75,2409.65,1518,2239,521.7,0.137,1,stable
733358.50,4051281.75,2440.51,1678,1980,637.4,0.167,1,stable
733359.50,4051281.75,2441.11,1679,1976,638.4,0.168,1,stable
733360.50,4051281.75,2441.50,1680,1974,639.4,0.168,1,stable
733361.50,4051281.75,2441.99,1681,1971,640.4,0.168,1,stable
733362.50,4051281.75,2442.55,1682,1967,641.3,0.169,1,stable
733363.50,4051281.75,2443.30,1683,1962,642.3,0.169,1,stable
733365.50,4051281.75,2444.04,1685,1958,644.2,0.169,1,stable
733366.50,4051281.75,2444.78,1686,1953,645.2,0.170,1,stable
733367.50,4051281.75,2445.54,1688,1948,646.2,0.170,1,stable
733368.50,4051281.75,2446.06,1689,1945,647.2,0.170,1,stable
733369.50,4051281.75,2446.34,1690,1943,648.1,0.170,1,stable
733370.50,4051281.75,2446.39,1691,1943,649.1,0.171,1,stable
733411.50,4051281.75,2463.08,1731,1844,689.5,0.181,1,stable
733413.50,4051281.75,2464.21,1732,1838,691.5,0.182,1,stable
733196.50,4051280.75,2392.52,1452,2413,482.7,0.127,1,stable
733197.50,4051280.75,2392.52,1454,2412,483.7,0.127,1,stable
733198.50,4051280.75,2392.96,1456,2407,484.6,0.127,1,stable
733221.50,4051280.75,2402.37,1497,2309,505.7,0.133,1,stable
733222.50,4051280.75,2402.90,1499,2304,506.6,0.133,1,stable
733223.50,4051280.75,2403.45,1500,2299,507.5,0.133,1,stable
733224.50,4051280.75,2403.80,1502,2295,508.5,0.134,1,stable
733225.50,4051280.75,2404.14,1504,2292,509.4,0.134,1,stable
733239.50,4051280.75,2409.70,1527,2238,522.4,0.137,1,stable
733359.50,4051280.75,2440.54,1685,1980,638.2,0.168,1,stable
733361.50,4051280.75,2441.44,1688,1974,640.2,0.168,1,stable
733362.50,4051280.75,2442.05,1689,1970,641.2,0.168,1,stable
733363.50,4051280.75,2442.54,1690,1967,642.1,0.169,1,stable
733364.50,4051280.75,2442.54,1691,1967,643.1,0.169,1,stable
733365.50,4051280.75,2443.32,1692,1962,644.1,0.169,1,stable
733366.50,4051280.75,2444.12,1693,1957,645.1,0.170,1,stable
733367.50,4051280.75,2444.76,1694,1953,646.0,0.170,1,stable
733368.50,4051280.75,2445.33,1695,1949,647.0,0.170,1,stable
733369.50,4051280.75,2445.84,1696,1946,648.0,0.170,1,stable
733370.50,4051280.75,2446.23,1697,1944,649.0,0.171,1,stable
733412.50,4051280.75,2463.53,1737,1842,690.3,0.181,1,stable
733413.50,4051280.75,2464.20,1738,1838,691.3,0.182,1,stable
733414.50,4051280.75,2464.84,1739,1834,692.3,0.182,1,stable
733415.50,4051280.75,2465.43,1740,1831,693.3,0.182,1,stable
733198.50,4051279.75,2392.69,1464,2409,484.4,0.127,1,stable
733221.50,4051279.75,2402.10,1505,2311,505.5,0.133,1,stable
733222.50,4051279.75,2402.61,1507,2306,506.4,0.133,1,stable
733223.50,4051279.75,2403.15,1508,2301,507.3,0.133,1,stable
733224.50,4051279.75,2403.52,1510,2297,508.3,0.134,1,stable
733225.50,4051279.75,2403.79,1512,2294,509.2,0.134,1,stable
733226.50,4051279.75,2404.09,1514,2291,510.2,0.134,1,stable
733227.50,4051279.75,2404.45,1515,2287,511.1,0.134,1,stable
733231.50,4051279.75,2405.88,1522,2273,514.8,0.135,1,stable
733232.50,4051279.75,2406.24,1524,2270,515.8,0.136,1,stable
733233.50,4051279.75,2406.79,1525,2265,516.7,0.136,1,stable
733238.50,4051279.75,2409.01,1533,2244,521.3,0.137,1,stable
733239.50,4051279.75,2409.33,1535,2241,522.3,0.137,1,stable
733240.50,4051279.75,2409.33,1536,2240,523.2,0.137,1,stable
733361.50,4051279.75,2440.84,1694,1978,640.0,0.168,1,stable
733362.50,4051279.75,2441.39,1695,1974,641.0,0.168,1,stable
733363.50,4051279.75,2441.39,1696,1974,642.0,0.169,1,stable
733364.50,4051279.75,2441.89,1697,1971,643.0,0.169,1,stable
733365.50,4051279.75,2442.47,1698,1967,643.9,0.169,1,stable
733367.50,4051279.75,2444.47,1700,1955,645.9,0.170,1,stable
733368.50,4051279.75,2445.05,1701,1951,646.8,0.170,1,stable
733369.50,4051279.75,2445.57,1702,1948,647.8,0.170,1,stable
733370.50,4051279.75,2446.06,1703,1945,648.8,0.170,1,stable
733371.50,4051279.75,2446.32,1704,1943,649.8,0.171,1,stable
733413.50,4051279.75,2463.94,1744,1839,691.1,0.182,1,stable
733416.50,4051279.75,2465.50,1747,1831,694.1,0.182,1,stable
733417.50,4051279.75,2465.82,1747,1829,695.1,0.183,1,stable
733425.50,4051279.75,2470.28,1754,1805,703.1,0.185,1,stable
733198.50,4051278.75,2392.39,1472,2412,484.2,0.127,1,stable
733226.50,4051278.75,2403.71,1522,2294,510.0,0.134,1,stable
733227.50,4051278.75,2404.11,1523,2290,510.9,0.134,1,stable
733228.50,4051278.75,2404.61,1525,2285,511.8,0.134,1,stable
733229.50,4051278.75,2405.03,1526,2281,512.8,0.135,1,stable
733230.50,4051278.75,2405.39,1528,2278,513.7,0.135,1,stable
733231.50,4051278.75,2405.39,1530,2277,514.7,0.135,1,stable
733232.50,4051278.75,2405.70,1531,2274,515.6,0.135,1,stable
733233.50,4051278.75,2406.30,1533,2268,516.5,0.136,1,stable
733234.50,4051278.75,2406.77,1535,2264,517.4,0.136,1,stable
733235.50,4051278.75,2407.35,1536,2259,518.4,0.136,1,stable
733236.50,4051278.75,2407.79,1538,2255,519.3,0.136,1,stable
733237.50,4051278.75,2408.25,1539,2251,520.2,0.137,1,stable
733238.50,4051278.75,2408.72,1541,2246,521.1,0.137,1,stable
733239.50,4051278.75,2409.02,1543,2243,522.1,0.137,1,stable
733240.50,4051278.75,2409.02,1544,2242,523.1,0.137,1,stable
733361.50,4051278.75,2440.41,1700,1980,639.9,0.168,1,stable
733362.50,4051278.75,2440.98,1701,1977,640.9,0.168,1,stable
733363.50,4051278.75,2440.98,1702,1976,641.8,0.169,1,stable
733364.50,4051278.75,2441.48,1703,1973,642.8,0.169,1,stable
733365.50,4051278.75,2442.01,1704,1970,643.8,0.169,1,stable
733367.50,4051278.75,2443.95,1706,1958,645.7,0.170,1,stable
733368.50,4051278.75,2444.55,1707,1954,646.7,0.170,1,stable
733369.50,4051278.75,2445.16,1708,1950,647.7,0.170,1,stable
733370.50,4051278.75,2445.75,1709,1947,648.6,0.170,1,stable
733227.50,4051277.75,2403.19,1531,2297,510.8,0.134,1,stable
733228.50,4051277.75,2403.59,1533,2293,511.7,0.134,1,stable
733229.50,4051277.75,2403.99,1534,2289,512.7,0.135,1,stable
733230.50,4051277.75,2404.38,1536,2285,513.6,0.135,1,stable
733231.50,4051277.75,2404.38,1538,2285,514.6,0.135,1,stable
733232.50,4051277.75,2404.90,1539,2280,515.5,0.135,1,stable
733233.50,4051277.75,2405.65,1541,2273,516.4,0.136,1,stable
733234.50,4051277.75,2406.09,1542,2269,517.3,0.136,1,stable
733235.50,4051277.75,2406.58,1544,2265,518.2,0.136,1,stable
733236.50,4051277.75,2406.86,1546,2262,519.2,0.136,1,stable
733237.50,4051277.75,2407.15,1547,2259,520.1,0.137,1,stable
733238.50,4051277.75,2407.41,1549,2256,521.1,0.137,1,stable
733239.50,4051277.75,2407.80,1550,2252,522.0,0.137,1,stable
733240.50,4051277.75,2407.80,1552,2252,523.0,0.137,1,stable
733241.50,4051277.75,2408.35,1554,2247,523.9,0.138,1,stable
733257.50,4051277.75,2413.01,1578,2201,539.1,0.142,1,stable
733258.50,4051277.75,2413.01,1579,2201,540.1,0.142,1,stable
733259.50,4051277.75,2412.86,1581,2201,541.1,0.142,1,stable
733260.50,4051277.75,2412.97,1582,2200,542.0,0.142,1,stable
733261.50,4051277.75,2413.08,1584,2198,543.0,0.143,1,stable
733359.50,4051277.75,2439.43,1704,1987,637.8,0.168,1,stable
733362.50,4051277.75,2440.98,1707,1977,640.7,0.168,1,stable
733363.50,4051277.75,2440.98,1708,1976,641.7,0.169,1,stable
733364.50,4051277.75,2441.48,1709,1973,642.6,0.169,1,stable
733365.50,4051277.75,2441.49,1710,1973,643.6,0.169,1,stable
733366.50,4051277.75,2442.76,1711,1965,644.6,0.169,1,stable
733367.50,4051277.75,2443.13,1712,1963,645.6,0.170,1,stable
733371.50,4051277.75,2446.02,1716,1945,649.4,0.171,1,stable
733418.50,4051277.75,2465.75,1760,1829,695.8,0.183,1,stable
733428.50,4051277.75,2471.63,1768,1797,705.8,0.185,1,stable
733429.50,4051277.75,2472.09,1769,1795,706.8,0.186,1,stable
733430.50,4051277.75,2472.59,1770,1792,707.7,0.186,1,stable
733431.50,4051277.75,2473.08,1771,1790,708.7,0.186,1,stable
733231.50,4051276.75,2403.74,1546,2289,514.4,0.135,1,stable
733232.50,4051276.75,2404.25,1547,2285,515.3,0.135,1,stable
733233.50,4051276.75,2404.98,1549,2278,516.2,0.136,1,stable
733236.50,4051276.75,2406.44,1553,2265,519.0,0.136,1,stable
733237.50,4051276.75,2406.81,1555,2261,519.9,0.137,1,stable
733238.50,4051276.75,2407.11,1557,2258,520.9,0.137,1,stable
733239.50,4051276.75,2407.11,1558,2258,521.9,0.137,1,stable
733240.50,4051276.75,2407.43,1560,2254,522.8,0.137,1,stable
733241.50,4051276.75,2407.85,1561,2250,523.7,0.138,1,stable
733257.50,4051276.75,2413.27,1585,2200,538.9,0.142,1,stable
733259.50,4051276.75,2413.26,1588,2198,540.8,0.142,1,stable
733360.50,4051276.75,2439.28,1712,1987,638.6,0.168,1,stable
733361.50,4051276.75,2439.92,1713,1983,639.6,0.168,1,stable
733362.50,4051276.75,2440.67,1714,1979,640.5,0.168,1,stable
733364.50,4051276.75,2441.03,1716,1976,642.5,0.169,1,stable
733365.50,4051276.75,2441.49,1717,1973,643.5,0.169,1,stable
733366.50,4051276.75,2442.76,1718,1965,644.4,0.169,1,stable
733367.50,4051276.75,2443.13,1719,1963,645.4,0.170,1,stable
733368.50,4051276.75,2443.53,1720,1960,646.4,0.170,1,stable
733370.50,4051276.75,2445.13,1721,1950,648.3,0.170,1,stable
733371.50,4051276.75,2445.78,1722,1946,649.3,0.171,1,stable
733372.50,4051276.75,2445.78,1723,1946,650.3,0.171,1,stable
733426.50,4051276.75,2470.61,1772,1803,703.6,0.185,1,stable
733427.50,4051276.75,2471.18,1773,1800,704.6,0.185,1,stable
733429.50,4051276.75,2472.15,1775,1795,706.6,0.186,1,stable
733430.50,4051276.75,2472.61,1776,1792,707.6,0.186,1,stable
733431.50,4051276.75,2473.12,1776,1790,708.6,0.186,1,stable
733237.50,4051275.75,2406.46,1563,2264,519.8,0.137,1,stable
733242.50,4051275.75,2408.21,1571,2247,524.5,0.138,1,stable
733243.50,4051275.75,2408.42,1572,2245,525.4,0.138,1,stable
733253.50,4051275.75,2412.91,1587,2205,534.8,0.141,1,stable
733256.50,4051275.75,2413.46,1591,2199,537.7,0.141,1,stable
733362.50,4051275.75,2440.31,1720,1981,640.4,0.168,1,stable
733363.50,4051275.75,2440.31,1721,1981,641.4,0.169,1,stable
733364.50,4051275.75,2440.63,1722,1978,642.3,0.169,1,stable
733365.50,4051275.75,2441.03,1723,1976,643.3,0.169,1,stable
733366.50,4051275.75,2442.43,1724,1967,644.3,0.169,1,stable
733367.50,4051275.75,2442.93,1725,1964,645.2,0.170,1,stable
733371.50,4051275.75,2445.78,1729,1946,649.1,0.171,1,stable
733372.50,4051275.75,2445.48,1730,1948,650.1,0.171,1,stable
733430.50,4051275.75,2472.69,1781,1792,707.5,0.186,1,stable
733431.50,4051275.75,2473.26,1782,1789,708.5,0.186,1,stable
733230.50,4051274.75,2402.69,1560,2298,513.2,0.135,1,stable
733240.50,4051274.75,2406.72,1575,2260,522.5,0.137,1,stable
733241.50,4051274.75,2407.20,1577,2255,523.4,0.138,1,stable
733242.50,4051274.75,2407.67,1578,2251,524.3,0.138,1,stable
733364.50,4051274.75,2440.04,1728,1982,642.2,0.169,1,stable
733365.50,4051274.75,2440.57,1729,1979,643.2,0.169,1,stable
733366.50,4051274.75,2442.21,1730,1969,644.1,0.169,1,stable
733367.50,4051274.75,2442.66,1731,1966,645.1,0.170,1,stable
733372.50,4051274.75,2445.48,1736,1948,650.0,0.171,1,stable
733393.50,4051274.75,2453.77,1755,1897,670.6,0.176,1,stable
733432.50,4051274.75,2473.95,1788,1785,709.3,0.186,1,stable
733242.50,4051273.75,2407.38,1586,2253,524.2,0.138,1,stable
733243.50,4051273.75,2407.62,1587,2251,525.1,0.138,1,stable
733244.50,4051273.75,2408.70,1589,2242,526.0,0.138,1,stable
733245.50,4051273.75,2409.15,1590,2238,526.9,0.138,1,stable
733246.50,4051273.75,2409.60,1592,2234,527.9,0.139,1,stable
733247.50,4051273.75,2410.08,1593,2229,528.8,0.139,1,stable
733365.50,4051273.75,2440.16,1735,1981,643.0,0.169,1,stable
733373.50,4051273.75,2445.87,1743,1946,650.8,0.171,1,stable
733431.50,4051273.75,2473.59,1793,1787,708.2,0.186,1,stable
733432.50,4051273.75,2474.02,1794,1785,709.2,0.186,1,stable
733242.50,4051272.75,2406.89,1594,2257,524.0,0.138,1,stable
733243.50,4051272.75,2407.21,1595,2254,525.0,0.138,1,stable
733244.50,4051272.75,2408.27,1597,2245,525.8,0.138,1,stable
733245.50,4051272.75,2408.84,1598,2240,526.8,0.138,1,stable
733246.50,4051272.75,2409.32,1599,2236,527.7,0.139,1,stable
733247.50,4051272.75,2409.58,1601,2233,528.6,0.139,1,stable
733248.50,4051272.75,2409.58,1602,2232,529.6,0.139,1,stable
733368.50,4051272.75,2442.66,1744,1966,645.8,0.170,1,stable
733373.50,4051272.75,2445.62,1749,1947,650.6,0.171,1,stable
733374.50,4051272.75,2446.22,1750,1943,651.6,0.171,1,stable
733431.50,4051272.75,2473.64,1799,1787,708.0,0.186,1,stable
733248.50,4051271.75,2409.22,1610,2235,529.5,0.139,1,stable
733249.50,4051271.75,2409.68,1611,2231,530.4,0.139,1,stable
733250.50,4051271.75,2410.10,1613,2227,531.3,0.140,1,stable
733427.50,4051271.75,2471.33,1801,1799,703.9,0.185,1,stable
733244.50,4051270.75,2407.47,1612,2251,525.5,0.138,1,stable
733245.50,4051270.75,2407.90,1613,2247,526.5,0.138,1,stable
733246.50,4051270.75,2408.34,1615,2243,527.4,0.139,1,stable
733250.50,4051270.75,2409.71,1620,2230,531.2,0.140,1,stable
733251.50,4051270.75,2410.20,1622,2226,532.1,0.140,1,stable
733252.50,4051270.75,2410.64,1623,2222,533.1,0.140,1,stable
733374.50,4051270.75,2445.90,1762,1945,651.3,0.171,1,stable
733245.50,4051269.75,2407.90,1621,2247,526.3,0.138,1,stable
733246.50,4051269.75,2407.96,1622,2246,527.3,0.139,1,stable
733249.50,4051269.75,2408.97,1627,2236,530.1,0.139,1,stable
733250.50,4051269.75,2409.40,1628,2232,531.0,0.140,1,stable
733251.50,4051269.75,2409.87,1629,2228,532.0,0.140,1,stable
733252.50,4051269.75,2410.29,1631,2224,532.9,0.140,1,stable
733253.50,4051269.75,2410.84,1632,2220,533.8,0.140,1,stable
733245.50,4051268.75,2407.54,1629,2250,526.1,0.138,1,stable
733246.50,4051268.75,2407.96,1630,2246,527.1,0.138,1,stable
733247.50,4051268.75,2407.96,1631,2245,528.0,0.139,1,stable
733248.50,4051268.75,2408.44,1633,2241,529.0,0.139,1,stable
733249.50,4051268.75,2408.97,1634,2236,529.9,0.139,1,stable
733250.50,4051268.75,2409.26,1636,2233,530.9,0.139,1,stable
733251.50,4051268.75,2409.61,1637,2230,531.8,0.140,1,stable
733252.50,4051268.75,2409.97,1638,2227,532.8,0.140,1,stable
733253.50,4051268.75,2410.43,1640,2223,533.7,0.140,1,stable
733254.50,4051268.75,2411.06,1641,2217,534.6,0.140,1,stable
733255.50,4051268.75,2412.15,1642,2209,535.5,0.141,1,stable
733258.50,4051268.75,2413.06,1646,2200,538.4,0.141,1,stable
733249.50,4051267.75,2408.73,1642,2238,529.7,0.139,1,stable
733250.50,4051267.75,2409.26,1643,2233,530.7,0.139,1,stable
733251.50,4051267.75,2409.61,1644,2230,531.6,0.140,1,stable
733252.50,4051267.75,2409.97,1646,2227,532.6,0.140,1,stable
733253.50,4051267.75,2409.93,1647,2226,533.6,0.140,1,stable
733254.50,4051267.75,2410.45,1648,2222,534.5,0.140,1,stable
733255.50,4051267.75,2411.39,1650,2214,535.4,0.141,1,stable
733256.50,4051267.75,2411.39,1651,2214,536.4,0.141,1,stable
733257.50,4051267.75,2411.97,1652,2209,537.3,0.141,1,stable
733258.50,4051267.75,2412.33,1654,2206,538.2,0.141,1,stable
733262.50,4051267.75,2414.73,1659,2186,542.0,0.142,1,stable
733274.50,4051267.75,2418.40,1674,2153,553.5,0.145,1,stable
733254.50,4051266.75,2410.45,1656,2222,534.3,0.140,1,stable
733255.50,4051266.75,2411.39,1657,2214,535.2,0.141,1,stable
733256.50,4051266.75,2411.39,1659,2214,536.2,0.141,1,stable
733257.50,4051266.75,2411.66,1660,2211,537.1,0.141,1,stable
733258.50,4051266.75,2412.22,1661,2206,538.1,0.141,1,stable
733254.50,4051265.75,2410.21,1663,2224,534.1,0.140,1,stable
733255.50,4051265.75,2410.21,1665,2223,535.1,0.141,1,stable
733256.50,4051265.75,2411.14,1666,2215,536.0,0.141,1,stable
733257.50,4051265.75,2411.66,1667,2211,537.0,0.141,1,stable
733425.50,4051265.75,2470.82,1834,1802,701.1,0.184,1,stable
733435.50,4051265.75,2476.64,1841,1771,711.1,0.187,1,stable
733482.50,4051265.75,2502.33,1873,1646,758.7,0.199,1,stable
733483.50,4051265.75,2502.64,1873,1644,759.8,0.200,1,stable
733254.50,4051264.75,2409.98,1671,2225,534.0,0.140,1,stable
733255.50,4051264.75,2409.98,1672,2225,535.0,0.141,1,stable
733259.50,4051264.75,2412.61,1677,2203,538.7,0.142,1,stable
733260.50,4051264.75,2413.16,1679,2198,539.6,0.142,1,stable
733425.50,4051264.75,2470.86,1839,1802,700.9,0.184,1,stable
733435.50,4051264.75,2476.41,1846,1772,710.9,0.187,1,stable
733436.50,4051264.75,2476.83,1847,1770,712.0,0.187,1,stable
733260.50,4051263.75,2412.93,1686,2200,539.4,0.142,1,stable
733261.50,4051263.75,2413.46,1687,2195,540.4,0.142,1,stable
733264.50,4051263.75,2414.51,1691,2186,543.2,0.143,1,stable
733265.50,4051263.75,2415.02,1692,2182,544.2,0.143,1,stable
733371.50,4051263.75,2445.30,1802,1949,647.3,0.170,1,stable
733432.50,4051263.75,2474.05,1850,1785,707.8,0.186,1,stable
733433.50,4051263.75,2474.66,1851,1782,708.8,0.186,1,stable
733434.50,4051263.75,2475.71,1851,1776,709.8,0.187,1,stable
733435.50,4051263.75,2476.15,1852,1774,710.8,0.187,1,stable
733436.50,4051263.75,2476.53,1853,1772,711.8,0.187,1,stable
733437.50,4051263.75,2477.00,1853,1769,712.8,0.187,1,stable
733438.50,4051263.75,2477.48,1854,1767,713.8,0.188,1,stable
733512.50,4051263.75,2518.16,1901,1576,789.3,0.207,1,stable
733261.50,4051262.75,2413.26,1695,2197,540.2,0.142,1,stable
733262.50,4051262.75,2413.77,1696,2193,541.2,0.142,1,stable
733265.50,4051262.75,2414.86,1700,2183,544.0,0.143,1,stable
733371.50,4051262.75,2445.34,1808,1949,647.2,0.170,1,stable
733372.50,4051262.75,2445.82,1809,1946,648.1,0.170,1,stable
733373.50,4051262.75,2446.23,1810,1943,649.1,0.171,1,stable
733374.50,4051262.75,2446.58,1811,1941,650.1,0.171,1,stable
733375.50,4051262.75,2446.99,1812,1939,651.1,0.171,1,stable
733425.50,4051262.75,2470.53,1850,1804,700.6,0.184,1,stable
733426.50,4051262.75,2471.27,1851,1800,701.7,0.184,1,stable
733432.50,4051262.75,2473.55,1855,1788,707.6,0.186,1,stable
733433.50,4051262.75,2474.18,1856,1784,708.7,0.186,1,stable
733434.50,4051262.75,2475.34,1857,1778,709.7,0.186,1,stable
733435.50,4051262.75,2475.76,1858,1776,710.7,0.187,1,stable
733436.50,4051262.75,2476.11,1858,1774,711.7,0.187,1,stable
733437.50,4051262.75,2476.47,1859,1772,712.7,0.187,1,stable
733438.50,4051262.75,2476.89,1860,1770,713.7,0.188,1,stable
733439.50,4051262.75,2477.26,1860,1768,714.7,0.188,1,stable
733440.50,4051262.75,2477.26,1861,1768,715.7,0.188,1,stable
733441.50,4051262.75,2478.20,1862,1763,716.7,0.188,1,stable
733442.50,4051262.75,2478.57,1862,1762,717.7,0.189,1,stable
733443.50,4051262.75,2478.97,1863,1760,718.7,0.189,1,stable
733444.50,4051262.75,2479.88,1864,1755,719.7,0.189,1,stable
733486.50,4051262.75,2503.82,1891,1639,762.4,0.200,1,stable
733487.50,4051262.75,2504.29,1891,1637,763.4,0.201,1,stable
733488.50,4051262.75,2504.70,1892,1635,764.5,0.201,1,stable
733489.50,4051262.75,2505.42,1893,1632,765.5,0.201,1,stable
733490.50,4051262.75,2505.88,1893,1630,766.5,0.201,1,stable
733491.50,4051262.75,2506.40,1894,1628,767.5,0.202,1,stable
733263.50,4051261.75,2414.13,1704,2189,542.0,0.142,1,stable
733264.50,4051261.75,2414.13,1706,2189,542.9,0.143,1,stable
733265.50,4051261.75,2414.68,1707,2184,543.9,0.143,1,stable
733372.50,4051261.75,2445.67,1815,1947,648.0,0.170,1,stable
733373.50,4051261.75,2446.07,1816,1944,649.0,0.171,1,stable
733374.50,4051261.75,2446.56,1817,1941,650.0,0.171,1,stable
733375.50,4051261.75,2446.95,1818,1939,651.0,0.171,1,stable
733426.50,4051261.75,2471.03,1857,1801,701.5,0.184,1,stable
733427.50,4051261.75,2471.60,1858,1798,702.5,0.185,1,stable
733433.50,4051261.75,2473.47,1862,1788,708.5,0.186,1,stable
733434.50,4051261.75,2474.78,1862,1781,709.5,0.186,1,stable
733435.50,4051261.75,2475.18,1863,1779,710.5,0.187,1,stable
733436.50,4051261.75,2475.61,1864,1777,711.5,0.187,1,stable
733437.50,4051261.75,2475.90,1865,1775,712.5,0.187,1,stable
733438.50,4051261.75,2476.32,1865,1773,713.5,0.187,1,stable
733439.50,4051261.75,2476.75,1866,1771,714.5,0.188,1,stable
733440.50,4051261.75,2476.75,1867,1771,715.5,0.188,1,stable
733441.50,4051261.75,2477.63,1867,1767,716.5,0.188,1,stable
733442.50,4051261.75,2478.03,1868,1765,717.5,0.189,1,stable
733444.50,4051261.75,2479.40,1869,1757,719.6,0.189,1,stable
733484.50,4051261.75,2502.12,1895,1647,760.2,0.200,1,stable
733485.50,4051261.75,2503.05,1895,1643,761.3,0.200,1,stable
733486.50,4051261.75,2503.53,1896,1641,762.3,0.200,1,stable
733487.50,4051261.75,2503.92,1897,1639,763.3,0.201,1,stable
733488.50,4051261.75,2504.24,1897,1638,764.3,0.201,1,stable
733489.50,4051261.75,2504.90,1898,1635,765.3,0.201,1,stable
733490.50,4051261.75,2505.31,1898,1633,766.4,0.201,1,stable
733491.50,4051261.75,2505.81,1899,1631,767.4,0.202,1,stable
733492.50,4051261.75,2505.81,1900,1631,768.4,0.202,1,stable
733258.50,4051260.75,2411.13,1706,2214,537.1,0.141,1,stable
733261.50,4051260.75,2412.93,1709,2199,539.9,0.142,1,stable
733262.50,4051260.75,2413.42,1711,2195,540.9,0.142,1,stable
733263.50,4051260.75,2413.42,1712,2194,541.8,0.142,1,stable
733264.50,4051260.75,2413.95,1713,2190,542.8,0.143,1,stable
733265.50,4051260.75,2414.51,1714,2185,543.7,0.143,1,stable
733371.50,4051260.75,2445.17,1820,1950,646.9,0.170,1,stable
733372.50,4051260.75,2445.67,1821,1947,647.9,0.170,1,stable
733373.50,4051260.75,2446.07,1822,1944,648.8,0.170,1,stable
733374.50,4051260.75,2446.37,1823,1943,649.8,0.171,1,stable
733375.50,4051260.75,2446.79,1824,1940,650.8,0.171,1,stable
733376.50,4051260.75,2447.13,1825,1938,651.8,0.171,1,stable
733429.50,4051260.75,2471.57,1865,1798,704.4,0.185,1,stable
733435.50,4051260.75,2473.74,1869,1787,710.4,0.187,1,stable
733437.50,4051260.75,2474.67,1870,1782,712.4,0.187,1,stable
733442.50,4051260.75,2477.29,1874,1769,717.4,0.189,1,stable
733444.50,4051260.75,2478.82,1875,1761,719.4,0.189,1,stable
733486.50,4051260.75,2503.35,1901,1642,762.2,0.200,1,stable
733487.50,4051260.75,2503.85,1902,1639,763.2,0.201,1,stable
733488.50,4051260.75,2504.01,1902,1639,764.2,0.201,0,stable
733489.50,4051260.75,2504.66,1903,1636,765.2,0.201,1,stable
733490.50,4051260.75,2505.14,1904,1634,766.2,0.201,1,stable
733491.50,4051260.75,2505.64,1904,1632,767.3,0.202,1,stable
733492.50,4051260.75,2505.64,1905,1632,768.2,0.202,1,stable
733493.50,4051260.75,2506.17,1905,1630,769.3,0.202,1,stable
733515.50,4051260.75,2518.81,1918,1574,792.0,0.208,1,stable
733522.50,4051260.75,2521.47,1922,1564,799.1,0.210,1,stable
733260.50,4051259.75,2412.09,1716,2206,538.8,0.142,1,stable
733262.50,4051259.75,2413.32,1718,2196,540.7,0.142,1,stable
733263.50,4051259.75,2413.32,1719,2195,541.7,0.142,1,stable
733264.50,4051259.75,2413.87,1720,2191,542.6,0.143,1,stable
733265.50,4051259.75,2414.39,1722,2186,543.6,0.143,1,stable
733266.50,4051259.75,2414.89,1723,2182,544.5,0.143,1,stable
733365.50,4051259.75,2441.10,1822,1975,640.9,0.168,1,stable
733370.50,4051259.75,2444.28,1826,1956,645.8,0.170,1,stable
733371.50,4051259.75,2444.82,1827,1952,646.8,0.170,1,stable
733372.50,4051259.75,2445.28,1827,1949,647.7,0.170,1,stable
733373.50,4051259.75,2445.83,1828,1946,648.7,0.170,1,stable
733374.50,4051259.75,2446.37,1829,1943,649.7,0.171,1,stable
733375.50,4051259.75,2446.79,1830,1940,650.7,0.171,1,stable
733376.50,4051259.75,2447.13,1831,1938,651.7,0.171,1,stable
733377.50,4051259.75,2447.39,1831,1936,652.6,0.171,1,stable
733431.50,4051259.75,2471.47,1872,1799,706.2,0.186,1,stable
733432.50,4051259.75,2471.91,1872,1797,707.2,0.186,1,stable
733433.50,4051259.75,2472.45,1873,1794,708.2,0.186,1,stable
733486.50,4051259.75,2503.14,1906,1643,762.0,0.200,1,stable
733487.50,4051259.75,2503.58,1907,1641,763.1,0.201,1,stable
733488.50,4051259.75,2503.87,1908,1640,764.1,0.201,1,stable
733489.50,4051259.75,2504.50,1908,1637,765.1,0.201,1,stable
733521.50,4051259.75,2520.78,1926,1567,797.9,0.210,1,stable
733522.50,4051259.75,2521.47,1927,1564,799.0,0.210,1,stable
733132.50,4051258.75,2364.97,1526,2757,421.4,0.111,1,stable
733258.50,4051258.75,2410.75,1721,2217,536.8,0.141,1,stable
733259.50,4051258.75,2411.39,1722,2211,537.8,0.141,1,stable
733260.50,4051258.75,2411.91,1723,2207,538.7,0.142,1,stable
733261.50,4051258.75,2412.52,1724,2202,539.6,0.142,1,stable
733262.50,4051258.75,2413.21,1725,2196,540.6,0.142,1,stable
733263.50,4051258.75,2413.21,1727,2196,541.5,0.142,1,stable
733264.50,4051258.75,2413.80,1728,2191,542.5,0.143,1,stable
733267.50,4051258.75,2416.37,1731,2171,545.2,0.143,1,stable
733269.50,4051258.75,2417.10,1733,2165,547.1,0.144,1,stable
733364.50,4051258.75,2440.36,1827,1980,639.8,0.168,1,stable
733365.50,4051258.75,2440.87,1828,1977,640.8,0.168,1,stable
733366.50,4051258.75,2442.28,1829,1968,641.7,0.169,1,stable
733372.50,4051258.75,2444.57,1834,1954,647.6,0.170,1,stable
733373.50,4051258.75,2445.17,1834,1950,648.6,0.170,1,stable
733374.50,4051258.75,2445.73,1835,1946,649.6,0.171,1,stable
733375.50,4051258.75,2446.23,1836,1943,650.6,0.171,1,stable
733376.50,4051258.75,2446.72,1837,1940,651.5,0.171,1,stable
733377.50,4051258.75,2446.72,1838,1940,652.5,0.171,1,stable
733378.50,4051258.75,2447.18,1838,1937,653.5,0.172,1,stable
733425.50,4051258.75,2469.20,1873,1811,700.1,0.184,1,stable
733426.50,4051258.75,2469.65,1874,1809,701.1,0.184,1,stable
733428.50,4051258.75,2470.71,1875,1803,703.1,0.185,1,stable
733429.50,4051258.75,2471.06,1876,1801,704.1,0.185,1,stable
733430.50,4051258.75,2471.07,1877,1801,705.1,0.185,1,stable
733431.50,4051258.75,2471.07,1877,1801,706.1,0.186,0,stable
733432.50,4051258.75,2471.55,1878,1799,707.1,0.186,1,stable
733489.50,4051258.75,2504.25,1913,1638,765.0,0.201,1,stable
733260.50,4051257.75,2411.65,1730,2209,538.6,0.142,1,stable
733261.50,4051257.75,2412.35,1732,2203,539.5,0.142,1,stable
733262.50,4051257.75,2412.98,1733,2198,540.4,0.142,1,stable
733263.50,4051257.75,2412.98,1734,2198,541.4,0.142,1,stable
733267.50,4051257.75,2416.24,1738,2172,545.1,0.143,1,stable
733364.50,4051257.75,2440.28,1833,1981,639.7,0.168,1,stable
733365.50,4051257.75,2440.58,1834,1979,640.6,0.168,1,stable
733366.50,4051257.75,2441.60,1835,1972,641.6,0.169,1,stable
733371.50,4051257.75,2443.28,1839,1961,646.5,0.170,1,stable
733372.50,4051257.75,2444.19,1840,1956,647.5,0.170,1,stable
733373.50,4051257.75,2444.80,1840,1952,648.5,0.170,1,stable
733374.50,4051257.75,2445.31,1841,1949,649.4,0.171,1,stable
733375.50,4051257.75,2445.82,1842,1946,650.4,0.171,1,stable
733376.50,4051257.75,2446.37,1843,1942,651.4,0.171,1,stable
733377.50,4051257.75,2446.37,1844,1942,652.4,0.171,1,stable
733378.50,4051257.75,2446.91,1844,1939,653.4,0.172,1,stable
733425.50,4051257.75,2468.87,1879,1813,700.0,0.184,1,stable
733426.50,4051257.75,2469.13,1879,1811,701.0,0.184,1,stable
733427.50,4051257.75,2469.50,1880,1809,702.0,0.184,1,stable
733428.50,4051257.75,2470.11,1881,1806,703.0,0.185,1,stable
733429.50,4051257.75,2470.59,1881,1804,704.0,0.185,1,stable
733430.50,4051257.75,2470.59,1882,1804,705.0,0.185,1,stable
733431.50,4051257.75,2471.07,1883,1801,706.0,0.186,1,stable
733479.50,4051257.75,2499.93,1913,1657,754.7,0.198,1,stable
733260.50,4051256.75,2411.65,1738,2209,538.4,0.141,1,stable
733261.50,4051256.75,2412.35,1739,2203,539.3,0.142,1,stable
733262.50,4051256.75,2412.98,1740,2198,540.3,0.142,1,stable
733263.50,4051256.75,2412.98,1741,2197,541.2,0.142,1,stable
733363.50,4051256.75,2439.67,1839,1984,638.5,0.168,1,stable
733364.50,4051256.75,2440.28,1839,1981,639.5,0.168,1,stable
733365.50,4051256.75,2440.58,1840,1979,640.5,0.168,1,stable
733366.50,4051256.75,2441.60,1841,1972,641.5,0.169,1,stable
733372.50,4051256.75,2444.19,1846,1956,647.4,0.170,1,stable
733373.50,4051256.75,2444.80,1847,1952,648.3,0.170,1,stable
733374.50,4051256.75,2445.31,1847,1949,649.3,0.171,1,stable
733375.50,4051256.75,2445.82,1848,1946,650.3,0.171,1,stable
733376.50,4051256.75,2446.37,1849,1942,651.3,0.171,1,stable
733377.50,4051256.75,2446.37,1850,1942,652.3,0.171,1,stable
733378.50,4051256.75,2446.91,1850,1939,653.2,0.172,1,stable
733379.50,4051256.75,2447.72,1851,1934,654.2,0.172,1,stable
733380.50,4051256.75,2447.92,1852,1933,655.2,0.172,1,stable
733381.50,4051256.75,2447.91,1853,1933,656.2,0.172,1,stable
733387.50,4051256.75,2447.30,1858,1936,662.2,0.174,1,stable
733388.50,4051256.75,2447.60,1858,1934,663.1,0.174,0,stable
733476.50,4051256.75,2497.88,1916,1667,751.5,0.197,1,stable
733478.50,4051256.75,2499.02,1917,1662,753.5,0.198,1,stable
733479.50,4051256.75,2499.93,1918,1657,754.6,0.198,1,stable
733480.50,4051256.75,2500.32,1919,1656,755.6,0.199,1,stable
733481.50,4051256.75,2500.64,1919,1654,756.6,0.199,1,stable
733482.50,4051256.75,2500.88,1920,1653,757.6,0.199,1,stable
733259.50,4051255.75,2410.83,1744,2215,537.3,0.141,1,stable
733260.50,4051255.75,2411.37,1745,2211,538.3,0.141,1,stable
733261.50,4051255.75,2411.86,1746,2207,539.2,0.142,1,stable
733262.50,4051255.75,2412.45,1748,2202,540.1,0.142,1,stable
733263.50,4051255.75,2412.45,1749,2201,541.1,0.142,1,stable
733264.50,4051255.75,2413.07,1750,2196,542.1,0.142,1,stable
733267.50,4051255.75,2415.53,1753,2177,544.8,0.143,1,stable
733268.50,4051255.75,2416.11,1754,2172,545.8,0.143,1,stable
733269.50,4051255.75,2416.39,1755,2170,546.7,0.144,1,stable
733270.50,4051255.75,2417.10,1756,2164,547.6,0.144,1,stable
733363.50,4051255.75,2439.47,1845,1986,638.4,0.168,1,stable
733364.50,4051255.75,2439.92,1846,1983,639.4,0.168,1,stable
733365.50,4051255.75,2440.18,1846,1981,640.4,0.168,1,stable
733366.50,4051255.75,2441.03,1847,1976,641.4,0.169,1,stable
733367.50,4051255.75,2441.61,1848,1972,642.3,0.169,1,stable
733369.50,4051255.75,2442.10,1850,1969,644.3,0.169,1,stable
733371.50,4051255.75,2442.99,1851,1963,646.3,0.170,1,stable
733372.50,4051255.75,2443.65,1852,1959,647.2,0.170,1,stable
733373.50,4051255.75,2444.28,1853,1955,648.2,0.170,1,stable
733374.50,4051255.75,2444.80,1853,1952,649.2,0.171,1,stable
733375.50,4051255.75,2445.31,1854,1949,650.2,0.171,1,stable
733376.50,4051255.75,2445.89,1855,1945,651.2,0.171,1,stable
733379.50,4051255.75,2447.46,1857,1936,654.1,0.172,1,stable
733380.50,4051255.75,2447.67,1858,1934,655.1,0.172,1,stable
733381.50,4051255.75,2447.68,1859,1934,656.1,0.172,1,stable
733479.50,4051255.75,2499.67,1923,1659,754.4,0.198,1,stable
733480.50,4051255.75,2500.07,1924,1657,755.4,0.199,1,stable
733481.50,4051255.75,2500.46,1924,1655,756.5,0.199,1,stable
733482.50,4051255.75,2500.88,1925,1653,757.5,0.199,1,stable
733259.50,4051254.75,2410.75,1752,2216,537.2,0.141,1,stable
733260.50,4051254.75,2411.35,1753,2211,538.1,0.141,1,stable
733261.50,4051254.75,2411.96,1754,2206,539.0,0.142,1,stable
733262.50,4051254.75,2411.96,1755,2205,540.0,0.142,1,stable
733263.50,4051254.75,2412.35,1756,2202,541.0,0.142,1,stable
733264.50,4051254.75,2412.78,1757,2198,541.9,0.142,1,stable
733267.50,4051254.75,2415.25,1760,2179,544.7,0.143,1,stable
733270.50,4051254.75,2416.24,1764,2170,547.6,0.144,1,stable
733271.50,4051254.75,2416.80,1765,2166,548.5,0.144,1,stable
733361.50,4051254.75,2437.75,1849,1996,636.4,0.167,1,stable
733362.50,4051254.75,2438.26,1850,1993,637.3,0.167,1,stable
733363.50,4051254.75,2438.53,1851,1991,638.3,0.168,1,stable
733364.50,4051254.75,2438.96,1852,1989,639.3,0.168,1,stable
733365.50,4051254.75,2439.42,1853,1986,640.3,0.168,1,stable
733366.50,4051254.75,2440.31,1853,1980,641.2,0.168,1,stable
733368.50,4051254.75,2440.93,1855,1976,643.2,0.169,1,stable
733372.50,4051254.75,2443.21,1858,1962,647.1,0.170,1,stable
733373.50,4051254.75,2443.74,1859,1958,648.1,0.170,1,stable
733477.50,4051254.75,2497.99,1927,1667,752.2,0.198,1,stable
733478.50,4051254.75,2498.45,1928,1665,753.3,0.198,1,stable
733479.50,4051254.75,2499.32,1928,1660,754.3,0.198,1,stable
733480.50,4051254.75,2499.78,1929,1658,755.3,0.198,1,stable
733481.50,4051254.75,2500.16,1930,1657,756.3,0.199,1,stable
733258.50,4051253.75,2410.13,1758,2221,536.1,0.141,1,stable
733259.50,4051253.75,2410.80,1759,2216,537.0,0.141,1,stable
733260.50,4051253.75,2411.49,1760,2210,537.9,0.141,1,stable
733261.50,4051253.75,2412.09,1761,2205,538.9,0.142,1,stable
733262.50,4051253.75,2412.09,1762,2204,539.9,0.142,1,stable
733263.50,4051253.75,2412.41,1763,2202,540.8,0.142,1,stable
733264.50,4051253.75,2412.85,1764,2198,541.8,0.142,1,stable
733271.50,4051253.75,2416.75,1772,2166,548.4,0.144,1,stable
733361.50,4051253.75,2437.21,1856,2000,636.2,0.167,1,stable
733362.50,4051253.75,2437.20,1857,2000,637.2,0.167,1,stable
733363.50,4051253.75,2437.54,1857,1997,638.2,0.168,1,stable
733364.50,4051253.75,2437.92,1858,1995,639.2,0.168,1,stable
733365.50,4051253.75,2438.66,1859,1990,640.2,0.168,1,stable
733366.50,4051253.75,2439.59,1860,1984,641.1,0.168,1,stable
733367.50,4051253.75,2440.31,1860,1980,642.1,0.169,1,stable
733368.50,4051253.75,2440.31,1861,1980,643.1,0.169,1,stable
733369.50,4051253.75,2441.19,1862,1974,644.1,0.169,1,stable
733373.50,4051253.75,2443.15,1865,1962,648.0,0.170,1,stable
733477.50,4051253.75,2497.70,1933,1668,752.1,0.198,1,stable
733478.50,4051253.75,2498.15,1933,1666,753.1,0.198,1,stable
733259.50,4051252.75,2410.86,1766,2215,536.9,0.141,1,stable
733266.50,4051252.75,2413.77,1774,2190,543.5,0.143,1,stable
733362.50,4051252.75,2436.64,1863,2003,637.1,0.167,1,stable
733363.50,4051252.75,2436.90,1864,2001,638.1,0.168,1,stable
733364.50,4051252.75,2437.35,1864,1998,639.1,0.168,1,stable
733366.50,4051252.75,2439.05,1866,1988,641.0,0.168,1,stable
733477.50,4051252.75,2497.49,1938,1669,752.0,0.198,1,stable
733478.50,4051252.75,2497.87,1938,1668,753.0,0.198,1,stable
733263.50,4051251.75,2412.64,1778,2200,540.5,0.142,1,stable
733264.50,4051251.75,2413.01,1779,2197,541.4,0.142,1,stable
733266.50,4051251.75,2413.83,1781,2189,543.4,0.143,1,stable
733364.50,4051251.75,2436.65,1871,2003,639.0,0.168,1,stable
733365.50,4051251.75,2437.49,1871,1997,639.9,0.168,1,stable
733366.50,4051251.75,2438.62,1872,1990,640.9,0.168,1,stable
733476.50,4051251.75,2496.89,1943,1672,750.9,0.197,1,stable
733477.50,4051251.75,2497.25,1943,1671,751.9,0.198,1,stable
733523.50,4051251.75,2519.04,1967,1577,798.9,0.210,1,stable
733538.50,4051251.75,2525.74,1974,1550,814.3,0.214,1,stable
733267.50,4051250.75,2415.12,1790,2180,544.1,0.143,1,stable
733363.50,4051250.75,2435.61,1876,2009,637.9,0.168,1,stable
733364.50,4051250.75,2435.85,1877,2007,638.9,0.168,1,stable
733478.50,4051250.75,2497.22,1949,1671,752.8,0.198,1,stable
733530.50,4051249.75,2521.46,1980,1568,805.9,0.212,1,stable
733531.50,4051249.75,2521.96,1981,1565,806.9,0.212,1,stable
733532.50,4051249.75,2522.48,1981,1563,807.9,0.212,1,stable
733533.50,4051249.75,2522.93,1982,1562,809.0,0.213,1,stable
733254.50,4051248.75,2406.80,1791,2248,531.7,0.140,1,stable
733362.50,4051248.75,2434.78,1888,2014,636.7,0.167,1,stable
733530.50,4051248.75,2521.12,1985,1569,805.7,0.212,1,stable
733531.50,4051248.75,2521.58,1986,1567,806.8,0.212,1,stable
733532.50,4051248.75,2522.05,1986,1565,807.8,0.212,1,stable
733535.50,4051248.75,2523.33,1987,1560,810.9,0.213,1,stable
733536.50,4051248.75,2523.65,1988,1559,811.9,0.213,1,stable
733537.50,4051248.75,2524.01,1988,1558,812.9,0.214,1,stable
733541.50,4051248.75,2525.34,1990,1553,817.0,0.215,1,stable
733537.50,4051247.75,2523.58,1993,1560,812.8,0.214,1,stable
733541.50,4051247.75,2524.98,1995,1555,816.9,0.215,1,stable
733474.50,4051246.75,2493.87,1968,1687,748.2,0.197,1,stable
733384.50,4051245.75,2447.78,1921,1933,657.8,0.173,1,stable
733385.50,4051245.75,2448.49,1922,1929,658.8,0.173,1,stable
733385.50,4051244.75,2448.75,1928,1927,658.7,0.173,1,stable
733385.50,4051243.75,2448.87,1934,1927,658.6,0.173,1,stable
733386.50,4051243.75,2449.56,1934,1923,659.6,0.173,1,stable
733470.50,4051242.75,2492.03,1987,1696,743.8,0.195,1,stable
733477.50,4051242.75,2495.41,1990,1680,750.9,0.197,1,stable
733478.50,4051241.75,2495.70,1996,1679,751.8,0.198,1,stable
733478.50,4051240.75,2495.39,2001,1681,751.7,0.198,1,stable
733384.50,4051239.75,2449.43,1957,1924,657.2,0.173,1,stable
733385.50,4051239.75,2450.08,1957,1920,658.1,0.173,1,stable
733386.50,4051239.75,2450.68,1958,1916,659.1,0.173,1,stable
733387.50,4051239.75,2451.16,1959,1913,660.1,0.173,1,stable
733390.50,4051239.75,2451.49,1960,1911,663.1,0.174,1,stable
733401.50,4051239.75,2453.05,1967,1902,674.0,0.177,1,stable
733383.50,4051238.75,2449.09,1962,1926,656.1,0.172,0,stable
733384.50,4051238.75,2449.62,1963,1922,657.1,0.173,1,stable
733385.50,4051238.75,2450.24,1963,1919,658.0,0.173,1,stable
733386.50,4051238.75,2450.82,1964,1915,659.0,0.173,1,stable
733387.50,4051238.75,2451.27,1965,1913,660.0,0.173,1,stable
733388.50,4051238.75,2451.76,1965,1910,661.0,0.174,1,stable
733389.50,4051238.75,2452.18,1966,1907,662.0,0.174,1,stable
733390.50,4051238.75,2452.35,1966,1906,663.0,0.174,1,stable
733391.50,4051238.75,2451.56,1967,1911,664.0,0.174,1,stable
733400.50,4051238.75,2452.01,1972,1908,672.9,0.177,0,stable
733401.50,4051238.75,2453.13,1973,1901,673.9,0.177,1,stable
733384.50,4051237.75,2449.78,1969,1922,657.0,0.173,1,stable
733386.50,4051237.75,2450.98,1970,1914,658.9,0.173,1,stable
733387.50,4051237.75,2451.42,1971,1912,659.9,0.173,1,stable
733388.50,4051237.75,2451.88,1971,1909,660.9,0.174,1,stable
733389.50,4051237.75,2452.28,1972,1907,661.9,0.174,1,stable
733390.50,4051237.75,2452.70,1972,1904,662.9,0.174,1,stable
733391.50,4051237.75,2452.31,1973,1906,663.9,0.174,1,stable
733384.50,4051236.75,2449.90,1975,1921,656.8,0.173,1,stable
733386.50,4051236.75,2451.08,1976,1914,658.8,0.173,1,stable
733387.50,4051236.75,2451.46,1976,1911,659.8,0.173,1,stable
733388.50,4051236.75,2451.86,1977,1909,660.8,0.174,1,stable
733389.50,4051236.75,2452.26,1978,1907,661.8,0.174,1,stable
733390.50,4051236.75,2453.04,1978,1902,662.8,0.174,1,stable
733383.50,4051235.75,2450.06,1980,1920,655.8,0.172,1,stable
733384.50,4051235.75,2450.62,1981,1917,656.7,0.173,1,stable
733385.50,4051235.75,2451.10,1981,1914,657.7,0.173,1,stable
733386.50,4051235.75,2451.34,1982,1912,658.7,0.173,1,stable
733387.50,4051235.75,2451.56,1982,1911,659.7,0.173,1,stable
733388.50,4051235.75,2451.83,1983,1909,660.7,0.174,1,stable
733389.50,4051235.75,2452.13,1984,1907,661.7,0.174,1,stable
733390.50,4051235.75,2452.91,1984,1903,662.7,0.174,1,stable
733381.50,4051234.75,2449.84,1985,1921,653.7,0.172,1,stable
733382.50,4051234.75,2449.84,1986,1921,654.7,0.172,1,stable
733383.50,4051234.75,2450.44,1986,1918,655.7,0.172,1,stable
733384.50,4051234.75,2450.77,1987,1916,656.6,0.173,1,stable
733385.50,4051234.75,2451.38,1987,1912,657.6,0.173,1,stable
733386.50,4051234.75,2451.59,1988,1911,658.6,0.173,1,stable
733387.50,4051234.75,2451.76,1988,1910,659.6,0.173,1,stable
733388.50,4051234.75,2452.06,1989,1908,660.6,0.174,1,stable
733389.50,4051234.75,2452.38,1989,1906,661.6,0.174,1,stable
733390.50,4051234.75,2453.05,1990,1902,662.6,0.174,1,stable
733382.50,4051233.75,2449.96,1992,1921,654.6,0.172,1,stable
733383.50,4051233.75,2450.47,1992,1918,655.6,0.172,1,stable
733384.50,4051233.75,2450.95,1993,1915,656.5,0.173,1,stable
733385.50,4051233.75,2451.38,1993,1912,657.5,0.173,1,stable
733386.50,4051233.75,2451.72,1994,1910,658.5,0.173,1,stable
733387.50,4051233.75,2451.99,1994,1908,659.5,0.173,1,stable
733388.50,4051233.75,2452.40,1995,1906,660.5,0.174,1,stable
733389.50,4051233.75,2452.79,1995,1904,661.5,0.174,1,stable
733390.50,4051233.75,2453.38,1996,1900,662.5,0.174,1,stable
733391.50,4051233.75,2453.38,1996,1900,663.5,0.174,0,stable
733381.50,4051232.75,2450.10,1997,1920,653.5,0.172,1,stable
733382.50,4051232.75,2450.10,1997,1920,654.5,0.172,0,stable
733383.50,4051232.75,2450.53,1998,1917,655.5,0.172,1,stable
733384.50,4051232.75,2451.03,1999,1914,656.4,0.172,1,stable
733385.50,4051232.75,2451.45,1999,1912,657.4,0.173,1,stable
733386.50,4051232.75,2451.85,2000,1909,658.4,0.173,1,stable
733387.50,4051232.75,2452.21,2000,1907,659.4,0.173,1,stable
733388.50,4051232.75,2452.61,2001,1905,660.4,0.174,1,stable
733389.50,4051232.75,2453.00,2001,1902,661.4,0.174,1,stable
733390.50,4051232.75,2453.70,2002,1898,662.4,0.174,1,stable
733391.50,4051232.75,2453.70,2002,1898,663.4,0.174,0,stable
733392.50,4051232.75,2453.95,2003,1897,664.4,0.175,1,stable
733384.50,4051231.75,2450.95,2005,1915,656.4,0.172,1,stable
733385.50,4051231.75,2451.48,2005,1911,657.3,0.173,1,stable
733388.50,4051231.75,2452.74,2007,1904,660.3,0.174,1,stable
733389.50,4051231.75,2453.11,2007,1902,661.3,0.174,1,stable
733390.50,4051231.75,2453.87,2008,1897,662.3,0.174,1,stable
733391.50,4051231.75,2453.87,2008,1897,663.3,0.174,0,stable
733392.50,4051231.75,2454.13,2009,1896,664.3,0.175,1,stable
733394.50,4051231.75,2454.38,2010,1894,666.3,0.175,1,stable
733383.50,4051230.75,2450.31,2010,1918,655.3,0.172,1,stable
733384.50,4051230.75,2450.80,2011,1916,656.3,0.172,1,stable
733385.50,4051230.75,2451.34,2011,1912,657.3,0.173,1,stable
733386.50,4051230.75,2451.82,2012,1909,658.2,0.173,1,stable
733388.50,4051230.75,2452.59,2013,1905,660.2,0.173,1,stable
733389.50,4051230.75,2453.02,2013,1902,661.2,0.174,1,stable
733390.50,4051230.75,2453.02,2014,1902,662.2,0.174,1,stable
733391.50,4051230.75,2453.81,2014,1898,663.2,0.174,1,stable
733392.50,4051230.75,2454.18,2015,1895,664.2,0.175,1,stable
733393.50,4051230.75,2454.54,2015,1893,665.2,0.175,1,stable
733394.50,4051230.75,2454.76,2016,1892,666.2,0.175,1,stable
733395.50,4051230.75,2454.70,2016,1892,667.2,0.175,0,stable
733404.50,4051230.75,2453.84,2021,1897,676.2,0.178,1,stable
733405.50,4051230.75,2454.34,2021,1894,677.2,0.178,0,stable
733406.50,4051230.75,2454.84,2022,1891,678.1,0.178,0,stable
733595.50,4051230.75,2552.48,2094,1453,871.7,0.229,1,stable
733384.50,4051229.75,2450.44,2017,1918,656.2,0.172,1,stable
733386.50,4051229.75,2451.53,2018,1911,658.2,0.173,1,stable
733387.50,4051229.75,2452.02,2018,1908,659.2,0.173,1,stable
733388.50,4051229.75,2452.37,2019,1906,660.1,0.173,1,stable
733389.50,4051229.75,2452.80,2019,1904,661.1,0.174,1,stable
733390.50,4051229.75,2452.80,2020,1904,662.1,0.174,1,stable
733391.50,4051229.75,2453.62,2020,1899,663.1,0.174,1,stable
733392.50,4051229.75,2454.08,2021,1896,664.1,0.175,1,stable
733393.50,4051229.75,2454.50,2021,1894,665.1,0.175,1,stable
733394.50,4051229.75,2454.86,2022,1891,666.1,0.175,1,stable
733395.50,4051229.75,2454.84,2022,1892,667.1,0.175,1,stable
733403.50,4051229.75,2453.47,2026,1899,675.1,0.177,1,stable
733404.50,4051229.75,2453.94,2027,1896,676.1,0.178,0,stable
733405.50,4051229.75,2454.38,2027,1894,677.1,0.178,1,stable
733406.50,4051229.75,2454.80,2028,1891,678.1,0.178,1,stable
733407.50,4051229.75,2454.80,2028,1891,679.1,0.178,0,stable
733387.50,4051228.75,2451.54,2024,1911,659.1,0.173,1,stable
733388.50,4051228.75,2451.90,2025,1909,660.1,0.173,1,stable
733389.50,4051228.75,2452.33,2025,1906,661.1,0.174,1,stable
733390.50,4051228.75,2452.33,2026,1906,662.0,0.174,1,stable
733391.50,4051228.75,2453.20,2026,1901,663.0,0.174,1,stable
733392.50,4051228.75,2453.71,2026,1898,664.0,0.174,1,stable
733393.50,4051228.75,2454.11,2027,1896,665.0,0.175,1,stable
733394.50,4051228.75,2454.33,2027,1895,666.0,0.175,1,stable
733395.50,4051228.75,2454.33,2028,1894,667.0,0.175,1,stable
733396.50,4051228.75,2454.15,2029,1895,668.0,0.176,1,stable
733397.50,4051228.75,2453.69,2029,1898,669.0,0.176,1,stable
733403.50,4051228.75,2453.52,2032,1899,675.0,0.177,1,stable
733404.50,4051228.75,2454.03,2033,1896,676.0,0.178,1,stable
733405.50,4051228.75,2454.46,2033,1893,677.0,0.178,1,stable
733406.50,4051228.75,2454.72,2033,1892,678.0,0.178,1,stable
733386.50,4051227.75,2450.65,2029,1916,658.0,0.173,1,stable
733387.50,4051227.75,2450.99,2030,1914,659.0,0.173,1,stable
733388.50,4051227.75,2451.32,2030,1912,660.0,0.173,1,stable
733389.50,4051227.75,2451.79,2031,1909,661.0,0.174,1,stable
733390.50,4051227.75,2451.79,2031,1909,662.0,0.174,0,stable
733391.50,4051227.75,2452.82,2032,1903,663.0,0.174,1,stable
733392.50,4051227.75,2453.24,2032,1901,663.9,0.174,1,stable
733393.50,4051227.75,2453.58,2033,1899,664.9,0.175,1,stable
733394.50,4051227.75,2453.66,2033,1898,665.9,0.175,1,stable
733395.50,4051227.75,2453.80,2034,1898,666.9,0.175,1,stable
733396.50,4051227.75,2454.07,2034,1896,667.9,0.176,1,stable
733397.50,4051227.75,2453.94,2035,1897,668.9,0.176,1,stable
733403.50,4051227.75,2453.54,2038,1899,674.9,0.177,1,stable
733404.50,4051227.75,2454.02,2038,1896,675.9,0.178,1,stable
733405.50,4051227.75,2454.44,2039,1894,676.9,0.178,1,stable
733385.50,4051226.75,2450.12,2035,1919,656.9,0.173,1,stable
733386.50,4051226.75,2450.65,2035,1916,657.9,0.173,1,stable
733387.50,4051226.75,2450.99,2036,1914,658.9,0.173,1,stable
733388.50,4051226.75,2451.32,2036,1912,659.9,0.173,1,stable
733389.50,4051226.75,2451.47,2037,1911,660.9,0.174,1,stable
733390.50,4051226.75,2451.47,2037,1911,661.9,0.174,0,stable
733391.50,4051226.75,2452.75,2038,1904,662.9,0.174,1,stable
733392.50,4051226.75,2453.01,2038,1902,663.9,0.174,1,stable
733393.50,4051226.75,2453.20,2039,1901,664.9,0.175,1,stable
733394.50,4051226.75,2453.37,2039,1900,665.9,0.175,1,stable
733395.50,4051226.75,2453.62,2040,1899,666.8,0.175,1,stable
733396.50,4051226.75,2454.16,2040,1895,667.8,0.175,1,stable
733397.50,4051226.75,2454.25,2041,1895,668.8,0.176,1,stable
733403.50,4051226.75,2453.73,2044,1898,674.8,0.177,1,stable
733404.50,4051226.75,2454.11,2044,1895,675.8,0.178,1,stable
733405.50,4051226.75,2454.47,2045,1893,676.8,0.178,1,stable
733385.50,4051225.75,2449.63,2041,1922,656.8,0.173,1,stable
733386.50,4051225.75,2450.16,2041,1919,657.8,0.173,1,stable
733387.50,4051225.75,2450.51,2042,1917,658.8,0.173,1,stable
733388.50,4051225.75,2450.83,2042,1915,659.8,0.173,1,stable
733389.50,4051225.75,2450.83,2043,1915,660.8,0.174,1,stable
733390.50,4051225.75,2451.47,2043,1911,661.8,0.174,1,stable
733391.50,4051225.75,2452.75,2044,1904,662.8,0.174,1,stable
733392.50,4051225.75,2453.01,2044,1902,663.8,0.174,1,stable
733393.50,4051225.75,2453.21,2045,1901,664.8,0.175,1,stable
733394.50,4051225.75,2453.43,2045,1900,665.8,0.175,1,stable
733395.50,4051225.75,2453.79,2046,1898,666.8,0.175,1,stable
733404.50,4051225.75,2454.35,2050,1894,675.7,0.178,1,stable
733384.50,4051224.75,2448.85,2046,1927,655.8,0.172,1,stable
733385.50,4051224.75,2449.20,2047,1925,656.8,0.173,1,stable
733386.50,4051224.75,2449.75,2047,1922,657.8,0.173,1,stable
733387.50,4051224.75,2450.39,2048,1918,658.7,0.173,1,stable
733388.50,4051224.75,2450.97,2048,1914,659.7,0.173,1,stable
733389.50,4051224.75,2450.97,2049,1914,660.7,0.174,1,stable
733390.50,4051224.75,2451.61,2049,1910,661.7,0.174,1,stable
733391.50,4051224.75,2452.48,2050,1905,662.7,0.174,1,stable
733392.50,4051224.75,2452.97,2050,1902,663.7,0.174,1,stable
733393.50,4051224.75,2453.21,2051,1901,664.7,0.175,1,stable
733394.50,4051224.75,2453.43,2051,1900,665.7,0.175,1,stable
733395.50,4051224.75,2453.79,2051,1898,666.7,0.175,1,stable
733386.50,4051223.75,2450.03,2053,1920,657.7,0.173,1,stable
733387.50,4051223.75,2450.49,2054,1917,658.7,0.173,1,stable
733388.50,4051223.75,2450.93,2054,1915,659.7,0.173,1,stable
733389.50,4051223.75,2450.93,2055,1915,660.6,0.174,1,stable
733390.50,4051223.75,2451.52,2055,1911,661.6,0.174,1,stable
733391.50,4051223.75,2452.45,2056,1906,662.6,0.174,1,stable
733392.50,4051223.75,2452.91,2056,1903,663.6,0.174,1,stable
733393.50,4051223.75,2453.24,2056,1901,664.6,0.175,1,stable
733394.50,4051223.75,2453.49,2057,1899,665.6,0.175,1,stable
733395.50,4051223.75,2453.87,2057,1897,666.6,0.175,1,stable
733387.50,4051222.75,2450.45,2060,1917,658.6,0.173,1,stable
733388.50,4051222.75,2450.88,2060,1915,659.6,0.173,1,stable
733389.50,4051222.75,2450.88,2061,1915,660.6,0.174,1,stable
733390.50,4051222.75,2451.38,2061,1912,661.6,0.174,1,stable
733391.50,4051222.75,2452.45,2061,1906,662.5,0.174,1,stable
733392.50,4051222.75,2452.89,2062,1903,663.5,0.174,1,stable
733393.50,4051222.75,2453.29,2062,1901,664.5,0.175,1,stable
733394.50,4051222.75,2453.55,2063,1899,665.5,0.175,1,stable
733395.50,4051222.75,2453.93,2063,1897,666.5,0.175,1,stable
733396.50,4051222.75,2454.48,2064,1894,667.5,0.175,1,stable
733387.50,4051221.75,2450.55,2066,1917,658.5,0.173,1,stable
733388.50,4051221.75,2450.90,2066,1915,659.5,0.173,1,stable
733389.50,4051221.75,2450.90,2067,1915,660.5,0.174,1,stable
733390.50,4051221.75,2451.35,2067,1912,661.5,0.174,1,stable
733391.50,4051221.75,2452.47,2067,1905,662.5,0.174,1,stable
733392.50,4051221.75,2452.93,2068,1903,663.5,0.174,1,stable
733393.50,4051221.75,2453.19,2068,1901,664.5,0.175,1,stable
733394.50,4051221.75,2453.69,2069,1898,665.5,0.175,1,stable
733395.50,4051221.75,2454.16,2069,1896,666.4,0.175,1,stable
733386.50,4051220.75,2450.39,2071,1918,657.4,0.173,1,stable
733387.50,4051220.75,2450.90,2072,1915,658.4,0.173,1,stable
733388.50,4051220.75,2450.90,2072,1915,659.4,0.173,0,stable
733389.50,4051220.75,2451.11,2072,1913,660.4,0.174,1,stable
733390.50,4051220.75,2451.53,2073,1911,661.4,0.174,1,stable
733391.50,4051220.75,2452.63,2073,1905,662.4,0.174,1,stable
733392.50,4051220.75,2453.01,2074,1902,663.4,0.174,1,stable
733393.50,4051220.75,2453.40,2074,1900,664.4,0.175,1,stable
733394.50,4051220.75,2453.85,2075,1897,665.4,0.175,1,stable
733395.50,4051220.75,2454.31,2075,1895,666.4,0.175,1,stable
733396.50,4051220.75,2454.74,2075,1892,667.4,0.175,1,stable
733397.50,4051220.75,2454.74,2076,1892,668.4,0.176,1,stable
733386.50,4051219.75,2450.71,2077,1916,657.4,0.173,1,stable
733388.50,4051219.75,2451.14,2078,1913,659.3,0.173,1,stable
733389.50,4051219.75,2451.39,2078,1912,660.3,0.174,1,stable
733390.50,4051219.75,2451.68,2079,1910,661.3,0.174,1,stable
733391.50,4051219.75,2452.56,2079,1905,662.3,0.174,1,stable
733392.50,4051219.75,2452.99,2080,1902,663.3,0.174,1,stable
733393.50,4051219.75,2453.52,2080,1899,664.3,0.175,1,stable
733394.50,4051219.75,2454.08,2080,1896,665.3,0.175,1,stable
733395.50,4051219.75,2454.50,2081,1894,666.3,0.175,1,stable
733396.50,4051219.75,2455.03,2081,1890,667.3,0.175,1,stable
733397.50,4051219.75,2455.03,2082,1890,668.3,0.176,1,stable
733389.50,4051218.75,2451.53,2084,1911,660.3,0.173,1,stable
733390.50,4051218.75,2451.97,2085,1908,661.3,0.174,1,stable
733391.50,4051218.75,2452.61,2085,1905,662.2,0.174,1,stable
733392.50,4051218.75,2453.04,2085,1902,663.2,0.174,1,stable
733393.50,4051218.75,2453.50,2086,1899,664.2,0.175,1,stable
733394.50,4051218.75,2454.08,2086,1896,665.2,0.175,1,stable
733395.50,4051218.75,2454.58,2087,1893,666.2,0.175,1,stable
733396.50,4051218.75,2455.12,2087,1890,667.2,0.175,1,stable
733398.50,4051218.75,2456.50,2088,1882,669.2,0.176,1,stable
733389.50,4051217.75,2451.65,2090,1910,660.2,0.173,1,stable
733390.50,4051217.75,2452.07,2091,1908,661.2,0.174,1,stable
733391.50,4051217.75,2452.71,2091,1904,662.2,0.174,1,stable
733392.50,4051217.75,2453.17,2091,1901,663.2,0.174,1,stable
733393.50,4051217.75,2453.59,2092,1899,664.2,0.175,1,stable
733394.50,4051217.75,2454.17,2092,1896,665.2,0.175,1,stable
733395.50,4051217.75,2454.61,2092,1893,666.2,0.175,1,stable
733396.50,4051217.75,2455.19,2093,1890,667.1,0.175,1,stable
733397.50,4051217.75,2455.19,2093,1890,668.1,0.176,0,stable
733389.50,4051216.75,2452.00,2096,1908,660.1,0.173,1,stable
733390.50,4051216.75,2452.29,2096,1907,661.1,0.174,1,stable
733391.50,4051216.75,2452.98,2097,1903,662.1,0.174,1,stable
733392.50,4051216.75,2453.30,2097,1901,663.1,0.174,1,stable
733393.50,4051216.75,2453.72,2098,1898,664.1,0.175,1,stable
733394.50,4051216.75,2454.30,2098,1895,665.1,0.175,1,stable
733395.50,4051216.75,2454.78,2098,1892,666.1,0.175,1,stable
733396.50,4051216.75,2455.44,2099,1888,667.1,0.175,1,stable
733389.50,4051215.75,2452.07,2102,1908,660.0,0.173,1,stable
733390.50,4051215.75,2452.55,2102,1905,661.0,0.174,1,stable
733391.50,4051215.75,2453.25,2103,1901,662.0,0.174,1,stable
733392.50,4051215.75,2453.67,2103,1898,663.0,0.174,1,stable
733393.50,4051215.75,2453.97,2103,1897,664.0,0.174,1,stable
733394.50,4051215.75,2454.49,2104,1894,665.0,0.175,1,stable
733395.50,4051215.75,2454.93,2104,1891,666.0,0.175,1,stable
733389.50,4051214.75,2452.18,2108,1907,660.0,0.173,1,stable
733390.50,4051214.75,2452.67,2108,1904,661.0,0.174,1,stable
733392.50,4051214.75,2453.78,2109,1898,663.0,0.174,1,stable
733393.50,4051214.75,2454.24,2109,1895,664.0,0.174,1,stable
733394.50,4051214.75,2454.64,2110,1893,664.9,0.175,1,stable
733388.50,4051213.75,2451.46,2113,1912,658.9,0.173,1,stable
733389.50,4051213.75,2452.03,2114,1908,659.9,0.173,1,stable
733390.50,4051213.75,2452.51,2114,1905,660.9,0.174,1,stable
733391.50,4051213.75,2453.27,2114,1901,661.9,0.174,1,stable
733392.50,4051213.75,2453.65,2115,1899,662.9,0.174,1,stable
733393.50,4051213.75,2454.08,2115,1896,663.9,0.174,1,stable
733394.50,4051213.75,2454.53,2116,1893,664.9,0.175,1,stable
733395.50,4051213.75,2455.05,2116,1890,665.9,0.175,1,stable
733396.50,4051213.75,2455.05,2116,1890,666.9,0.175,0,stable
733397.50,4051213.75,2455.58,2117,1887,667.9,0.175,1,stable
733398.50,4051213.75,2456.87,2117,1880,668.9,0.176,1,stable
733401.50,4051213.75,2458.88,2118,1868,671.9,0.177,1,stable
733388.50,4051212.75,2451.17,2119,1913,658.9,0.173,1,stable
733389.50,4051212.75,2451.67,2120,1910,659.9,0.173,1,stable
733390.50,4051212.75,2452.23,2120,1907,660.8,0.174,1,stable
733391.50,4051212.75,2453.13,2120,1902,661.8,0.174,1,stable
733392.50,4051212.75,2453.49,2121,1900,662.8,0.174,1,stable
733393.50,4051212.75,2453.89,2121,1897,663.8,0.174,1,stable
733394.50,4051212.75,2454.30,2121,1895,664.8,0.175,1,stable
733395.50,4051212.75,2454.85,2122,1892,665.8,0.175,1,stable
733396.50,4051212.75,2454.85,2122,1892,666.8,0.175,0,stable
733397.50,4051212.75,2455.41,2122,1888,667.8,0.175,1,stable
733398.50,4051212.75,2456.61,2123,1881,668.8,0.176,1,stable
733389.50,4051211.75,2451.67,2126,1910,659.8,0.173,1,stable
733390.50,4051211.75,2452.23,2126,1907,660.8,0.174,1,stable
733391.50,4051211.75,2453.13,2126,1902,661.8,0.174,1,stable
733392.50,4051211.75,2453.49,2127,1900,662.8,0.174,1,stable
733393.50,4051211.75,2453.89,2127,1897,663.8,0.174,1,stable
733394.50,4051211.75,2454.30,2127,1895,664.8,0.175,1,stable
733395.50,4051211.75,2454.85,2128,1892,665.8,0.175,1,stable
733396.50,4051211.75,2454.85,2128,1892,666.8,0.175,0,stable
733397.50,4051211.75,2455.41,2128,1888,667.7,0.175,1,stable
733398.50,4051211.75,2456.61,2129,1881,668.7,0.176,1,stable
733399.50,4051211.75,2457.17,2129,1878,669.7,0.176,1,stable
733402.50,4051211.75,2459.25,2130,1866,672.7,0.177,1,stable
733403.50,4051211.75,2459.70,2130,1864,673.7,0.177,1,stable
733404.50,4051211.75,2459.70,2131,1864,674.7,0.177,1,stable
733405.50,4051211.75,2459.67,2131,1864,675.7,0.178,0,stable
733406.50,4051211.75,2458.96,2131,1868,676.7,0.178,1,stable
733417.50,4051211.75,2459.99,2135,1862,687.7,0.181,1,stable
733389.50,4051210.75,2451.67,2131,1910,659.7,0.173,1,stable
733390.50,4051210.75,2452.23,2132,1907,660.7,0.174,1,stable
733391.50,4051210.75,2453.13,2132,1902,661.7,0.174,1,stable
733392.50,4051210.75,2453.24,2132,1901,662.7,0.174,1,stable
733393.50,4051210.75,2453.68,2133,1898,663.7,0.174,1,stable
733394.50,4051210.75,2454.15,2133,1896,664.7,0.175,1,stable
733395.50,4051210.75,2454.70,2133,1892,665.7,0.175,1,stable
733396.50,4051210.75,2454.70,2134,1892,666.7,0.175,1,stable
733397.50,4051210.75,2455.30,2134,1889,667.7,0.175,1,stable
733398.50,4051210.75,2456.38,2134,1883,668.7,0.176,1,stable
733399.50,4051210.75,2457.00,2135,1879,669.7,0.176,1,stable
733402.50,4051210.75,2458.99,2136,1868,672.7,0.177,1,stable
733403.50,4051210.75,2459.61,2136,1864,673.7,0.177,1,stable
733404.50,4051210.75,2459.61,2136,1864,674.7,0.177,0,stable
733405.50,4051210.75,2459.89,2137,1863,675.7,0.178,1,stable
733406.50,4051210.75,2459.30,2137,1866,676.7,0.178,1,stable
733416.50,4051210.75,2459.19,2140,1867,686.7,0.180,1,stable
733417.50,4051210.75,2459.77,2141,1864,687.7,0.181,1,stable
733418.50,4051210.75,2460.33,2141,1860,688.7,0.181,1,stable
733387.50,4051209.75,2450.36,2137,1918,657.7,0.173,1,stable
733388.50,4051209.75,2450.85,2137,1915,658.7,0.173,1,stable
733389.50,4051209.75,2451.37,2137,1912,659.7,0.173,1,stable
733390.50,4051209.75,2451.89,2138,1909,660.7,0.174,1,stable
733391.50,4051209.75,2452.86,2138,1903,661.7,0.174,1,stable
733392.50,4051209.75,2453.24,2138,1901,662.7,0.174,1,stable
733393.50,4051209.75,2453.68,2139,1898,663.6,0.174,1,stable
733394.50,4051209.75,2454.15,2139,1896,664.6,0.175,1,stable
733395.50,4051209.75,2454.53,2139,1893,665.6,0.175,1,stable
733396.50,4051209.75,2454.53,2140,1893,666.6,0.175,1,stable
733397.50,4051209.75,2455.10,2140,1890,667.6,0.175,1,stable
733398.50,4051209.75,2456.21,2140,1884,668.6,0.176,1,stable
733399.50,4051209.75,2456.82,2141,1880,669.6,0.176,1,stable
733400.50,4051209.75,2457.44,2141,1877,670.6,0.176,1,stable
733403.50,4051209.75,2459.51,2142,1865,673.6,0.177,1,stable
733404.50,4051209.75,2459.51,2142,1865,674.6,0.177,0,stable
733405.50,4051209.75,2459.87,2142,1863,675.6,0.178,1,stable
733406.50,4051209.75,2459.60,2143,1864,676.6,0.178,1,stable
733407.50,4051209.75,2458.92,2143,1868,677.6,0.178,1,stable
733416.50,4051209.75,2459.12,2146,1867,686.6,0.180,1,stable
733417.50,4051209.75,2459.58,2146,1865,687.6,0.181,1,stable
733418.50,4051209.75,2460.06,2147,1862,688.6,0.181,1,stable
733268.50,4051208.75,2402.82,2096,2265,541.6,0.142,1,stable
733386.50,4051208.75,2449.26,2142,1924,656.6,0.173,1,stable
733387.50,4051208.75,2450.03,2143,1920,657.6,0.173,1,stable
733388.50,4051208.75,2450.56,2143,1917,658.6,0.173,1,stable
733389.50,4051208.75,2450.98,2143,1914,659.6,0.173,1,stable
733390.50,4051208.75,2451.47,2144,1911,660.6,0.174,1,stable
733391.50,4051208.75,2452.52,2144,1905,661.6,0.174,1,stable
733392.50,4051208.75,2452.97,2144,1903,662.6,0.174,1,stable
733393.50,4051208.75,2453.45,2145,1900,663.6,0.174,1,stable
733394.50,4051208.75,2453.99,2145,1897,664.6,0.175,1,stable
733395.50,4051208.75,2453.99,2145,1897,665.6,0.175,0,stable
733396.50,4051208.75,2454.53,2145,1893,666.6,0.175,1,stable
733397.50,4051208.75,2455.10,2146,1890,667.6,0.175,1,stable
733398.50,4051208.75,2456.04,2146,1885,668.6,0.176,1,stable
733399.50,4051208.75,2456.61,2146,1881,669.6,0.176,1,stable
733400.50,4051208.75,2457.19,2147,1878,670.6,0.176,1,stable
733401.50,4051208.75,2458.38,2147,1871,671.6,0.176,1,stable
733406.50,4051208.75,2459.83,2149,1863,676.6,0.178,1,stable
733407.50,4051208.75,2459.26,2149,1866,677.6,0.178,1,stable
733416.50,4051208.75,2459.13,2152,1867,686.5,0.180,1,stable
733417.50,4051208.75,2459.46,2152,1865,687.5,0.181,1,stable
733418.50,4051208.75,2459.80,2152,1863,688.5,0.181,1,stable
733385.50,4051207.75,2449.39,2148,1924,655.6,0.172,1,stable
733386.50,4051207.75,2449.39,2148,1924,656.6,0.173,0,stable
733387.50,4051207.75,2450.10,2149,1920,657.6,0.173,1,stable
733388.50,4051207.75,2450.58,2149,1917,658.6,0.173,1,stable
733389.50,4051207.75,2450.81,2149,1915,659.6,0.173,1,stable
733390.50,4051207.75,2451.13,2150,1913,660.6,0.174,1,stable
733391.50,4051207.75,2452.02,2150,1908,661.5,0.174,1,stable
733392.50,4051207.75,2452.69,2150,1904,662.5,0.174,1,stable
733394.50,4051207.75,2453.84,2151,1897,664.5,0.175,1,stable
733395.50,4051207.75,2453.84,2151,1897,665.5,0.175,0,stable
733396.50,4051207.75,2454.38,2151,1894,666.5,0.175,1,stable
733397.50,4051207.75,2454.93,2152,1891,667.5,0.175,1,stable
733398.50,4051207.75,2456.04,2152,1885,668.5,0.176,1,stable
733399.50,4051207.75,2456.61,2152,1881,669.5,0.176,1,stable
733400.50,4051207.75,2457.19,2153,1878,670.5,0.176,1,stable
733401.50,4051207.75,2458.05,2153,1873,671.5,0.176,1,stable
733402.50,4051207.75,2458.66,2153,1870,672.5,0.177,1,stable
733405.50,4051207.75,2459.68,2154,1864,675.5,0.178,1,stable
733406.50,4051207.75,2459.80,2154,1863,676.5,0.178,1,stable
733407.50,4051207.75,2459.45,2155,1865,677.5,0.178,1,stable
733417.50,4051207.75,2459.41,2158,1866,687.5,0.181,1,stable
733387.50,4051206.75,2450.56,2154,1917,657.5,0.173,1,stable
733390.50,4051206.75,2451.21,2155,1913,660.5,0.174,1,stable
733393.50,4051206.75,2453.04,2156,1902,663.5,0.174,1,stable
733394.50,4051206.75,2453.64,2157,1899,664.5,0.175,1,stable
733395.50,4051206.75,2453.64,2157,1899,665.5,0.175,0,stable
733396.50,4051206.75,2454.21,2157,1895,666.5,0.175,1,stable
733397.50,4051206.75,2454.72,2157,1892,667.5,0.175,1,stable
733398.50,4051206.75,2455.77,2158,1886,668.5,0.176,1,stable
733399.50,4051206.75,2456.26,2158,1883,669.5,0.176,1,stable
733400.50,4051206.75,2456.82,2158,1880,670.5,0.176,1,stable
733401.50,4051206.75,2458.05,2159,1873,671.5,0.176,1,stable
733402.50,4051206.75,2458.66,2159,1870,672.5,0.177,1,stable
733403.50,4051206.75,2458.66,2159,1870,673.4,0.177,0,stable
733404.50,4051206.75,2459.24,2159,1866,674.4,0.177,1,stable
733405.50,4051206.75,2459.42,2160,1865,675.4,0.177,1,stable
733406.50,4051206.75,2459.57,2160,1865,676.4,0.178,0,stable
733407.50,4051206.75,2459.40,2160,1866,677.4,0.178,1,stable
733394.50,4051205.75,2453.42,2162,1900,664.4,0.175,1,stable
733395.50,4051205.75,2453.42,2163,1900,665.4,0.175,1,stable
733396.50,4051205.75,2454.01,2163,1896,666.4,0.175,1,stable
733397.50,4051205.75,2454.37,2163,1894,667.4,0.175,1,stable
733398.50,4051205.75,2455.29,2164,1889,668.4,0.176,1,stable
733399.50,4051205.75,2455.74,2164,1886,669.4,0.176,1,stable
733400.50,4051205.75,2456.33,2164,1883,670.4,0.176,1,stable
733401.50,4051205.75,2457.60,2164,1876,671.4,0.176,1,stable
733402.50,4051205.75,2458.30,2165,1872,672.4,0.177,1,stable
733403.50,4051205.75,2458.30,2165,1872,673.4,0.177,0,stable
733404.50,4051205.75,2458.93,2165,1868,674.4,0.177,1,stable
733405.50,4051205.75,2459.42,2166,1865,675.4,0.177,1,stable
733406.50,4051205.75,2459.57,2166,1865,676.4,0.178,0,stable
733395.50,4051204.75,2453.01,2169,1902,665.4,0.175,1,stable
733396.50,4051204.75,2453.58,2169,1899,666.4,0.175,1,stable
733397.50,4051204.75,2454.00,2169,1896,667.4,0.175,1,stable
733398.50,4051204.75,2454.87,2169,1891,668.4,0.176,1,stable
733401.50,4051204.75,2457.26,2170,1878,671.3,0.176,1,stable
733402.50,4051204.75,2457.90,2170,1874,672.3,0.177,1,stable
733403.50,4051204.75,2457.90,2171,1874,673.3,0.177,1,stable
733404.50,4051204.75,2458.55,2171,1870,674.3,0.177,1,stable
733405.50,4051204.75,2459.05,2171,1868,675.3,0.177,1,stable
733409.50,4051204.75,2458.60,2172,1870,679.3,0.179,1,stable
733384.50,4051203.75,2449.97,2171,1920,654.4,0.172,1,stable
733394.50,4051203.75,2452.69,2174,1904,664.3,0.175,0,stable
733395.50,4051203.75,2453.04,2174,1902,665.3,0.175,1,stable
733396.50,4051203.75,2453.48,2175,1899,666.3,0.175,1,stable
733402.50,4051203.75,2457.10,2176,1879,672.3,0.177,0,stable
733403.50,4051203.75,2457.49,2177,1876,673.3,0.177,1,stable
733404.50,4051203.75,2458.15,2177,1873,674.3,0.177,1,stable
733405.50,4051203.75,2458.60,2177,1870,675.3,0.177,1,stable
733406.50,4051203.75,2459.03,2177,1868,676.3,0.178,1,stable
733408.50,4051203.75,2459.26,2178,1866,678.3,0.178,0,stable
733416.50,4051203.75,2459.58,2180,1865,686.3,0.180,1,stable
733363.50,4051202.75,2437.85,2172,1995,633.6,0.166,1,stable
733382.50,4051202.75,2449.95,2177,1921,652.3,0.171,1,stable
733383.50,4051202.75,2450.25,2177,1919,653.3,0.172,1,stable
733384.50,4051202.75,2450.49,2177,1917,654.3,0.172,1,stable
733402.50,4051202.75,2457.34,2182,1877,672.3,0.177,0,stable
733403.50,4051202.75,2457.88,2182,1874,673.2,0.177,1,stable
733404.50,4051202.75,2458.23,2183,1872,674.2,0.177,1,stable
733405.50,4051202.75,2458.57,2183,1870,675.2,0.177,1,stable
733406.50,4051202.75,2458.97,2183,1868,676.2,0.178,1,stable
733415.50,4051202.75,2459.20,2185,1867,685.2,0.180,1,stable
733336.50,4051201.75,2421.54,2170,2103,607.4,0.160,1,stable
733343.50,4051201.75,2424.88,2172,2080,614.2,0.161,1,stable
733344.50,4051201.75,2425.41,2172,2076,615.1,0.162,1,stable
733346.50,4051201.75,2426.98,2173,2066,617.0,0.162,1,stable
733382.50,4051201.75,2450.17,2183,1919,652.3,0.171,1,stable
733383.50,4051201.75,2450.45,2183,1918,653.3,0.172,1,stable
733406.50,4051201.75,2459.25,2189,1866,676.2,0.178,1,stable
733407.50,4051201.75,2459.81,2189,1863,677.2,0.178,1,stable
733329.50,4051200.75,2417.11,2174,2134,600.6,0.158,1,stable
733343.50,4051200.75,2424.88,2178,2080,614.1,0.161,1,stable
733383.50,4051200.75,2450.80,2189,1916,653.2,0.172,1,stable
733384.50,4051200.75,2451.25,2189,1913,654.2,0.172,1,stable
733385.50,4051200.75,2451.25,2189,1913,655.2,0.172,0,stable
733386.50,4051200.75,2451.67,2190,1910,656.2,0.172,1,stable
733388.50,4051200.75,2452.08,2190,1908,658.2,0.173,1,stable
733390.50,4051200.75,2452.85,2191,1903,660.2,0.173,1,stable
733391.50,4051200.75,2453.70,2191,1898,661.2,0.174,1,stable
733393.50,4051200.75,2454.46,2191,1894,663.2,0.174,1,stable
733394.50,4051200.75,2454.46,2192,1894,664.2,0.175,1,stable
733395.50,4051200.75,2454.93,2192,1891,665.2,0.175,1,stable
733396.50,4051200.75,2455.29,2192,1889,666.2,0.175,1,stable
733342.50,4051199.75,2424.27,2184,2084,613.1,0.161,1,stable
733344.50,4051199.75,2425.38,2185,2077,615.0,0.162,1,stable
733345.50,4051199.75,2425.88,2185,2073,616.0,0.162,1,stable
733348.50,4051199.75,2428.15,2186,2058,618.9,0.163,1,stable
733363.50,4051199.75,2437.88,2190,1995,633.5,0.166,1,stable
733385.50,4051199.75,2451.57,2195,1911,655.2,0.172,0,stable
733386.50,4051199.75,2452.06,2196,1908,656.2,0.172,1,stable
733387.50,4051199.75,2452.25,2196,1907,657.2,0.173,1,stable
733388.50,4051199.75,2452.51,2196,1905,658.2,0.173,1,stable
733389.50,4051199.75,2452.78,2196,1904,659.1,0.173,1,stable
733390.50,4051199.75,2453.09,2197,1902,660.1,0.173,1,stable
733391.50,4051199.75,2453.83,2197,1898,661.1,0.174,1,stable
733392.50,4051199.75,2454.21,2197,1895,662.1,0.174,1,stable
733393.50,4051199.75,2454.67,2197,1893,663.1,0.174,1,stable
733394.50,4051199.75,2454.67,2197,1893,664.1,0.175,0,stable
733395.50,4051199.75,2455.23,2198,1889,665.1,0.175,1,stable
733396.50,4051199.75,2455.63,2198,1887,666.1,0.175,1,stable
733397.50,4051199.75,2456.19,2198,1884,667.1,0.175,1,stable
733402.50,4051199.75,2458.32,2199,1872,672.1,0.177,0,stable
733343.50,4051198.75,2424.69,2191,2081,614.0,0.161,1,stable
733345.50,4051198.75,2425.87,2192,2073,616.0,0.162,1,stable
733386.50,4051198.75,2452.04,2201,1908,656.1,0.172,1,stable
733387.50,4051198.75,2452.36,2202,1906,657.1,0.173,1,stable
733388.50,4051198.75,2452.61,2202,1905,658.1,0.173,1,stable
733389.50,4051198.75,2452.79,2202,1904,659.1,0.173,1,stable
733390.50,4051198.75,2453.13,2202,1902,660.1,0.173,1,stable
733391.50,4051198.75,2454.05,2203,1896,661.1,0.174,1,stable
733392.50,4051198.75,2454.49,2203,1894,662.1,0.174,1,stable
733393.50,4051198.75,2454.89,2203,1891,663.1,0.174,1,stable
733394.50,4051198.75,2454.89,2203,1891,664.1,0.175,0,stable
733395.50,4051198.75,2455.43,2204,1888,665.1,0.175,1,stable
733396.50,4051198.75,2455.84,2204,1886,666.1,0.175,1,stable
733397.50,4051198.75,2456.33,2204,1883,667.1,0.175,1,stable
733398.50,4051198.75,2457.26,2204,1878,668.1,0.176,1,stable
733399.50,4051198.75,2457.62,2204,1876,669.1,0.176,1,stable
733400.50,4051198.75,2457.88,2205,1874,670.1,0.176,1,stable
733401.50,4051198.75,2458.57,2205,1870,671.1,0.176,1,stable
733402.50,4051198.75,2458.57,2205,1870,672.1,0.177,0,stable
733403.50,4051198.75,2458.98,2205,1868,673.1,0.177,1,stable
733404.50,4051198.75,2459.53,2206,1865,674.1,0.177,1,stable
733330.50,4051197.75,2417.86,2194,2129,601.4,0.158,1,stable
733345.50,4051197.75,2425.93,2198,2073,615.9,0.162,1,stable
733387.50,4051197.75,2452.34,2208,1906,657.1,0.173,1,stable
733388.50,4051197.75,2452.60,2208,1905,658.1,0.173,1,stable
733389.50,4051197.75,2452.78,2208,1904,659.1,0.173,1,stable
733390.50,4051197.75,2453.19,2208,1901,660.1,0.173,1,stable
733391.50,4051197.75,2454.34,2208,1895,661.1,0.174,1,stable
733392.50,4051197.75,2454.90,2209,1891,662.0,0.174,1,stable
733393.50,4051197.75,2454.90,2209,1891,663.0,0.174,0,stable
733394.50,4051197.75,2455.34,2209,1889,664.0,0.174,1,stable
733395.50,4051197.75,2455.66,2209,1887,665.0,0.175,1,stable
733396.50,4051197.75,2455.99,2210,1885,666.0,0.175,1,stable
733397.50,4051197.75,2456.51,2210,1882,667.0,0.175,1,stable
733398.50,4051197.75,2457.49,2210,1876,668.0,0.176,1,stable
733399.50,4051197.75,2457.99,2210,1874,669.0,0.176,1,stable
733400.50,4051197.75,2458.28,2210,1872,670.0,0.176,1,stable
733401.50,4051197.75,2458.28,2211,1872,671.0,0.176,1,stable
733402.50,4051197.75,2459.00,2211,1868,672.0,0.177,1,stable
733590.50,4051197.75,2556.15,2242,1435,865.5,0.227,1,stable
733591.50,4051197.75,2556.78,2242,1433,866.6,0.228,1,stable
733592.50,4051197.75,2558.10,2242,1428,867.7,0.228,1,stable
733310.50,4051196.75,2406.05,2195,2215,582.4,0.153,1,stable
733387.50,4051196.75,2452.34,2214,1906,657.0,0.173,1,stable
733388.50,4051196.75,2452.60,2214,1905,658.0,0.173,1,stable
733389.50,4051196.75,2452.78,2214,1904,659.0,0.173,1,stable
733390.50,4051196.75,2453.19,2214,1901,660.0,0.173,1,stable
733391.50,4051196.75,2454.57,2214,1893,661.0,0.174,1,stable
733392.50,4051196.75,2455.12,2215,1890,662.0,0.174,1,stable
733393.50,4051196.75,2455.12,2215,1890,663.0,0.174,0,stable
733394.50,4051196.75,2455.50,2215,1888,664.0,0.174,1,stable
733395.50,4051196.75,2455.86,2215,1886,665.0,0.175,1,stable
733396.50,4051196.75,2456.29,2215,1883,666.0,0.175,1,stable
733397.50,4051196.75,2456.70,2216,1881,667.0,0.175,1,stable
733398.50,4051196.75,2457.67,2216,1875,668.0,0.176,1,stable
733399.50,4051196.75,2458.15,2216,1873,669.0,0.176,1,stable
733400.50,4051196.75,2458.53,2216,1870,670.0,0.176,1,stable
733401.50,4051196.75,2458.53,2216,1870,671.0,0.176,0,stable
733402.50,4051196.75,2459.31,2217,1866,672.0,0.177,1,stable
733403.50,4051196.75,2459.80,2217,1863,673.0,0.177,1,stable
733590.50,4051196.75,2556.11,2246,1436,865.5,0.227,1,stable
733591.50,4051196.75,2556.75,2246,1433,866.5,0.228,1,stable
733592.50,4051196.75,2558.09,2246,1428,867.7,0.228,1,stable
733593.50,4051196.75,2558.83,2247,1425,868.8,0.228,1,stable
733304.50,4051195.75,2404.65,2200,2228,576.5,0.151,1,stable
733305.50,4051195.75,2404.65,2201,2227,577.5,0.152,0,stable
733306.50,4051195.75,2404.77,2201,2226,578.5,0.152,1,stable
733307.50,4051195.75,2405.05,2201,2223,579.5,0.152,1,stable
733387.50,4051195.75,2452.37,2219,1906,657.0,0.173,1,stable
733388.50,4051195.75,2452.63,2220,1905,658.0,0.173,1,stable
733389.50,4051195.75,2453.10,2220,1902,659.0,0.173,1,stable
733390.50,4051195.75,2453.45,2220,1900,660.0,0.173,1,stable
733391.50,4051195.75,2454.57,2220,1893,661.0,0.174,1,stable
733392.50,4051195.75,2455.12,2220,1890,662.0,0.174,1,stable
733393.50,4051195.75,2455.12,2221,1890,663.0,0.174,1,stable
733394.50,4051195.75,2455.65,2221,1887,664.0,0.174,1,stable
733395.50,4051195.75,2456.10,2221,1884,665.0,0.175,1,stable
733396.50,4051195.75,2456.60,2221,1882,666.0,0.175,1,stable
733397.50,4051195.75,2456.94,2221,1880,667.0,0.175,1,stable
733398.50,4051195.75,2457.88,2222,1874,668.0,0.176,1,stable
733399.50,4051195.75,2458.26,2222,1872,669.0,0.176,1,stable
733400.50,4051195.75,2458.72,2222,1869,670.0,0.176,1,stable
733401.50,4051195.75,2458.72,2222,1869,671.0,0.176,0,stable
733402.50,4051195.75,2459.58,2222,1865,672.0,0.177,1,stable
733403.50,4051195.75,2460.04,2223,1862,673.0,0.177,1,stable
733404.50,4051195.75,2460.50,2223,1859,674.0,0.177,1,stable
733405.50,4051195.75,2460.94,2223,1857,675.0,0.177,1,stable
733592.50,4051195.75,2557.80,2251,1429,867.6,0.228,1,stable
733287.50,4051194.75,2406.50,2202,2226,559.4,0.147,0,stable
733307.50,4051194.75,2405.09,2208,2223,579.4,0.152,1,stable
733389.50,4051194.75,2453.08,2226,1902,658.9,0.173,1,stable
733390.50,4051194.75,2453.62,2226,1899,659.9,0.173,1,stable
733391.50,4051194.75,2454.68,2226,1893,660.9,0.174,1,stable
733392.50,4051194.75,2455.21,2226,1890,661.9,0.174,1,stable
733393.50,4051194.75,2455.21,2226,1890,662.9,0.174,0,stable
733394.50,4051194.75,2455.65,2227,1887,663.9,0.174,1,stable
733395.50,4051194.75,2456.10,2227,1884,664.9,0.175,1,stable
733396.50,4051194.75,2456.60,2227,1882,665.9,0.175,1,stable
733397.50,4051194.75,2456.94,2227,1880,666.9,0.175,1,stable
733398.50,4051194.75,2458.01,2227,1873,667.9,0.176,1,stable
733399.50,4051194.75,2458.39,2228,1871,668.9,0.176,1,stable
733400.50,4051194.75,2458.86,2228,1869,669.9,0.176,1,stable
733401.50,4051194.75,2458.86,2228,1869,670.9,0.176,0,stable
733402.50,4051194.75,2459.74,2228,1864,671.9,0.177,1,stable
733403.50,4051194.75,2460.20,2228,1861,672.9,0.177,1,stable
733404.50,4051194.75,2460.73,2229,1858,673.9,0.177,1,stable
733405.50,4051194.75,2461.22,2229,1855,674.9,0.177,1,stable
733406.50,4051194.75,2461.64,2229,1853,675.9,0.178,1,stable
733407.50,4051194.75,2462.13,2229,1850,676.9,0.178,1,stable
733408.50,4051194.75,2462.46,2229,1848,677.9,0.178,1,stable
733410.50,4051194.75,2462.92,2230,1846,679.9,0.179,1,stable
733411.50,4051194.75,2463.29,2230,1844,680.9,0.179,1,stable
733285.50,4051193.75,2406.29,2209,2229,557.4,0.146,1,stable
733286.50,4051193.75,2406.29,2209,2228,558.4,0.147,1,stable
733287.50,4051193.75,2406.20,2209,2228,559.4,0.147,0,stable
733333.50,4051193.75,2418.77,2221,2122,604.2,0.159,1,stable
733388.50,4051193.75,2452.47,2231,1906,657.9,0.173,1,stable
733389.50,4051193.75,2453.05,2232,1902,658.9,0.173,1,stable
733390.50,4051193.75,2453.64,2232,1899,659.9,0.173,1,stable
733391.50,4051193.75,2454.72,2232,1893,660.9,0.174,1,stable
733392.50,4051193.75,2455.13,2232,1890,661.9,0.174,1,stable
733393.50,4051193.75,2455.13,2232,1890,662.9,0.174,0,stable
733394.50,4051193.75,2455.72,2233,1887,663.9,0.174,1,stable
733395.50,4051193.75,2456.27,2233,1883,664.9,0.175,1,stable
733396.50,4051193.75,2456.82,2233,1880,665.9,0.175,1,stable
733397.50,4051193.75,2457.22,2233,1878,666.9,0.175,1,stable
733398.50,4051193.75,2458.01,2233,1873,667.9,0.176,1,stable
733399.50,4051193.75,2458.39,2233,1871,668.9,0.176,1,stable
733400.50,4051193.75,2458.97,2234,1868,669.9,0.176,1,stable
733401.50,4051193.75,2458.97,2234,1868,670.9,0.176,0,stable
733402.50,4051193.75,2459.87,2234,1863,671.9,0.177,1,stable
733403.50,4051193.75,2460.36,2234,1860,672.9,0.177,1,stable
733404.50,4051193.75,2460.82,2234,1858,673.9,0.177,1,stable
733405.50,4051193.75,2461.37,2234,1854,674.9,0.177,1,stable
733406.50,4051193.75,2461.78,2235,1852,675.9,0.178,1,stable
733407.50,4051193.75,2462.14,2235,1850,676.9,0.178,1,stable
733408.50,4051193.75,2462.59,2235,1848,677.9,0.178,1,stable
733409.50,4051193.75,2463.06,2235,1845,678.9,0.178,1,stable
733410.50,4051193.75,2463.06,2235,1845,679.9,0.179,0,stable
733411.50,4051193.75,2463.46,2236,1843,680.9,0.179,1,stable
733412.50,4051193.75,2463.78,2236,1841,681.9,0.179,1,stable
733282.50,4051192.75,2405.37,2215,2237,554.4,0.146,1,stable
733283.50,4051192.75,2405.50,2215,2235,555.4,0.146,1,stable
733284.50,4051192.75,2405.89,2215,2232,556.4,0.146,1,stable
733285.50,4051192.75,2406.38,2216,2228,557.3,0.146,1,stable
733286.50,4051192.75,2406.38,2216,2227,558.3,0.147,1,stable
733388.50,4051192.75,2452.32,2237,1907,657.9,0.173,1,stable
733389.50,4051192.75,2452.96,2237,1903,658.9,0.173,1,stable
733390.50,4051192.75,2453.60,2238,1899,659.9,0.173,1,stable
733391.50,4051192.75,2454.84,2238,1892,660.9,0.174,1,stable
733392.50,4051192.75,2454.84,2238,1892,661.9,0.174,0,stable
733393.50,4051192.75,2455.29,2238,1889,662.9,0.174,1,stable
733394.50,4051192.75,2455.82,2238,1886,663.9,0.174,1,stable
733395.50,4051192.75,2456.36,2239,1883,664.9,0.175,1,stable
733396.50,4051192.75,2456.85,2239,1880,665.9,0.175,1,stable
733397.50,4051192.75,2457.29,2239,1878,666.9,0.175,1,stable
733398.50,4051192.75,2458.15,2239,1873,667.9,0.175,1,stable
733399.50,4051192.75,2458.51,2239,1871,668.9,0.176,1,stable
733400.50,4051192.75,2458.51,2239,1871,669.9,0.176,0,stable
733401.50,4051192.75,2458.97,2240,1868,670.9,0.176,1,stable
733402.50,4051192.75,2459.87,2240,1863,671.9,0.177,1,stable
733403.50,4051192.75,2460.57,2240,1859,672.9,0.177,1,stable
733404.50,4051192.75,2461.05,2240,1856,673.9,0.177,1,stable
733405.50,4051192.75,2461.48,2240,1854,674.9,0.177,1,stable
733406.50,4051192.75,2461.91,2240,1851,675.9,0.178,1,stable
733407.50,4051192.75,2462.29,2241,1849,676.9,0.178,1,stable
733408.50,4051192.75,2462.68,2241,1847,677.9,0.178,1,stable
733409.50,4051192.75,2462.68,2241,1847,678.9,0.178,0,stable
733410.50,4051192.75,2463.18,2241,1844,679.9,0.179,1,stable
733411.50,4051192.75,2463.71,2241,1841,680.9,0.179,1,stable
733412.50,4051192.75,2464.12,2241,1839,681.9,0.179,1,stable
733423.50,4051192.75,2464.42,2243,1838,692.9,0.182,1,stable
733505.50,4051192.75,2505.97,2255,1636,776.3,0.204,1,stable
733506.50,4051192.75,2506.44,2255,1634,777.3,0.204,1,stable
733507.50,4051192.75,2506.44,2255,1635,778.3,0.205,1,stable
733199.50,4051191.75,2376.81,2198,2530,475.9,0.125,1,stable
733277.50,4051191.75,2403.52,2221,2253,549.6,0.144,1,stable
733278.50,4051191.75,2403.86,2221,2250,550.6,0.145,1,stable
733279.50,4051191.75,2404.04,2221,2248,551.5,0.145,1,stable
733280.50,4051191.75,2404.27,2221,2246,552.5,0.145,1,stable
733281.50,4051191.75,2404.54,2222,2243,553.5,0.145,1,stable
733282.50,4051191.75,2404.78,2222,2241,554.5,0.146,1,stable
733283.50,4051191.75,2405.01,2222,2239,555.4,0.146,1,stable
733284.50,4051191.75,2405.47,2222,2235,556.4,0.146,1,stable
733387.50,4051191.75,2451.43,2243,1912,656.9,0.173,1,stable
733388.50,4051191.75,2452.12,2243,1908,657.9,0.173,1,stable
733389.50,4051191.75,2452.76,2243,1904,658.8,0.173,1,stable
733390.50,4051191.75,2453.51,2244,1900,659.8,0.173,1,stable
733391.50,4051191.75,2454.80,2244,1892,660.8,0.174,1,stable
733392.50,4051191.75,2454.80,2244,1892,661.8,0.174,0,stable
733393.50,4051191.75,2455.29,2244,1889,662.8,0.174,1,stable
733394.50,4051191.75,2455.91,2244,1886,663.8,0.174,1,stable
733395.50,4051191.75,2456.40,2244,1883,664.8,0.175,1,stable
733396.50,4051191.75,2456.86,2245,1880,665.8,0.175,1,stable
733397.50,4051191.75,2457.26,2245,1878,666.8,0.175,1,stable
733398.50,4051191.75,2458.25,2245,1872,667.8,0.175,1,stable
733399.50,4051191.75,2458.63,2245,1870,668.8,0.176,1,stable
733400.50,4051191.75,2458.63,2245,1870,669.8,0.176,0,stable
733401.50,4051191.75,2459.13,2245,1867,670.8,0.176,1,stable
733402.50,4051191.75,2460.06,2245,1862,671.8,0.177,1,stable
733403.50,4051191.75,2460.57,2246,1859,672.8,0.177,1,stable
733404.50,4051191.75,2461.05,2246,1856,673.8,0.177,1,stable
733405.50,4051191.75,2461.48,2246,1854,674.8,0.177,1,stable
733406.50,4051191.75,2461.91,2246,1851,675.8,0.178,1,stable
733407.50,4051191.75,2462.25,2246,1850,676.8,0.178,1,stable
733408.50,4051191.75,2462.72,2246,1847,677.8,0.178,1,stable
733409.50,4051191.75,2462.72,2247,1847,678.8,0.178,1,stable
733410.50,4051191.75,2463.20,2247,1844,679.8,0.179,1,stable
733411.50,4051191.75,2463.72,2247,1841,680.8,0.179,1,stable
733412.50,4051191.75,2464.25,2247,1838,681.8,0.179,1,stable
733413.50,4051191.75,2465.15,2247,1833,682.9,0.179,1,stable
733422.50,4051191.75,2463.90,2249,1841,691.8,0.182,1,stable
733503.50,4051191.75,2504.78,2260,1642,774.2,0.203,1,stable
733504.50,4051191.75,2505.34,2260,1639,775.2,0.204,1,stable
733505.50,4051191.75,2505.87,2260,1637,776.3,0.204,1,stable
733506.50,4051191.75,2506.40,2260,1634,777.3,0.204,1,stable
733507.50,4051191.75,2506.40,2260,1635,778.3,0.205,1,stable
733197.50,4051190.75,2376.55,2205,2535,474.0,0.125,1,stable
733275.50,4051190.75,2402.57,2227,2261,547.7,0.144,1,stable
733278.50,4051190.75,2403.26,2228,2254,550.6,0.145,1,stable
733279.50,4051190.75,2403.42,2228,2252,551.6,0.145,1,stable
733280.50,4051190.75,2403.69,2228,2250,552.5,0.145,1,stable
733281.50,4051190.75,2404.07,2229,2246,553.5,0.145,1,stable
733282.50,4051190.75,2404.25,2229,2244,554.5,0.146,1,stable
733283.50,4051190.75,2404.66,2229,2241,555.4,0.146,1,stable
733284.50,4051190.75,2405.10,2229,2237,556.4,0.146,1,stable
733337.50,4051190.75,2421.24,2241,2105,607.9,0.160,1,stable
733387.50,4051190.75,2451.64,2249,1911,656.8,0.173,1,stable
733389.50,4051190.75,2452.81,2249,1904,658.8,0.173,1,stable
733391.50,4051190.75,2454.69,2250,1893,660.8,0.174,1,stable
733392.50,4051190.75,2454.69,2250,1893,661.8,0.174,0,stable
733393.50,4051190.75,2455.27,2250,1889,662.8,0.174,1,stable
733394.50,4051190.75,2455.83,2250,1886,663.8,0.174,1,stable
733395.50,4051190.75,2456.40,2250,1883,664.8,0.175,1,stable
733396.50,4051190.75,2456.87,2250,1880,665.8,0.175,1,stable
733397.50,4051190.75,2457.34,2250,1877,666.8,0.175,1,stable
733398.50,4051190.75,2458.26,2251,1872,667.8,0.175,1,stable
733399.50,4051190.75,2458.67,2251,1870,668.8,0.176,1,stable
733400.50,4051190.75,2458.67,2251,1870,669.8,0.176,0,stable
733401.50,4051190.75,2459.15,2251,1867,670.8,0.176,1,stable
733402.50,4051190.75,2460.06,2251,1862,671.8,0.177,1,stable
733403.50,4051190.75,2460.54,2251,1859,672.8,0.177,1,stable
733404.50,4051190.75,2460.98,2252,1857,673.8,0.177,1,stable
733405.50,4051190.75,2461.40,2252,1854,674.8,0.177,1,stable
733406.50,4051190.75,2461.85,2252,1852,675.8,0.178,1,stable
733407.50,4051190.75,2462.25,2252,1850,676.8,0.178,1,stable
733408.50,4051190.75,2462.72,2252,1847,677.8,0.178,1,stable
733409.50,4051190.75,2462.72,2252,1847,678.8,0.178,0,stable
733410.50,4051190.75,2463.13,2252,1845,679.8,0.179,1,stable
733411.50,4051190.75,2463.63,2253,1842,680.8,0.179,1,stable
733412.50,4051190.75,2464.17,2253,1839,681.8,0.179,1,stable
733413.50,4051190.75,2465.26,2253,1833,682.8,0.179,1,stable
733414.50,4051190.75,2465.59,2253,1831,683.8,0.180,1,stable
733415.50,4051190.75,2465.46,2253,1832,684.8,0.180,1,stable
733425.50,4051190.75,2465.64,2255,1831,694.8,0.183,1,stable
733504.50,4051190.75,2505.30,2265,1639,775.2,0.204,1,stable
733505.50,4051190.75,2505.87,2265,1637,776.2,0.204,1,stable
733506.50,4051190.75,2505.87,2265,1637,777.2,0.204,0,stable
733274.50,4051189.75,2401.30,2234,2270,546.8,0.144,1,stable
733275.50,4051189.75,2401.23,2234,2270,547.8,0.144,0,stable
733276.50,4051189.75,2401.23,2234,2269,548.8,0.144,1,stable
733279.50,4051189.75,2402.47,2235,2259,551.6,0.145,1,stable
733280.50,4051189.75,2402.42,2235,2258,552.6,0.145,1,stable
733281.50,4051189.75,2403.30,2236,2252,553.5,0.145,1,stable
733387.50,4051189.75,2451.75,2255,1910,656.8,0.173,1,stable
733393.50,4051189.75,2455.21,2256,1890,662.8,0.174,1,stable
733394.50,4051189.75,2455.76,2256,1886,663.8,0.174,1,stable
733395.50,4051189.75,2456.35,2256,1883,664.8,0.175,1,stable
733396.50,4051189.75,2456.87,2256,1880,665.8,0.175,1,stable
733397.50,4051189.75,2457.40,2256,1877,666.8,0.175,1,stable
733398.50,4051189.75,2458.31,2256,1872,667.8,0.175,1,stable
733399.50,4051189.75,2458.62,2257,1870,668.8,0.176,1,stable
733400.50,4051189.75,2458.62,2257,1870,669.8,0.176,0,stable
733401.50,4051189.75,2459.03,2257,1868,670.8,0.176,1,stable
733402.50,4051189.75,2459.97,2257,1862,671.8,0.177,1,stable
733403.50,4051189.75,2460.49,2257,1859,672.8,0.177,1,stable
733404.50,4051189.75,2460.92,2257,1857,673.8,0.177,1,stable
733405.50,4051189.75,2461.22,2257,1855,674.8,0.177,1,stable
733406.50,4051189.75,2461.72,2258,1852,675.8,0.178,1,stable
733407.50,4051189.75,2462.21,2258,1850,676.8,0.178,1,stable
733408.50,4051189.75,2462.68,2258,1847,677.8,0.178,1,stable
733409.50,4051189.75,2462.68,2258,1847,678.8,0.178,0,stable
733410.50,4051189.75,2463.13,2258,1845,679.8,0.179,1,stable
733411.50,4051189.75,2463.63,2258,1842,680.8,0.179,1,stable
733412.50,4051189.75,2464.17,2258,1839,681.8,0.179,1,stable
733413.50,4051189.75,2465.26,2259,1833,682.8,0.179,1,stable
733414.50,4051189.75,2465.67,2259,1831,683.8,0.180,1,stable
733415.50,4051189.75,2465.73,2259,1830,684.8,0.180,1,stable
733424.50,4051189.75,2464.92,2260,1835,693.8,0.182,1,stable
733526.50,4051189.75,2517.59,2272,1587,797.9,0.210,1,stable
733269.50,4051188.75,2400.02,2240,2283,541.9,0.142,1,stable
733270.50,4051188.75,2400.63,2240,2278,542.8,0.143,1,stable
733271.50,4051188.75,2399.86,2240,2283,543.9,0.143,0,stable
733272.50,4051188.75,2400.17,2241,2280,544.9,0.143,1,stable
733385.50,4051188.75,2451.40,2260,1912,654.8,0.172,1,stable
733391.50,4051188.75,2454.70,2261,1893,660.7,0.174,1,stable
733392.50,4051188.75,2454.70,2261,1893,661.7,0.174,0,stable
733393.50,4051188.75,2455.34,2262,1889,662.7,0.174,1,stable
733394.50,4051188.75,2456.06,2262,1885,663.7,0.174,1,stable
733395.50,4051188.75,2456.54,2262,1882,664.7,0.175,1,stable
733396.50,4051188.75,2456.91,2262,1880,665.7,0.175,1,stable
733397.50,4051188.75,2457.44,2262,1877,666.7,0.175,1,stable
733398.50,4051188.75,2458.39,2262,1871,667.7,0.175,1,stable
733399.50,4051188.75,2458.67,2262,1870,668.7,0.176,1,stable
733400.50,4051188.75,2458.67,2263,1870,669.7,0.176,1,stable
733401.50,4051188.75,2458.94,2263,1868,670.7,0.176,1,stable
733402.50,4051188.75,2459.90,2263,1863,671.7,0.177,1,stable
733403.50,4051188.75,2460.37,2263,1860,672.7,0.177,1,stable
733404.50,4051188.75,2460.81,2263,1858,673.7,0.177,1,stable
733405.50,4051188.75,2461.09,2263,1856,674.7,0.177,1,stable
733406.50,4051188.75,2461.65,2263,1853,675.7,0.178,1,stable
733407.50,4051188.75,2462.16,2263,1850,676.7,0.178,1,stable
733408.50,4051188.75,2462.49,2264,1848,677.7,0.178,1,stable
733409.50,4051188.75,2462.49,2264,1848,678.7,0.178,0,stable
733410.50,4051188.75,2462.99,2264,1845,679.8,0.179,1,stable
733411.50,4051188.75,2463.53,2264,1842,680.8,0.179,1,stable
733412.50,4051188.75,2463.99,2264,1840,681.8,0.179,1,stable
733413.50,4051188.75,2465.26,2264,1833,682.8,0.179,1,stable
733414.50,4051188.75,2465.67,2264,1831,683.8,0.180,1,stable
733415.50,4051188.75,2465.73,2265,1830,684.8,0.180,1,stable
733457.50,4051188.75,2480.90,2270,1753,727.1,0.191,1,stable
733269.50,4051187.75,2399.38,2247,2287,541.9,0.142,1,stable
733270.50,4051187.75,2399.99,2247,2282,542.9,0.143,1,stable
733389.50,4051187.75,2453.60,2267,1899,658.7,0.173,1,stable
733393.50,4051187.75,2455.64,2267,1887,662.7,0.174,1,stable
733394.50,4051187.75,2456.23,2267,1884,663.7,0.174,1,stable
733395.50,4051187.75,2456.69,2268,1881,664.7,0.175,1,stable
733396.50,4051187.75,2457.14,2268,1878,665.7,0.175,1,stable
733397.50,4051187.75,2457.65,2268,1876,666.7,0.175,1,stable
733398.50,4051187.75,2458.54,2268,1870,667.7,0.175,1,stable
733399.50,4051187.75,2458.54,2268,1870,668.7,0.176,0,stable
733400.50,4051187.75,2458.77,2268,1869,669.7,0.176,1,stable
733401.50,4051187.75,2458.94,2268,1868,670.7,0.176,1,stable
733402.50,4051187.75,2459.69,2269,1864,671.7,0.177,1,stable
733403.50,4051187.75,2460.10,2269,1862,672.7,0.177,1,stable
733404.50,4051187.75,2460.53,2269,1859,673.7,0.177,1,stable
733405.50,4051187.75,2460.99,2269,1857,674.7,0.177,1,stable
733406.50,4051187.75,2461.53,2269,1854,675.7,0.178,1,stable
733407.50,4051187.75,2462.05,2269,1851,676.7,0.178,1,stable
733408.50,4051187.75,2462.05,2269,1851,677.7,0.178,0,stable
733409.50,4051187.75,2462.53,2269,1848,678.7,0.178,1,stable
733410.50,4051187.75,2462.98,2270,1846,679.7,0.179,1,stable
733411.50,4051187.75,2463.50,2270,1843,680.7,0.179,1,stable
733412.50,4051187.75,2464.03,2270,1840,681.7,0.179,1,stable
733413.50,4051187.75,2465.25,2270,1833,682.7,0.179,1,stable
733414.50,4051187.75,2465.71,2270,1830,683.7,0.180,1,stable
733416.50,4051187.75,2465.69,2270,1831,685.7,0.180,1,stable
733427.50,4051187.75,2465.45,2272,1833,696.7,0.183,0,stable
733428.50,4051187.75,2465.98,2272,1830,697.7,0.183,1,stable
733149.50,4051186.75,2371.54,2224,2654,427.6,0.112,1,stable
733264.50,4051186.75,2397.28,2253,2306,537.2,0.141,1,stable
733265.50,4051186.75,2397.51,2254,2304,538.1,0.141,1,stable
733266.50,4051186.75,2397.67,2254,2302,539.1,0.142,1,stable
733267.50,4051186.75,2397.84,2254,2300,540.1,0.142,1,stable
733270.50,4051186.75,2399.10,2255,2289,542.9,0.143,1,stable
733271.50,4051186.75,2399.19,2255,2287,543.9,0.143,1,stable
733272.50,4051186.75,2399.57,2255,2284,544.9,0.143,1,stable
733384.50,4051186.75,2451.48,2272,1912,653.7,0.172,1,stable
733385.50,4051186.75,2451.96,2272,1909,654.7,0.172,1,stable
733386.50,4051186.75,2452.36,2272,1906,655.7,0.172,1,stable
733387.50,4051186.75,2452.99,2272,1903,656.7,0.173,1,stable
733388.50,4051186.75,2453.37,2273,1900,657.7,0.173,1,stable
733394.50,4051186.75,2456.55,2273,1882,663.7,0.174,1,stable
733395.50,4051186.75,2456.83,2273,1880,664.7,0.175,1,stable
733396.50,4051186.75,2457.37,2274,1877,665.7,0.175,1,stable
733397.50,4051186.75,2457.87,2274,1874,666.7,0.175,1,stable
733398.50,4051186.75,2458.62,2274,1870,667.7,0.175,1,stable
733399.50,4051186.75,2458.62,2274,1870,668.7,0.176,0,stable
733400.50,4051186.75,2458.84,2274,1869,669.7,0.176,1,stable
733401.50,4051186.75,2459.05,2274,1868,670.7,0.176,1,stable
733405.50,4051186.75,2460.80,2275,1858,674.7,0.177,1,stable
733406.50,4051186.75,2461.36,2275,1855,675.7,0.178,1,stable
733407.50,4051186.75,2461.92,2275,1851,676.7,0.178,1,stable
733408.50,4051186.75,2461.92,2275,1851,677.7,0.178,0,stable
733409.50,4051186.75,2462.42,2275,1849,678.7,0.178,1,stable
733410.50,4051186.75,2462.89,2275,1846,679.7,0.179,1,stable
733411.50,4051186.75,2463.39,2275,1843,680.7,0.179,1,stable
733412.50,4051186.75,2464.01,2275,1840,681.7,0.179,1,stable
733413.50,4051186.75,2465.18,2276,1833,682.7,0.179,1,stable
733414.50,4051186.75,2465.66,2276,1831,683.7,0.180,1,stable
733415.50,4051186.75,2466.07,2276,1828,684.7,0.180,1,stable
733416.50,4051186.75,2466.03,2276,1829,685.7,0.180,1,stable
733427.50,4051186.75,2465.32,2277,1833,696.7,0.183,1,stable
733428.50,4051186.75,2465.79,2277,1831,697.7,0.183,1,stable
733429.50,4051186.75,2466.40,2278,1828,698.7,0.184,1,stable
733239.50,4051185.75,2391.68,2256,2369,513.0,0.135,1,stable
733240.50,4051185.75,2392.17,2256,2364,513.9,0.135,1,stable
733241.50,4051185.75,2392.17,2256,2363,514.9,0.135,1,stable
733254.50,4051185.75,2395.01,2259,2331,527.5,0.139,1,stable
733255.50,4051185.75,2395.25,2259,2328,528.4,0.139,1,stable
733256.50,4051185.75,2395.48,2259,2325,529.4,0.139,1,stable
733257.50,4051185.75,2395.85,2259,2322,530.4,0.139,1,stable
733258.50,4051185.75,2395.93,2259,2321,531.3,0.140,1,stable
733259.50,4051185.75,2395.93,2260,2320,532.3,0.140,1,stable
733260.50,4051185.75,2396.02,2260,2318,533.3,0.140,1,stable
733263.50,4051185.75,2396.64,2260,2311,536.2,0.141,1,stable
733264.50,4051185.75,2396.84,2261,2309,537.2,0.141,1,stable
733265.50,4051185.75,2397.13,2261,2306,538.2,0.141,1,stable
733266.50,4051185.75,2397.19,2261,2305,539.1,0.142,1,stable
733385.50,4051185.75,2451.96,2278,1909,654.7,0.172,1,stable
733388.50,4051185.75,2453.61,2278,1899,657.7,0.173,1,stable
733389.50,4051185.75,2454.09,2279,1896,658.7,0.173,1,stable
733390.50,4051185.75,2454.58,2279,1893,659.7,0.173,1,stable
733391.50,4051185.75,2454.58,2279,1893,660.7,0.174,0,stable
733392.50,4051185.75,2455.59,2279,1887,661.7,0.174,1,stable
733394.50,4051185.75,2456.55,2279,1882,663.7,0.174,1,stable
733395.50,4051185.75,2457.01,2279,1879,664.7,0.175,1,stable
733396.50,4051185.75,2457.53,2279,1876,665.7,0.175,1,stable
733397.50,4051185.75,2458.08,2279,1873,666.7,0.175,1,stable
733398.50,4051185.75,2458.60,2280,1870,667.7,0.175,1,stable
733399.50,4051185.75,2458.60,2280,1870,668.7,0.176,0,stable
733400.50,4051185.75,2458.83,2280,1869,669.7,0.176,1,stable
733401.50,4051185.75,2459.13,2280,1867,670.7,0.176,1,stable
733402.50,4051185.75,2459.60,2280,1864,671.7,0.176,1,stable
733406.50,4051185.75,2461.30,2281,1855,675.7,0.178,1,stable
733407.50,4051185.75,2461.80,2281,1852,676.7,0.178,1,stable
733408.50,4051185.75,2461.80,2281,1852,677.7,0.178,0,stable
733409.50,4051185.75,2462.29,2281,1849,678.7,0.178,1,stable
733410.50,4051185.75,2462.80,2281,1847,679.7,0.179,1,stable
733411.50,4051185.75,2463.31,2281,1844,680.7,0.179,1,stable
733412.50,4051185.75,2463.86,2281,1841,681.7,0.179,1,stable
733413.50,4051185.75,2465.04,2281,1834,682.7,0.179,1,stable
733414.50,4051185.75,2465.54,2281,1831,683.7,0.180,1,stable
733415.50,4051185.75,2466.10,2281,1828,684.7,0.180,1,stable
733416.50,4051185.75,2466.27,2282,1827,685.7,0.180,1,stable
733417.50,4051185.75,2466.27,2282,1828,686.7,0.180,1,stable
733427.50,4051185.75,2465.32,2283,1833,696.7,0.183,1,stable
733428.50,4051185.75,2465.65,2283,1832,697.7,0.183,1,stable
733429.50,4051185.75,2466.29,2283,1828,698.7,0.184,1,stable
733239.50,4051184.75,2391.56,2263,2369,513.0,0.135,1,stable
733240.50,4051184.75,2391.56,2263,2368,514.0,0.135,1,stable
733241.50,4051184.75,2392.09,2264,2364,514.9,0.135,1,stable
733242.50,4051184.75,2392.42,2264,2360,515.9,0.136,1,stable
733243.50,4051184.75,2392.58,2264,2358,516.8,0.136,1,stable
733244.50,4051184.75,2392.91,2264,2355,517.8,0.136,1,stable
733245.50,4051184.75,2392.79,2264,2355,518.8,0.136,0,stable
733246.50,4051184.75,2393.11,2265,2351,519.7,0.137,1,stable
733249.50,4051184.75,2393.42,2265,2346,522.7,0.137,1,stable
733250.50,4051184.75,2393.71,2265,2343,523.6,0.138,1,stable
733251.50,4051184.75,2393.99,2266,2340,524.6,0.138,1,stable
733252.50,4051184.75,2394.23,2266,2338,525.6,0.138,1,stable
733253.50,4051184.75,2394.41,2266,2336,526.5,0.138,1,stable
733254.50,4051184.75,2394.54,2266,2334,527.5,0.139,1,stable
733255.50,4051184.75,2394.74,2266,2332,528.5,0.139,1,stable
733256.50,4051184.75,2394.94,2266,2329,529.4,0.139,1,stable
733257.50,4051184.75,2395.47,2267,2325,530.4,0.139,1,stable
733258.50,4051184.75,2395.47,2267,2324,531.4,0.140,1,stable
733259.50,4051184.75,2395.75,2267,2321,532.3,0.140,1,stable
733260.50,4051184.75,2395.83,2267,2319,533.3,0.140,1,stable
733261.50,4051184.75,2396.03,2267,2317,534.3,0.140,1,stable
733262.50,4051184.75,2396.15,2267,2316,535.3,0.141,1,stable
733263.50,4051184.75,2396.23,2268,2314,536.2,0.141,1,stable
733385.50,4051184.75,2451.95,2284,1909,654.7,0.172,1,stable
733386.50,4051184.75,2452.35,2284,1906,655.7,0.172,1,stable
733388.50,4051184.75,2453.71,2284,1898,657.7,0.173,1,stable
733394.50,4051184.75,2456.55,2285,1882,663.6,0.174,1,stable
733395.50,4051184.75,2457.03,2285,1879,664.6,0.175,1,stable
733396.50,4051184.75,2457.50,2285,1876,665.6,0.175,1,stable
733397.50,4051184.75,2458.00,2285,1874,666.6,0.175,1,stable
733398.50,4051184.75,2458.44,2285,1871,667.6,0.175,1,stable
733399.50,4051184.75,2458.44,2286,1871,668.6,0.176,1,stable
733400.50,4051184.75,2458.73,2286,1869,669.6,0.176,1,stable
733401.50,4051184.75,2459.13,2286,1867,670.6,0.176,1,stable
733402.50,4051184.75,2459.78,2286,1863,671.6,0.176,1,stable
733405.50,4051184.75,2460.89,2286,1857,674.6,0.177,1,stable
733410.50,4051184.75,2462.77,2287,1847,679.7,0.179,1,stable
733411.50,4051184.75,2463.27,2287,1844,680.7,0.179,1,stable
733412.50,4051184.75,2463.83,2287,1841,681.7,0.179,1,stable
733413.50,4051184.75,2464.98,2287,1834,682.7,0.179,1,stable
733414.50,4051184.75,2465.63,2287,1831,683.7,0.180,1,stable
733415.50,4051184.75,2466.18,2287,1828,684.7,0.180,1,stable
733416.50,4051184.75,2466.45,2287,1826,685.7,0.180,1,stable
733417.50,4051184.75,2466.45,2287,1827,686.7,0.180,1,stable
733428.50,4051184.75,2465.65,2289,1832,697.7,0.183,1,stable
733429.50,4051184.75,2466.29,2289,1828,698.7,0.184,1,stable
733238.50,4051183.75,2390.90,2271,2375,512.1,0.135,1,stable
733239.50,4051183.75,2391.35,2271,2371,513.0,0.135,1,stable
733240.50,4051183.75,2391.35,2271,2370,514.0,0.135,1,stable
733241.50,4051183.75,2391.92,2271,2365,514.9,0.135,1,stable
733242.50,4051183.75,2392.19,2271,2362,515.9,0.136,1,stable
733243.50,4051183.75,2392.42,2272,2359,516.8,0.136,1,stable
733244.50,4051183.75,2392.64,2272,2357,517.8,0.136,1,stable
733245.50,4051183.75,2392.65,2272,2356,518.8,0.136,1,stable
733246.50,4051183.75,2393.08,2272,2352,519.7,0.137,1,stable
733247.50,4051183.75,2393.25,2272,2349,520.7,0.137,1,stable
733248.50,4051183.75,2393.43,2272,2347,521.7,0.137,1,stable
733249.50,4051183.75,2393.43,2273,2346,522.7,0.137,1,stable
733250.50,4051183.75,2393.76,2273,2343,523.6,0.138,1,stable
733251.50,4051183.75,2394.00,2273,2340,524.6,0.138,1,stable
733252.50,4051183.75,2394.20,2273,2338,525.5,0.138,1,stable
733254.50,4051183.75,2394.39,2273,2335,527.5,0.139,1,stable
733255.50,4051183.75,2394.63,2274,2332,528.5,0.139,1,stable
733256.50,4051183.75,2395.17,2274,2328,529.4,0.139,1,stable
733257.50,4051183.75,2395.17,2274,2327,530.4,0.139,1,stable
733258.50,4051183.75,2395.17,2274,2326,531.4,0.140,1,stable
733259.50,4051183.75,2395.52,2274,2322,532.3,0.140,1,stable
733260.50,4051183.75,2395.58,2274,2321,533.3,0.140,1,stable
733261.50,4051183.75,2395.95,2275,2318,534.3,0.140,1,stable
733387.50,4051183.75,2453.14,2290,1902,656.6,0.173,1,stable
733388.50,4051183.75,2453.82,2290,1898,657.6,0.173,1,stable
733395.50,4051183.75,2456.96,2291,1880,664.6,0.175,1,stable
733396.50,4051183.75,2457.30,2291,1878,665.6,0.175,1,stable
733397.50,4051183.75,2457.88,2291,1874,666.6,0.175,1,stable
733398.50,4051183.75,2458.26,2291,1872,667.6,0.175,1,stable
733399.50,4051183.75,2458.26,2291,1872,668.6,0.176,0,stable
733400.50,4051183.75,2458.66,2291,1870,669.6,0.176,1,stable
733401.50,4051183.75,2458.99,2291,1868,670.6,0.176,1,stable
733402.50,4051183.75,2459.68,2292,1864,671.6,0.176,1,stable
733403.50,4051183.75,2459.98,2292,1862,672.6,0.177,1,stable
733404.50,4051183.75,2460.37,2292,1860,673.6,0.177,1,stable
733405.50,4051183.75,2460.89,2292,1857,674.6,0.177,1,stable
733406.50,4051183.75,2461.50,2292,1854,675.6,0.178,1,stable
733411.50,4051183.75,2463.26,2292,1844,680.6,0.179,1,stable
733412.50,4051183.75,2463.78,2293,1841,681.6,0.179,1,stable
733413.50,4051183.75,2464.88,2293,1835,682.7,0.179,1,stable
733414.50,4051183.75,2465.66,2293,1831,683.7,0.180,1,stable
733415.50,4051183.75,2466.21,2293,1828,684.7,0.180,1,stable
733416.50,4051183.75,2466.52,2293,1826,685.7,0.180,1,stable
733417.50,4051183.75,2466.52,2293,1826,686.7,0.180,0,stable
733418.50,4051183.75,2466.56,2293,1826,687.7,0.181,0,stable
733428.50,4051183.75,2465.88,2294,1830,697.7,0.183,1,stable
733429.50,4051183.75,2466.35,2294,1828,698.7,0.184,1,stable
733430.50,4051183.75,2466.88,2294,1825,699.7,0.184,1,stable
733239.50,4051182.75,2391.35,2278,2371,513.0,0.135,1,stable
733240.50,4051182.75,2391.35,2279,2370,514.0,0.135,1,stable
733241.50,4051182.75,2391.92,2279,2365,514.9,0.135,1,stable
733242.50,4051182.75,2392.19,2279,2362,515.9,0.136,1,stable
733243.50,4051182.75,2392.07,2279,2362,516.9,0.136,0,stable
733244.50,4051182.75,2392.19,2279,2360,517.8,0.136,1,stable
733245.50,4051182.75,2392.35,2279,2358,518.8,0.136,1,stable
733246.50,4051182.75,2392.83,2280,2353,519.7,0.137,1,stable
733247.50,4051182.75,2393.06,2280,2351,520.7,0.137,1,stable
733251.50,4051182.75,2394.00,2280,2340,524.6,0.138,1,stable
733252.50,4051182.75,2394.15,2280,2338,525.5,0.138,1,stable
733253.50,4051182.75,2394.14,2281,2337,526.5,0.138,1,stable
733254.50,4051182.75,2394.19,2281,2336,527.5,0.139,1,stable
733255.50,4051182.75,2394.38,2281,2334,528.5,0.139,1,stable
733256.50,4051182.75,2394.47,2281,2332,529.5,0.139,1,stable
733257.50,4051182.75,2394.77,2281,2329,530.4,0.139,1,stable
733258.50,4051182.75,2394.77,2281,2329,531.4,0.140,0,stable
733259.50,4051182.75,2394.81,2282,2327,532.4,0.140,1,stable
733260.50,4051182.75,2395.10,2282,2325,533.4,0.140,1,stable
733396.50,4051182.75,2457.18,2297,1878,665.6,0.175,1,stable
733402.50,4051182.75,2459.44,2297,1865,671.6,0.176,1,stable
733403.50,4051182.75,2459.79,2297,1863,672.6,0.177,1,stable
733404.50,4051182.75,2460.33,2298,1860,673.6,0.177,1,stable
733405.50,4051182.75,2460.84,2298,1857,674.6,0.177,1,stable
733406.50,4051182.75,2461.38,2298,1854,675.6,0.178,1,stable
733411.50,4051182.75,2463.26,2298,1844,680.6,0.179,1,stable
733412.50,4051182.75,2463.80,2298,1841,681.6,0.179,1,stable
733413.50,4051182.75,2464.85,2298,1835,682.6,0.179,1,stable
733414.50,4051182.75,2465.51,2298,1832,683.6,0.180,1,stable
733415.50,4051182.75,2466.12,2298,1828,684.6,0.180,1,stable
733416.50,4051182.75,2466.51,2298,1826,685.7,0.180,1,stable
733417.50,4051182.75,2466.51,2299,1826,686.7,0.180,1,stable
733418.50,4051182.75,2466.60,2299,1826,687.7,0.181,0,stable
733426.50,4051182.75,2465.12,2299,1834,695.6,0.183,1,stable
733427.50,4051182.75,2466.03,2300,1830,696.6,0.183,1,stable
733428.50,4051182.75,2466.46,2300,1827,697.7,0.183,1,stable
733429.50,4051182.75,2466.33,2300,1828,698.6,0.184,1,stable
733430.50,4051182.75,2466.88,2300,1825,699.7,0.184,1,stable
733239.50,4051181.75,2390.96,2286,2374,513.0,0.135,1,stable
733240.50,4051181.75,2390.96,2286,2373,514.0,0.135,1,stable
733241.50,4051181.75,2391.43,2286,2368,514.9,0.135,1,stable
733242.50,4051181.75,2391.82,2286,2364,515.9,0.136,1,stable
733243.50,4051181.75,2392.07,2287,2362,516.8,0.136,1,stable
733244.50,4051181.75,2392.19,2287,2360,517.8,0.136,1,stable
733245.50,4051181.75,2392.35,2287,2358,518.8,0.136,1,stable
733246.50,4051181.75,2392.78,2287,2354,519.7,0.137,1,stable
733402.50,4051181.75,2459.46,2303,1865,671.6,0.176,1,stable
733403.50,4051181.75,2459.71,2303,1864,672.6,0.177,1,stable
733404.50,4051181.75,2460.27,2303,1861,673.6,0.177,1,stable
733405.50,4051181.75,2461.07,2303,1856,674.6,0.177,1,stable
733406.50,4051181.75,2461.48,2303,1854,675.6,0.178,1,stable
733411.50,4051181.75,2463.29,2304,1844,680.6,0.179,1,stable
733412.50,4051181.75,2463.83,2304,1841,681.6,0.179,1,stable
733413.50,4051181.75,2464.74,2304,1836,682.6,0.179,1,stable
733414.50,4051181.75,2465.29,2304,1833,683.6,0.180,1,stable
733415.50,4051181.75,2465.99,2304,1829,684.6,0.180,1,stable
733416.50,4051181.75,2465.99,2304,1829,685.6,0.180,0,stable
733417.50,4051181.75,2466.46,2304,1826,686.6,0.180,1,stable
733418.50,4051181.75,2466.71,2304,1825,687.6,0.181,1,stable
733419.50,4051181.75,2466.33,2304,1827,688.6,0.181,1,stable
733426.50,4051181.75,2465.33,2305,1833,695.6,0.183,1,stable
733427.50,4051181.75,2466.88,2305,1825,696.6,0.183,1,stable
733428.50,4051181.75,2467.43,2305,1822,697.6,0.183,1,stable
733239.50,4051180.75,2390.64,2294,2376,513.0,0.135,1,stable
733240.50,4051180.75,2390.64,2294,2375,514.0,0.135,1,stable
733242.50,4051180.75,2391.57,2294,2366,515.9,0.136,1,stable
733243.50,4051180.75,2391.81,2294,2363,516.8,0.136,1,stable
733244.50,4051180.75,2391.97,2294,2361,517.8,0.136,1,stable
733395.50,4051180.75,2457.20,2308,1878,664.6,0.175,1,stable
733397.50,4051180.75,2458.02,2308,1873,666.6,0.175,1,stable
733400.50,4051180.75,2459.18,2309,1867,669.6,0.176,1,stable
733401.50,4051180.75,2459.61,2309,1864,670.6,0.176,1,stable
733402.50,4051180.75,2460.29,2309,1861,671.6,0.176,1,stable
733403.50,4051180.75,2460.82,2309,1858,672.6,0.177,1,stable
733404.50,4051180.75,2461.40,2309,1854,673.6,0.177,1,stable
733412.50,4051180.75,2463.51,2310,1843,681.6,0.179,1,stable
733413.50,4051180.75,2464.69,2310,1836,682.6,0.179,1,stable
733414.50,4051180.75,2465.23,2310,1833,683.6,0.180,1,stable
733415.50,4051180.75,2465.85,2310,1830,684.6,0.180,1,stable
733416.50,4051180.75,2465.85,2310,1830,685.6,0.180,0,stable
733417.50,4051180.75,2466.37,2310,1827,686.6,0.180,1,stable
733418.50,4051180.75,2466.65,2310,1825,687.6,0.181,1,stable
733419.50,4051180.75,2466.70,2310,1825,688.6,0.181,0,stable
733420.50,4051180.75,2466.49,2310,1827,689.6,0.181,0,stable
733426.50,4051180.75,2465.51,2311,1832,695.6,0.183,1,stable
733427.50,4051180.75,2466.29,2311,1828,696.6,0.183,1,stable
733428.50,4051180.75,2466.81,2311,1825,697.6,0.183,1,stable
733395.50,4051179.75,2457.42,2314,1877,664.6,0.175,1,stable
733396.50,4051179.75,2457.80,2314,1875,665.6,0.175,1,stable
733397.50,4051179.75,2458.02,2314,1873,666.6,0.175,1,stable
733398.50,4051179.75,2458.38,2314,1871,667.6,0.175,1,stable
733399.50,4051179.75,2458.98,2314,1868,668.6,0.176,1,stable
733400.50,4051179.75,2459.56,2314,1865,669.6,0.176,1,stable
733401.50,4051179.75,2459.98,2315,1862,670.6,0.176,1,stable
733407.50,4051179.75,2462.11,2315,1850,676.6,0.178,0,stable
733409.50,4051179.75,2462.51,2315,1848,678.6,0.178,1,stable
733410.50,4051179.75,2462.73,2315,1847,679.6,0.179,1,stable
733411.50,4051179.75,2463.15,2315,1845,680.6,0.179,1,stable
733412.50,4051179.75,2463.73,2315,1841,681.6,0.179,1,stable
733413.50,4051179.75,2464.79,2315,1836,682.6,0.179,1,stable
733414.50,4051179.75,2465.35,2315,1832,683.6,0.180,1,stable
733415.50,4051179.75,2465.93,2315,1829,684.6,0.180,1,stable
733416.50,4051179.75,2465.93,2315,1829,685.6,0.180,0,stable
733417.50,4051179.75,2466.40,2315,1827,686.6,0.180,1,stable
733418.50,4051179.75,2466.76,2316,1825,687.6,0.181,1,stable
733419.50,4051179.75,2466.95,2316,1824,688.6,0.181,1,stable
733426.50,4051179.75,2466.01,2316,1830,695.6,0.183,1,stable
733427.50,4051179.75,2466.60,2316,1826,696.6,0.183,1,stable
733428.50,4051179.75,2467.05,2316,1824,697.6,0.183,0,stable
733156.50,4051178.75,2378.02,2298,2583,433.0,0.114,1,stable
733396.50,4051178.75,2457.85,2320,1874,665.5,0.175,1,stable
733397.50,4051178.75,2457.98,2320,1874,666.5,0.175,0,stable
733398.50,4051178.75,2458.45,2320,1871,667.5,0.175,1,stable
733399.50,4051178.75,2458.98,2320,1868,668.5,0.176,1,stable
733400.50,4051178.75,2459.56,2320,1865,669.5,0.176,1,stable
733401.50,4051178.75,2459.98,2320,1862,670.5,0.176,1,stable
733402.50,4051178.75,2460.94,2320,1857,671.6,0.176,1,stable
733406.50,4051178.75,2462.34,2321,1849,675.6,0.178,1,stable
733407.50,4051178.75,2462.34,2321,1849,676.6,0.178,0,stable
733408.50,4051178.75,2462.51,2321,1848,677.6,0.178,1,stable
733409.50,4051178.75,2462.64,2321,1847,678.6,0.178,1,stable
733410.50,4051178.75,2462.94,2321,1846,679.6,0.179,1,stable
733411.50,4051178.75,2463.36,2321,1843,680.6,0.179,1,stable
733412.50,4051178.75,2463.91,2321,1840,681.6,0.179,1,stable
733414.50,4051178.75,2465.50,2321,1832,683.6,0.180,1,stable
733415.50,4051178.75,2466.08,2321,1828,684.6,0.180,1,stable
733416.50,4051178.75,2466.08,2321,1829,685.6,0.180,1,stable
733417.50,4051178.75,2466.52,2321,1826,686.6,0.180,1,stable
733418.50,4051178.75,2466.91,2321,1824,687.6,0.181,1,stable
733396.50,4051177.75,2457.96,2326,1874,665.5,0.175,1,stable
733397.50,4051177.75,2458.14,2326,1873,666.5,0.175,1,stable
733398.50,4051177.75,2458.61,2326,1870,667.5,0.175,1,stable
733399.50,4051177.75,2459.31,2326,1866,668.5,0.176,1,stable
733400.50,4051177.75,2459.87,2326,1863,669.5,0.176,1,stable
733401.50,4051177.75,2460.15,2326,1861,670.5,0.176,1,stable
733402.50,4051177.75,2460.94,2326,1857,671.5,0.176,1,stable
733404.50,4051177.75,2461.75,2326,1852,673.5,0.177,1,stable
733405.50,4051177.75,2462.11,2326,1850,674.5,0.177,1,stable
733406.50,4051177.75,2462.62,2326,1847,675.5,0.178,1,stable
733407.50,4051177.75,2462.62,2326,1848,676.5,0.178,1,stable
733408.50,4051177.75,2462.90,2326,1846,677.6,0.178,1,stable
733409.50,4051177.75,2462.84,2326,1846,678.6,0.178,0,stable
733410.50,4051177.75,2463.28,2326,1844,679.6,0.179,1,stable
733157.50,4051176.75,2377.85,2316,2583,434.0,0.114,1,stable
733403.50,4051176.75,2461.67,2332,1853,672.5,0.177,1,stable
733405.50,4051176.75,2462.32,2332,1849,674.5,0.177,1,stable
733406.50,4051176.75,2462.32,2332,1849,675.5,0.178,0,stable
733407.50,4051176.75,2462.62,2332,1848,676.5,0.178,1,stable
733410.50,4051176.75,2463.51,2332,1843,679.5,0.179,1,stable
733411.50,4051176.75,2463.76,2332,1841,680.5,0.179,1,stable
733416.50,4051176.75,2466.24,2332,1828,685.6,0.180,1,stable
733417.50,4051176.75,2466.87,2332,1824,686.6,0.180,1,stable
733418.50,4051176.75,2467.34,2332,1822,687.6,0.181,1,stable
733419.50,4051176.75,2467.77,2332,1819,688.6,0.181,1,stable
733420.50,4051176.75,2468.08,2332,1818,689.6,0.181,1,stable
733421.50,4051176.75,2467.98,2332,1818,690.6,0.181,0,stable
733157.50,4051175.75,2377.60,2325,2585,434.0,0.114,1,stable
733240.50,4051175.75,2389.55,2331,2383,514.1,0.135,1,stable
733410.50,4051175.75,2463.51,2338,1843,679.5,0.179,1,stable
733411.50,4051175.75,2463.76,2338,1841,680.5,0.179,1,stable
733412.50,4051175.75,2464.11,2338,1839,681.5,0.179,1,stable
733413.50,4051175.75,2465.25,2338,1833,682.6,0.179,1,stable
733414.50,4051175.75,2465.73,2338,1830,683.6,0.180,1,stable
733415.50,4051175.75,2465.73,2338,1830,684.6,0.180,0,stable
733416.50,4051175.75,2466.21,2338,1828,685.6,0.180,1,stable
733417.50,4051175.75,2466.83,2338,1824,686.6,0.180,1,stable
733418.50,4051175.75,2467.42,2338,1821,687.6,0.181,1,stable
733419.50,4051175.75,2467.94,2338,1818,688.6,0.181,1,stable
733420.50,4051175.75,2468.40,2338,1816,689.6,0.181,1,stable
733421.50,4051175.75,2468.39,2338,1816,690.6,0.181,0,stable
733428.50,4051175.75,2468.44,2338,1816,697.6,0.183,0,stable
733157.50,4051174.75,2377.87,2334,2582,434.0,0.114,1,stable
733240.50,4051174.75,2388.74,2339,2388,514.2,0.135,1,stable
733241.50,4051174.75,2389.76,2339,2380,515.1,0.135,1,stable
733242.50,4051174.75,2390.44,2339,2374,516.0,0.136,1,stable
733243.50,4051174.75,2390.76,2339,2371,516.9,0.136,1,stable
733244.50,4051174.75,2390.82,2339,2369,517.9,0.136,1,stable
733245.50,4051174.75,2390.64,2339,2370,518.9,0.136,1,stable
733327.50,4051174.75,2415.29,2342,2146,598.0,0.157,0,stable
733409.50,4051174.75,2463.58,2343,1842,678.5,0.178,1,stable
733410.50,4051174.75,2463.77,2343,1841,679.5,0.179,1,stable
733411.50,4051174.75,2464.12,2343,1839,680.5,0.179,1,stable
733412.50,4051174.75,2464.43,2343,1838,681.5,0.179,1,stable
733413.50,4051174.75,2465.25,2343,1833,682.5,0.179,1,stable
733414.50,4051174.75,2465.73,2344,1830,683.6,0.180,1,stable
733415.50,4051174.75,2465.73,2344,1830,684.6,0.180,0,stable
733416.50,4051174.75,2466.28,2344,1827,685.6,0.180,1,stable
733417.50,4051174.75,2466.78,2344,1825,686.6,0.180,1,stable
733418.50,4051174.75,2467.32,2344,1822,687.6,0.181,1,stable
733419.50,4051174.75,2467.94,2344,1818,688.6,0.181,1,stable
733157.50,4051173.75,2378.01,2343,2581,433.9,0.114,1,stable
733158.50,4051173.75,2379.53,2343,2566,434.7,0.114,1,stable
733240.50,4051173.75,2388.60,2346,2389,514.2,0.135,1,stable
733241.50,4051173.75,2389.34,2346,2383,515.1,0.135,1,stable
733242.50,4051173.75,2389.83,2346,2378,516.0,0.136,1,stable
733243.50,4051173.75,2390.12,2347,2375,517.0,0.136,1,stable
733244.50,4051173.75,2390.16,2347,2374,518.0,0.136,1,stable
733245.50,4051173.75,2390.14,2347,2373,519.0,0.136,1,stable
733246.50,4051173.75,2390.45,2347,2370,519.9,0.137,1,stable
733409.50,4051173.75,2463.84,2349,1841,678.5,0.178,1,stable
733410.50,4051173.75,2464.17,2349,1839,679.5,0.179,1,stable
733411.50,4051173.75,2464.61,2349,1837,680.5,0.179,1,stable
733412.50,4051173.75,2465.02,2349,1834,681.5,0.179,1,stable
733413.50,4051173.75,2465.62,2349,1831,682.5,0.179,1,stable
733414.50,4051173.75,2465.92,2349,1829,683.6,0.180,1,stable
733415.50,4051173.75,2465.92,2349,1829,684.6,0.180,0,stable
733416.50,4051173.75,2466.28,2349,1827,685.6,0.180,1,stable
733417.50,4051173.75,2466.78,2349,1825,686.6,0.180,1,stable
733418.50,4051173.75,2467.32,2349,1822,687.6,0.181,1,stable
733419.50,4051173.75,2467.94,2349,1818,688.6,0.181,1,stable
733243.50,4051172.75,2389.68,2354,2378,517.0,0.136,1,stable
733244.50,4051172.75,2389.67,2354,2378,518.0,0.136,0,stable
733335.50,4051172.75,2419.34,2355,2117,605.7,0.159,0,stable
733338.50,4051172.75,2421.81,2355,2100,608.6,0.160,1,stable
733408.50,4051172.75,2463.57,2355,1842,677.5,0.178,1,stable
733409.50,4051172.75,2463.99,2355,1840,678.5,0.178,1,stable
733410.50,4051172.75,2464.44,2355,1837,679.5,0.179,1,stable
733411.50,4051172.75,2464.90,2355,1835,680.5,0.179,1,stable
733412.50,4051172.75,2465.34,2355,1832,681.5,0.179,1,stable
733413.50,4051172.75,2466.01,2355,1829,682.5,0.179,1,stable
733414.50,4051172.75,2466.24,2355,1828,683.6,0.180,1,stable
733415.50,4051172.75,2466.24,2355,1828,684.6,0.180,0,stable
733416.50,4051172.75,2466.58,2355,1826,685.6,0.180,1,stable
733417.50,4051172.75,2466.90,2355,1824,686.6,0.180,1,stable
733418.50,4051172.75,2467.18,2355,1823,687.6,0.181,1,stable
733233.50,4051171.75,2385.75,2361,2418,507.7,0.133,1,stable
733334.50,4051171.75,2419.31,2361,2117,604.7,0.159,1,stable
733410.50,4051171.75,2464.57,2360,1837,679.5,0.179,1,stable
733411.50,4051171.75,2465.02,2360,1834,680.5,0.179,1,stable
733412.50,4051171.75,2465.46,2360,1832,681.5,0.179,1,stable
733413.50,4051171.75,2466.18,2360,1828,682.5,0.179,1,stable
733414.50,4051171.75,2466.18,2360,1828,683.5,0.180,0,stable
733415.50,4051171.75,2466.50,2360,1826,684.6,0.180,1,stable
733416.50,4051171.75,2466.82,2360,1824,685.6,0.180,1,stable
733417.50,4051171.75,2467.07,2360,1823,686.6,0.180,1,stable
733418.50,4051171.75,2467.24,2360,1822,687.6,0.181,1,stable
733419.50,4051171.75,2467.58,2360,1820,688.6,0.181,1,stable
733333.50,4051170.75,2418.53,2368,2123,603.8,0.159,1,stable
733413.50,4051170.75,2466.16,2366,1828,682.5,0.179,1,stable
733414.50,4051170.75,2466.16,2366,1828,683.5,0.180,0,stable
733415.50,4051170.75,2466.63,2366,1825,684.6,0.180,1,stable
733416.50,4051170.75,2467.07,2366,1823,685.6,0.180,1,stable
733417.50,4051170.75,2467.21,2366,1822,686.6,0.180,1,stable
733418.50,4051170.75,2467.32,2366,1822,687.6,0.181,0,stable
733419.50,4051170.75,2467.68,2366,1820,688.6,0.181,1,stable
733208.50,4051169.75,2384.53,2377,2455,483.1,0.127,1,stable
733410.50,4051169.75,2464.12,2372,1839,679.5,0.179,1,stable
733411.50,4051169.75,2464.72,2372,1836,680.5,0.179,1,stable
733412.50,4051169.75,2465.10,2372,1834,681.5,0.179,1,stable
733413.50,4051169.75,2466.05,2372,1829,682.5,0.179,1,stable
733414.50,4051169.75,2466.05,2372,1829,683.5,0.180,0,stable
733415.50,4051169.75,2466.65,2372,1825,684.6,0.180,1,stable
733416.50,4051169.75,2467.17,2372,1823,685.6,0.180,1,stable
733417.50,4051169.75,2467.50,2372,1821,686.6,0.180,1,stable
733418.50,4051169.75,2467.79,2372,1819,687.6,0.181,1,stable
733419.50,4051169.75,2468.32,2372,1816,688.6,0.181,1,stable
733446.50,4051169.75,2478.44,2371,1765,715.8,0.188,1,stable
733449.50,4051169.75,2479.40,2371,1760,718.8,0.189,0,stable
733450.50,4051169.75,2479.79,2371,1758,719.8,0.189,1,stable
733455.50,4051169.75,2481.86,2371,1748,724.9,0.190,1,stable
733457.50,4051169.75,2482.52,2371,1745,726.9,0.191,1,stable
733458.50,4051169.75,2482.52,2371,1745,727.9,0.191,0,stable
733210.50,4051168.75,2385.92,2385,2442,484.9,0.127,1,stable
733411.50,4051168.75,2464.90,2377,1835,680.5,0.179,1,stable
733412.50,4051168.75,2465.35,2377,1832,681.5,0.179,1,stable
733413.50,4051168.75,2466.24,2377,1828,682.6,0.179,1,stable
733414.50,4051168.75,2466.24,2377,1828,683.6,0.180,0,stable
733415.50,4051168.75,2466.80,2377,1825,684.6,0.180,1,stable
733416.50,4051168.75,2467.36,2377,1821,685.6,0.180,1,stable
733417.50,4051168.75,2467.77,2377,1819,686.6,0.180,1,stable
733418.50,4051168.75,2468.10,2377,1818,687.6,0.181,1,stable
733419.50,4051168.75,2468.63,2377,1815,688.6,0.181,1,stable
733420.50,4051168.75,2469.06,2377,1812,689.6,0.181,1,stable
733445.50,4051168.75,2477.50,2376,1769,714.8,0.188,1,stable
733446.50,4051168.75,2478.54,2376,1764,715.8,0.188,1,stable
733447.50,4051168.75,2479.02,2376,1762,716.8,0.188,1,stable
733448.50,4051168.75,2479.43,2376,1760,717.8,0.189,1,stable
733449.50,4051168.75,2479.43,2376,1760,718.8,0.189,0,stable
733450.50,4051168.75,2479.74,2376,1758,719.8,0.189,1,stable
733451.50,4051168.75,2480.00,2376,1757,720.8,0.189,1,stable
733452.50,4051168.75,2480.45,2376,1755,721.9,0.190,1,stable
733453.50,4051168.75,2481.06,2376,1752,722.9,0.190,1,stable
733454.50,4051168.75,2481.73,2376,1748,723.9,0.190,1,stable
733455.50,4051168.75,2482.15,2376,1746,724.9,0.190,1,stable
733456.50,4051168.75,2482.42,2376,1745,725.9,0.191,1,stable
733457.50,4051168.75,2482.72,2376,1744,726.9,0.191,1,stable
733458.50,4051168.75,2482.72,2376,1744,727.9,0.191,0,stable
733459.50,4051168.75,2483.37,2376,1741,728.9,0.192,1,stable
733460.50,4051168.75,2483.71,2376,1739,730.0,0.192,1,stable
733461.50,4051168.75,2484.13,2376,1737,731.0,0.192,1,stable
733462.50,4051168.75,2484.48,2376,1735,732.0,0.192,1,stable
733210.50,4051167.75,2385.91,2393,2442,484.9,0.127,1,stable
733211.50,4051167.75,2385.91,2393,2441,485.9,0.128,1,stable
733411.50,4051167.75,2465.19,2383,1833,680.5,0.179,1,stable
733412.50,4051167.75,2465.65,2383,1831,681.6,0.179,1,stable
733413.50,4051167.75,2466.41,2383,1827,682.6,0.179,1,stable
733414.50,4051167.75,2466.41,2383,1827,683.6,0.180,0,stable
733415.50,4051167.75,2467.09,2383,1823,684.6,0.180,1,stable
733416.50,4051167.75,2467.72,2383,1820,685.6,0.180,1,stable
733417.50,4051167.75,2468.22,2383,1817,686.6,0.180,1,stable
733418.50,4051167.75,2468.67,2383,1814,687.6,0.181,1,stable
733419.50,4051167.75,2469.11,2383,1812,688.6,0.181,1,stable
733420.50,4051167.75,2469.36,2383,1811,689.6,0.181,1,stable
733421.50,4051167.75,2469.94,2383,1808,690.6,0.181,1,stable
733445.50,4051167.75,2477.27,2382,1771,714.8,0.188,1,stable
733447.50,4051167.75,2478.98,2382,1762,716.8,0.188,1,stable
733448.50,4051167.75,2479.28,2382,1760,717.8,0.189,1,stable
733449.50,4051167.75,2479.28,2382,1761,718.8,0.189,1,stable
733450.50,4051167.75,2479.37,2382,1760,719.8,0.189,0,stable
733451.50,4051167.75,2479.57,2382,1759,720.8,0.189,1,stable
733452.50,4051167.75,2480.09,2382,1757,721.8,0.190,1,stable
733453.50,4051167.75,2480.85,2382,1753,722.9,0.190,1,stable
733454.50,4051167.75,2481.56,2382,1749,723.9,0.190,1,stable
733455.50,4051167.75,2482.08,2381,1747,724.9,0.190,1,stable
733456.50,4051167.75,2482.36,2381,1745,725.9,0.191,1,stable
733457.50,4051167.75,2482.63,2381,1744,726.9,0.191,1,stable
733458.50,4051167.75,2482.63,2381,1744,727.9,0.191,0,stable
733459.50,4051167.75,2483.01,2381,1743,728.9,0.192,1,stable
733460.50,4051167.75,2483.42,2381,1741,729.9,0.192,1,stable
733461.50,4051167.75,2483.89,2381,1738,731.0,0.192,1,stable
733462.50,4051167.75,2484.38,2381,1736,732.0,0.192,1,stable
733463.50,4051167.75,2484.89,2381,1733,733.0,0.193,1,stable
733464.50,4051167.75,2485.32,2381,1731,734.0,0.193,1,stable
733211.50,4051166.75,2385.91,2401,2440,485.9,0.128,1,stable
733415.50,4051166.75,2467.09,2389,1823,684.6,0.180,1,stable
733416.50,4051166.75,2467.72,2388,1820,685.6,0.180,1,stable
733417.50,4051166.75,2468.22,2388,1817,686.6,0.180,1,stable
733418.50,4051166.75,2468.67,2388,1814,687.6,0.181,1,stable
733419.50,4051166.75,2469.11,2388,1812,688.6,0.181,1,stable
733420.50,4051166.75,2469.36,2388,1811,689.6,0.181,1,stable
733421.50,4051166.75,2469.94,2388,1808,690.6,0.181,1,stable
733422.50,4051166.75,2470.59,2388,1804,691.6,0.182,1,stable
733446.50,4051166.75,2478.41,2387,1765,715.8,0.188,1,stable
733447.50,4051166.75,2478.98,2387,1762,716.8,0.188,1,stable
733448.50,4051166.75,2479.28,2387,1760,717.8,0.189,1,stable
733449.50,4051166.75,2479.28,2387,1761,718.8,0.189,1,stable
733450.50,4051166.75,2479.37,2387,1760,719.8,0.189,0,stable
733451.50,4051166.75,2479.57,2387,1759,720.8,0.189,1,stable
733453.50,4051166.75,2480.85,2387,1753,722.9,0.190,1,stable
733454.50,4051166.75,2481.56,2387,1749,723.9,0.190,1,stable
733455.50,4051166.75,2482.08,2387,1747,724.9,0.190,1,stable
733456.50,4051166.75,2482.36,2387,1745,725.9,0.191,1,stable
733457.50,4051166.75,2482.63,2387,1744,726.9,0.191,1,stable
733458.50,4051166.75,2482.63,2387,1744,727.9,0.191,0,stable
733459.50,4051166.75,2483.01,2387,1743,728.9,0.192,1,stable
733460.50,4051166.75,2483.42,2387,1741,730.0,0.192,1,stable
733461.50,4051166.75,2483.89,2387,1738,731.0,0.192,1,stable
733462.50,4051166.75,2484.38,2387,1736,732.0,0.192,1,stable
733463.50,4051166.75,2484.89,2386,1733,733.0,0.193,1,stable
733464.50,4051166.75,2485.32,2386,1731,734.0,0.193,1,stable
733467.50,4051166.75,2485.86,2386,1729,737.0,0.194,0,stable
733337.50,4051165.75,2420.99,2399,2106,607.7,0.160,1,stable
733338.50,4051165.75,2421.72,2399,2101,608.6,0.160,1,stable
733342.50,4051165.75,2424.20,2399,2084,612.5,0.161,1,stable
733343.50,4051165.75,2424.20,2399,2083,613.5,0.161,1,stable
733368.50,4051165.75,2439.00,2397,1987,637.8,0.168,1,stable
733414.50,4051165.75,2466.73,2394,1825,683.6,0.180,0,stable
733415.50,4051165.75,2467.37,2394,1821,684.6,0.180,1,stable
733416.50,4051165.75,2468.01,2394,1818,685.6,0.180,1,stable
733417.50,4051165.75,2468.58,2394,1815,686.6,0.180,1,stable
733418.50,4051165.75,2469.03,2394,1812,687.6,0.181,1,stable
733419.50,4051165.75,2469.35,2394,1811,688.6,0.181,1,stable
733420.50,4051165.75,2469.88,2394,1808,689.6,0.181,1,stable
733421.50,4051165.75,2470.26,2394,1806,690.6,0.181,1,stable
733422.50,4051165.75,2470.82,2394,1803,691.6,0.182,1,stable
733423.50,4051165.75,2470.82,2394,1803,692.6,0.182,0,stable
733424.50,4051165.75,2471.31,2394,1800,693.6,0.182,1,stable
733446.50,4051165.75,2478.13,2393,1766,715.8,0.188,1,stable
733447.50,4051165.75,2478.69,2393,1763,716.8,0.188,1,stable
733448.50,4051165.75,2478.98,2392,1762,717.8,0.189,1,stable
733449.50,4051165.75,2478.98,2392,1762,718.8,0.189,0,stable
733454.50,4051165.75,2481.05,2392,1752,723.9,0.190,1,stable
733455.50,4051165.75,2481.57,2392,1749,724.9,0.190,1,stable
733456.50,4051165.75,2481.93,2392,1748,725.9,0.191,1,stable
733457.50,4051165.75,2482.20,2392,1746,726.9,0.191,1,stable
733458.50,4051165.75,2482.20,2392,1747,727.9,0.191,1,stable
733459.50,4051165.75,2482.82,2392,1744,728.9,0.192,1,stable
733460.50,4051165.75,2483.20,2392,1742,730.0,0.192,1,stable
733461.50,4051165.75,2483.63,2392,1740,731.0,0.192,1,stable
733462.50,4051165.75,2484.26,2392,1737,732.0,0.192,1,stable
733463.50,4051165.75,2484.86,2392,1734,733.0,0.193,1,stable
733464.50,4051165.75,2485.36,2392,1731,734.0,0.193,1,stable
733465.50,4051165.75,2485.71,2392,1730,735.0,0.193,1,stable
733466.50,4051165.75,2486.00,2392,1728,736.1,0.193,1,stable
733467.50,4051165.75,2486.00,2392,1728,737.1,0.194,0,stable
733335.50,4051164.75,2419.14,2406,2118,605.8,0.159,1,stable
733339.50,4051164.75,2422.27,2405,2097,609.6,0.160,1,stable
733342.50,4051164.75,2424.31,2405,2083,612.5,0.161,1,stable
733414.50,4051164.75,2466.85,2400,1824,683.6,0.180,1,stable
733415.50,4051164.75,2467.47,2400,1821,684.6,0.180,1,stable
733416.50,4051164.75,2468.20,2400,1817,685.6,0.180,1,stable
733417.50,4051164.75,2468.66,2400,1814,686.6,0.180,1,stable
733418.50,4051164.75,2469.11,2400,1812,687.6,0.181,1,stable
733419.50,4051164.75,2469.49,2400,1810,688.6,0.181,1,stable
733420.50,4051164.75,2470.10,2399,1807,689.6,0.181,1,stable
733421.50,4051164.75,2470.62,2399,1804,690.6,0.181,1,stable
733422.50,4051164.75,2470.62,2399,1804,691.6,0.182,0,stable
733424.50,4051164.75,2471.68,2399,1798,693.7,0.182,1,stable
733466.50,4051164.75,2486.15,2397,1727,736.1,0.193,1,stable
733467.50,4051164.75,2486.15,2397,1728,737.1,0.194,1,stable
733215.50,4051163.75,2387.11,2424,2426,489.7,0.129,1,stable
733415.50,4051163.75,2467.64,2405,1820,684.6,0.180,1,stable
733416.50,4051163.75,2468.44,2405,1816,685.6,0.180,1,stable
733417.50,4051163.75,2468.69,2405,1814,686.6,0.180,1,stable
733418.50,4051163.75,2469.15,2405,1812,687.6,0.181,1,stable
733419.50,4051163.75,2469.70,2405,1809,688.6,0.181,1,stable
733420.50,4051163.75,2470.22,2405,1806,689.6,0.181,1,stable
733421.50,4051163.75,2470.87,2405,1803,690.7,0.181,1,stable
733422.50,4051163.75,2470.87,2405,1803,691.7,0.182,0,stable
733467.50,4051163.75,2486.04,2402,1728,737.1,0.194,1,stable
733468.50,4051163.75,2486.40,2402,1727,738.1,0.194,1,stable
733469.50,4051163.75,2486.75,2402,1725,739.1,0.194,1,stable
733482.50,4051163.75,2494.29,2401,1689,752.4,0.198,0,stable
733484.50,4051163.75,2494.31,2401,1690,754.4,0.198,1,stable
732759.50,4051162.75,2451.00,3429,2763,30.5,0.008,1,stable
732760.50,4051162.75,2450.84,3395,2754,31.5,0.008,1,stable
733215.50,4051162.75,2387.13,2432,2426,489.7,0.129,1,stable
733216.50,4051162.75,2387.16,2432,2425,490.7,0.129,1,stable
733218.50,4051162.75,2387.24,2432,2422,492.7,0.129,1,stable
733339.50,4051162.75,2422.05,2418,2098,609.6,0.160,1,stable
733340.50,4051162.75,2422.77,2418,2093,610.6,0.160,1,stable
733417.50,4051162.75,2468.85,2411,1813,686.6,0.180,1,stable
733418.50,4051162.75,2469.25,2411,1811,687.6,0.181,1,stable
733419.50,4051162.75,2469.92,2411,1808,688.7,0.181,1,stable
733420.50,4051162.75,2470.57,2411,1804,689.7,0.181,1,stable
733421.50,4051162.75,2471.12,2411,1801,690.7,0.181,1,stable
733468.50,4051162.75,2486.27,2407,1727,738.1,0.194,1,stable
733469.50,4051162.75,2486.71,2407,1725,739.1,0.194,1,stable
733481.50,4051162.75,2494.12,2406,1690,751.4,0.197,1,stable
733483.50,4051162.75,2494.53,2406,1688,753.4,0.198,1,stable
732760.50,4051161.75,2451.04,3514,2726,31.7,0.008,1,stable
732762.50,4051161.75,2450.83,3445,2699,33.6,0.009,1,stable
733215.50,4051161.75,2387.11,2440,2426,489.7,0.129,1,stable
733216.50,4051161.75,2387.18,2440,2424,490.7,0.129,1,stable
733217.50,4051161.75,2387.18,2440,2423,491.7,0.129,1,stable
733218.50,4051161.75,2387.29,2440,2421,492.7,0.129,1,stable
733219.50,4051161.75,2387.29,2440,2420,493.7,0.130,1,stable
733220.50,4051161.75,2387.31,2439,2419,494.7,0.130,1,stable
733221.50,4051161.75,2387.49,2439,2417,495.6,0.130,1,stable
733222.50,4051161.75,2387.78,2439,2413,496.6,0.130,1,stable
733336.50,4051161.75,2420.43,2425,2109,606.7,0.159,1,stable
733341.50,4051161.75,2423.39,2424,2089,611.6,0.161,1,stable
733419.50,4051161.75,2470.09,2416,1807,688.7,0.181,1,stable
733480.50,4051161.75,2493.09,2411,1695,750.4,0.197,1,stable
733481.50,4051161.75,2493.89,2411,1691,751.4,0.197,1,stable
733482.50,4051161.75,2494.22,2411,1690,752.4,0.198,1,stable
733483.50,4051161.75,2494.49,2411,1688,753.4,0.198,1,stable
733484.50,4051161.75,2494.49,2411,1689,754.4,0.198,1,stable
732762.50,4051160.75,2450.95,3557,2681,33.9,0.009,1,stable
732763.50,4051160.75,2450.82,3522,2672,34.8,0.009,1,stable
732764.50,4051160.75,2450.57,3489,2676,35.8,0.009,1,stable
733215.50,4051160.75,2387.11,2448,2426,489.8,0.129,1,stable
733216.50,4051160.75,2387.18,2448,2424,490.7,0.129,1,stable
733217.50,4051160.75,2387.31,2448,2422,491.7,0.129,1,stable
733218.50,4051160.75,2387.31,2447,2421,492.7,0.129,1,stable
733219.50,4051160.75,2387.31,2447,2420,493.7,0.130,1,stable
733220.50,4051160.75,2387.35,2447,2419,494.7,0.130,1,stable
733221.50,4051160.75,2387.52,2447,2416,495.6,0.130,1,stable
733222.50,4051160.75,2387.64,2447,2414,496.6,0.130,1,stable
733223.50,4051160.75,2388.23,2447,2409,497.5,0.131,1,stable
733224.50,4051160.75,2388.55,2446,2405,498.5,0.131,1,stable
733225.50,4051160.75,2388.86,2446,2402,499.4,0.131,1,stable
733336.50,4051160.75,2420.39,2431,2110,606.8,0.159,1,stable
733339.50,4051160.75,2422.14,2431,2097,609.6,0.160,1,stable
733340.50,4051160.75,2422.71,2431,2094,610.6,0.160,1,stable
733341.50,4051160.75,2423.28,2430,2090,611.6,0.161,1,stable
733342.50,4051160.75,2423.28,2430,2089,612.6,0.161,1,stable
733358.50,4051160.75,2432.64,2428,2027,628.1,0.165,1,stable
733359.50,4051160.75,2432.64,2428,2027,629.1,0.165,0,stable
733478.50,4051160.75,2491.63,2417,1702,748.3,0.197,1,stable
733479.50,4051160.75,2492.22,2417,1699,749.4,0.197,1,stable
733480.50,4051160.75,2492.75,2417,1697,750.4,0.197,1,stable
733481.50,4051160.75,2493.69,2416,1692,751.4,0.197,1,stable
733482.50,4051160.75,2494.08,2416,1690,752.4,0.198,1,stable
733483.50,4051160.75,2494.46,2416,1689,753.5,0.198,1,stable
733484.50,4051160.75,2494.46,2416,1689,754.5,0.198,0,stable
733485.50,4051160.75,2495.00,2416,1686,755.5,0.199,1,stable
733486.50,4051160.75,2495.34,2416,1685,756.5,0.199,1,stable
733487.50,4051160.75,2495.73,2416,1683,757.5,0.199,1,stable
732763.50,4051159.75,2450.88,3629,2661,35.1,0.009,1,stable
732764.50,4051159.75,2450.58,3593,2671,36.1,0.009,1,stable
732765.50,4051159.75,2450.17,3559,2692,37.1,0.010,1,stable
733217.50,4051159.75,2387.31,2455,2422,491.7,0.129,1,stable
733218.50,4051159.75,2387.31,2455,2421,492.7,0.129,1,stable
733219.50,4051159.75,2387.31,2455,2420,493.7,0.130,1,stable
733220.50,4051159.75,2387.35,2455,2419,494.7,0.130,1,stable
733221.50,4051159.75,2387.44,2455,2417,495.7,0.130,1,stable
733222.50,4051159.75,2387.62,2455,2414,496.6,0.131,1,stable
733223.50,4051159.75,2388.20,2454,2409,497.5,0.131,1,stable
733224.50,4051159.75,2388.61,2454,2405,498.5,0.131,1,stable
733225.50,4051159.75,2388.91,2454,2401,499.4,0.131,1,stable
733226.50,4051159.75,2389.21,2454,2398,500.4,0.131,1,stable
733227.50,4051159.75,2389.21,2454,2397,501.4,0.132,1,stable
733336.50,4051159.75,2420.32,2437,2110,606.8,0.159,1,stable
733337.50,4051159.75,2420.96,2437,2106,607.7,0.160,1,stable
733338.50,4051159.75,2421.54,2437,2102,608.7,0.160,1,stable
733340.50,4051159.75,2422.70,2437,2094,610.6,0.160,1,stable
733344.50,4051159.75,2424.38,2436,2082,614.5,0.161,1,stable
733345.50,4051159.75,2424.94,2436,2078,615.5,0.162,1,stable
733357.50,4051159.75,2431.42,2435,2035,627.2,0.165,1,stable
733481.50,4051159.75,2493.24,2422,1694,751.4,0.197,1,stable
733485.50,4051159.75,2494.83,2421,1687,755.5,0.199,1,stable
733217.50,4051158.75,2387.36,2463,2422,491.8,0.129,1,stable
733218.50,4051158.75,2387.34,2463,2421,492.7,0.129,1,stable
733219.50,4051158.75,2387.34,2463,2420,493.7,0.130,1,stable
733220.50,4051158.75,2387.33,2463,2419,494.7,0.130,1,stable
733221.50,4051158.75,2387.44,2463,2417,495.7,0.130,1,stable
733222.50,4051158.75,2387.62,2462,2414,496.7,0.131,1,stable
733223.50,4051158.75,2388.28,2462,2408,497.6,0.131,1,stable
733224.50,4051158.75,2388.51,2462,2405,498.5,0.131,1,stable
733225.50,4051158.75,2388.90,2462,2401,499.5,0.131,1,stable
733226.50,4051158.75,2389.23,2462,2398,500.4,0.131,1,stable
733227.50,4051158.75,2389.23,2461,2397,501.4,0.132,1,stable
733228.50,4051158.75,2389.54,2461,2393,502.3,0.132,1,stable
733338.50,4051158.75,2421.52,2443,2102,608.7,0.160,1,stable
733345.50,4051158.75,2424.66,2442,2080,615.5,0.162,1,stable
733346.50,4051158.75,2425.18,2442,2076,616.5,0.162,1,stable
733218.50,4051157.75,2387.32,2471,2421,492.8,0.129,1,stable
733219.50,4051157.75,2387.33,2471,2420,493.8,0.130,1,stable
733220.50,4051157.75,2387.37,2471,2418,494.7,0.130,1,stable
733221.50,4051157.75,2387.44,2470,2417,495.7,0.130,1,stable
733222.50,4051157.75,2387.70,2470,2413,496.7,0.131,1,stable
733225.50,4051157.75,2388.90,2469,2401,499.5,0.131,1,stable
733227.50,4051157.75,2389.28,2469,2396,501.4,0.132,1,stable
733228.50,4051157.75,2389.58,2469,2393,502.4,0.132,1,stable
733337.50,4051157.75,2420.93,2450,2106,607.8,0.160,1,stable
733338.50,4051157.75,2421.42,2450,2102,608.7,0.160,1,stable
733339.50,4051157.75,2421.98,2450,2098,609.7,0.160,1,stable
733342.50,4051157.75,2422.94,2449,2091,612.6,0.161,1,stable
733343.50,4051157.75,2423.43,2449,2088,613.6,0.161,1,stable
733345.50,4051157.75,2424.37,2449,2081,615.6,0.162,1,stable
733347.50,4051157.75,2425.57,2448,2073,617.5,0.162,1,stable
733348.50,4051157.75,2426.09,2448,2070,618.5,0.163,1,stable
733349.50,4051157.75,2426.51,2448,2067,619.4,0.163,1,stable
733350.50,4051157.75,2426.85,2448,2065,620.4,0.163,1,stable
733351.50,4051157.75,2426.85,2448,2064,621.4,0.163,1,stable
733352.50,4051157.75,2427.29,2448,2061,622.4,0.164,1,stable
732804.50,4051156.75,2442.72,3090,2639,76.4,0.020,1,stable
733225.50,4051156.75,2388.95,2477,2401,499.5,0.131,1,stable
733226.50,4051156.75,2388.95,2477,2400,500.5,0.132,1,stable
733227.50,4051156.75,2389.28,2477,2396,501.4,0.132,1,stable
733228.50,4051156.75,2389.58,2476,2393,502.4,0.132,1,stable
733229.50,4051156.75,2389.93,2476,2389,503.3,0.132,1,stable
733338.50,4051156.75,2421.15,2456,2104,608.8,0.160,1,stable
733339.50,4051156.75,2421.48,2456,2101,609.8,0.160,1,stable
733340.50,4051156.75,2421.85,2456,2099,610.7,0.160,1,stable
733341.50,4051156.75,2422.20,2456,2096,611.7,0.161,1,stable
733342.50,4051156.75,2422.20,2455,2096,612.7,0.161,1,stable
733343.50,4051156.75,2422.52,2455,2094,613.7,0.161,1,stable
733344.50,4051156.75,2422.97,2455,2090,614.7,0.162,1,stable
733345.50,4051156.75,2423.40,2455,2087,615.6,0.162,1,stable
733346.50,4051156.75,2423.82,2455,2084,616.6,0.162,1,stable
733347.50,4051156.75,2424.51,2455,2080,617.6,0.162,1,stable
733348.50,4051156.75,2425.04,2454,2076,618.5,0.163,1,stable
733349.50,4051156.75,2425.54,2454,2073,619.5,0.163,1,stable
733350.50,4051156.75,2425.99,2454,2070,620.5,0.163,1,stable
733351.50,4051156.75,2425.99,2454,2070,621.5,0.163,0,stable
732803.50,4051155.75,2443.14,3150,2627,75.6,0.020,1,stable
733225.50,4051155.75,2388.94,2485,2401,499.5,0.131,1,stable
733227.50,4051155.75,2389.24,2484,2396,501.5,0.132,1,stable
733228.50,4051155.75,2389.59,2484,2393,502.4,0.132,1,stable
733229.50,4051155.75,2390.01,2484,2388,503.3,0.132,1,stable
733336.50,4051155.75,2420.08,2463,2111,606.9,0.159,1,stable
733338.50,4051155.75,2420.79,2462,2106,608.8,0.160,1,stable
733339.50,4051155.75,2421.08,2462,2104,609.8,0.160,1,stable
733341.50,4051155.75,2421.46,2462,2101,611.8,0.161,0,stable
733342.50,4051155.75,2421.81,2462,2098,612.8,0.161,1,stable
733343.50,4051155.75,2421.99,2461,2097,613.7,0.161,1,stable
733344.50,4051155.75,2422.43,2461,2094,614.7,0.162,1,stable
733345.50,4051155.75,2422.90,2461,2090,615.7,0.162,1,stable
733346.50,4051155.75,2423.37,2461,2087,616.7,0.162,1,stable
733348.50,4051155.75,2424.63,2461,2079,618.6,0.163,1,stable
732784.50,4051154.75,2445.94,3481,2689,57.2,0.015,1,stable
732785.50,4051154.75,2445.82,3462,2683,58.2,0.015,1,stable
733224.50,4051154.75,2388.80,2493,2403,498.6,0.131,1,stable
733331.50,4051154.75,2417.70,2470,2128,602.1,0.158,1,stable
733332.50,4051154.75,2417.70,2470,2128,603.1,0.158,0,stable
733338.50,4051154.75,2420.31,2469,2109,608.9,0.160,1,stable
733339.50,4051154.75,2420.53,2468,2107,609.9,0.160,1,stable
733340.50,4051154.75,2420.81,2468,2105,610.8,0.161,1,stable
733341.50,4051154.75,2420.81,2468,2105,611.8,0.161,0,stable
733342.50,4051154.75,2421.24,2468,2102,612.8,0.161,1,stable
733343.50,4051154.75,2421.56,2468,2099,613.8,0.161,1,stable
733344.50,4051154.75,2422.01,2468,2096,614.8,0.162,1,stable
733346.50,4051154.75,2422.99,2467,2090,616.7,0.162,1,stable
732784.50,4051153.75,2445.99,3546,2684,57.5,0.015,1,stable
732785.50,4051153.75,2445.84,3526,2680,58.4,0.015,1,stable
732786.50,4051153.75,2445.84,3506,2666,59.4,0.016,1,stable
733215.50,4051153.75,2387.01,2503,2426,490.0,0.129,1,stable
733216.50,4051153.75,2387.01,2503,2425,491.0,0.129,1,stable
733217.50,4051153.75,2387.20,2502,2422,491.9,0.129,1,stable
733334.50,4051153.75,2418.55,2476,2122,605.0,0.159,1,stable
733335.50,4051153.75,2418.95,2475,2119,606.0,0.159,1,stable
733336.50,4051153.75,2419.59,2475,2114,607.0,0.159,1,stable
733337.50,4051153.75,2419.95,2475,2112,607.9,0.160,1,stable
733338.50,4051153.75,2419.65,2475,2113,609.0,0.160,1,stable
733339.50,4051153.75,2419.93,2475,2111,609.9,0.160,1,stable
733340.50,4051153.75,2420.32,2475,2108,610.9,0.161,1,stable
733341.50,4051153.75,2420.32,2474,2108,611.9,0.161,1,stable
733342.50,4051153.75,2420.70,2474,2105,612.9,0.161,1,stable
733343.50,4051153.75,2421.12,2474,2102,613.9,0.161,1,stable
732784.50,4051152.75,2446.01,3611,2680,57.8,0.015,1,stable
732785.50,4051152.75,2445.85,3589,2677,58.7,0.015,1,stable
732786.50,4051152.75,2445.85,3569,2663,59.7,0.016,1,stable
732787.50,4051152.75,2445.58,3549,2667,60.7,0.016,1,stable
732788.50,4051152.75,2445.48,3529,2660,61.6,0.016,1,stable
733214.50,4051152.75,2386.76,2511,2429,489.1,0.129,1,stable
733215.50,4051152.75,2387.19,2511,2425,490.0,0.129,1,stable
733216.50,4051152.75,2387.37,2511,2422,490.9,0.129,1,stable
733335.50,4051152.75,2418.45,2482,2122,606.1,0.159,1,stable
733336.50,4051152.75,2418.93,2482,2118,607.0,0.160,1,stable
733337.50,4051152.75,2419.37,2481,2115,608.0,0.160,1,stable
733338.50,4051152.75,2419.65,2481,2113,609.0,0.160,1,stable
733339.50,4051152.75,2419.93,2481,2111,610.0,0.160,1,stable
733340.50,4051152.75,2420.32,2481,2108,610.9,0.161,1,stable
733341.50,4051152.75,2420.32,2481,2108,611.9,0.161,0,stable
733342.50,4051152.75,2420.27,2480,2108,612.9,0.161,1,stable
732785.50,4051151.75,2445.83,3653,2675,59.1,0.016,1,stable
732786.50,4051151.75,2445.83,3631,2662,60.0,0.016,1,stable
732787.50,4051151.75,2445.57,3610,2665,61.0,0.016,1,stable
732788.50,4051151.75,2445.28,3589,2670,62.0,0.016,1,stable
732789.50,4051151.75,2445.27,3570,2658,62.9,0.017,1,stable
732790.50,4051151.75,2445.05,3551,2659,63.9,0.017,1,stable
732791.50,4051151.75,2444.81,3532,2661,64.8,0.017,1,stable
732792.50,4051151.75,2444.47,3514,2669,65.8,0.017,1,stable
733214.50,4051151.75,2386.81,2519,2428,489.1,0.129,1,stable
733215.50,4051151.75,2387.35,2519,2423,490.0,0.129,1,stable
733336.50,4051151.75,2418.50,2488,2121,607.1,0.160,1,stable
733337.50,4051151.75,2418.82,2488,2119,608.1,0.160,1,stable
733338.50,4051151.75,2419.10,2488,2116,609.0,0.160,1,stable
733339.50,4051151.75,2419.45,2487,2114,610.0,0.160,1,stable
733340.50,4051151.75,2419.86,2487,2111,611.0,0.161,1,stable
733341.50,4051151.75,2419.86,2487,2111,612.0,0.161,0,stable
732785.50,4051150.75,2445.99,3716,2663,59.4,0.016,1,stable
732786.50,4051150.75,2445.81,3693,2661,60.3,0.016,1,stable
732787.50,4051150.75,2445.43,3671,2672,61.3,0.016,1,stable
732788.50,4051150.75,2445.08,3649,2681,62.3,0.016,1,stable
732789.50,4051150.75,2445.01,3628,2672,63.3,0.017,1,stable
732790.50,4051150.75,2444.94,3609,2664,64.2,0.017,1,stable
732791.50,4051150.75,2444.77,3589,2661,65.2,0.017,1,stable
732792.50,4051150.75,2444.42,3570,2670,66.2,0.017,1,stable
732793.50,4051150.75,2444.42,3552,2658,67.1,0.018,1,stable
732810.50,4051150.75,2441.78,3309,2619,83.6,0.022,1,stable
732811.50,4051150.75,2441.78,3298,2610,84.6,0.022,1,stable
733485.50,4051150.75,2496.17,2467,1681,755.7,0.199,1,stable
733486.50,4051150.75,2496.35,2467,1680,756.7,0.199,1,stable
732791.50,4051149.75,2444.77,3646,2659,65.5,0.017,1,stable
732792.50,4051149.75,2444.35,3626,2672,66.5,0.017,1,stable
732793.50,4051149.75,2444.35,3608,2660,67.4,0.018,1,stable
732794.50,4051149.75,2444.08,3589,2663,68.4,0.018,1,stable
732811.50,4051149.75,2441.74,3342,2610,84.8,0.022,1,stable
732812.50,4051149.75,2441.46,3331,2614,85.8,0.023,1,stable
732792.50,4051148.75,2444.39,3682,2667,66.8,0.018,1,stable
732793.50,4051148.75,2444.39,3663,2655,67.7,0.018,1,stable
732794.50,4051148.75,2444.11,3643,2660,68.7,0.018,1,stable
732795.50,4051148.75,2443.91,3625,2659,69.7,0.018,1,stable
732796.50,4051148.75,2443.86,3607,2651,70.6,0.019,1,stable
732797.50,4051148.75,2443.70,3589,2649,71.6,0.019,1,stable
732803.50,4051148.75,2442.80,3493,2633,77.3,0.020,1,stable
732804.50,4051148.75,2442.58,3479,2634,78.3,0.021,1,stable
733330.50,4051148.75,2415.72,2508,2141,601.4,0.158,1,stable
733331.50,4051148.75,2415.72,2508,2140,602.4,0.158,1,stable
733485.50,4051148.75,2496.63,2477,1678,755.8,0.199,1,stable
733486.50,4051148.75,2497.31,2477,1675,756.8,0.199,1,stable
732789.50,4051147.75,2445.24,3804,2651,64.2,0.017,1,stable
732792.50,4051147.75,2444.39,3738,2665,67.1,0.018,1,stable
732793.50,4051147.75,2444.39,3717,2653,68.1,0.018,1,stable
732794.50,4051147.75,2444.18,3697,2654,69.0,0.018,1,stable
732795.50,4051147.75,2443.98,3678,2653,70.0,0.018,1,stable
732796.50,4051147.75,2443.83,3659,2651,70.9,0.019,1,stable
732797.50,4051147.75,2443.65,3641,2649,71.9,0.019,1,stable
732798.50,4051147.75,2443.54,3623,2644,72.8,0.019,1,stable
732799.50,4051147.75,2443.41,3606,2641,73.8,0.019,1,stable
732801.50,4051147.75,2442.87,3572,2648,75.8,0.020,1,stable
732804.50,4051147.75,2442.53,3526,2635,78.6,0.021,1,stable
732805.50,4051147.75,2442.41,3511,2631,79.6,0.021,1,stable
732806.50,4051147.75,2442.21,3497,2631,80.6,0.021,1,stable
732824.50,4051147.75,2439.44,3288,2599,98.1,0.026,1,stable
732825.50,4051147.75,2439.75,3279,2580,99.0,0.026,1,stable
732826.50,4051147.75,2439.46,3270,2584,100.0,0.026,1,stable
733483.50,4051147.75,2495.24,2483,1685,753.8,0.198,1,stable
733484.50,4051147.75,2495.60,2482,1683,754.8,0.198,1,stable
733485.50,4051147.75,2496.82,2482,1677,755.9,0.199,1,stable
733487.50,4051147.75,2497.96,2482,1672,757.9,0.199,1,stable
732798.50,4051146.75,2443.50,3674,2645,73.2,0.019,1,stable
732799.50,4051146.75,2443.31,3656,2644,74.1,0.019,1,stable
732800.50,4051146.75,2443.19,3639,2640,75.1,0.020,1,stable
732801.50,4051146.75,2442.80,3621,2649,76.1,0.020,1,stable
732802.50,4051146.75,2442.80,3605,2639,77.0,0.020,1,stable
732803.50,4051146.75,2442.62,3589,2638,78.0,0.020,1,stable
732822.50,4051146.75,2438.23,3345,2661,96.7,0.025,1,stable
732823.50,4051146.75,2438.92,3336,2626,97.5,0.026,1,stable
732824.50,4051146.75,2439.44,3326,2598,98.4,0.026,1,stable
732825.50,4051146.75,2439.76,3317,2579,99.3,0.026,1,stable
732826.50,4051146.75,2439.50,3307,2582,100.3,0.026,1,stable
733479.50,4051146.75,2493.34,2488,1694,749.7,0.197,1,stable
733480.50,4051146.75,2493.95,2488,1691,750.8,0.197,1,stable
733481.50,4051146.75,2493.95,2488,1691,751.8,0.198,0,stable
732799.50,4051145.75,2443.25,3706,2645,74.5,0.020,1,stable
732801.50,4051145.75,2443.10,3671,2632,76.4,0.020,1,stable
732802.50,4051145.75,2442.73,3653,2641,77.3,0.020,1,stable
732803.50,4051145.75,2442.55,3636,2640,78.3,0.021,1,stable
732804.50,4051145.75,2442.33,3620,2641,79.3,0.021,1,stable
732805.50,4051145.75,2442.17,3604,2639,80.2,0.021,1,stable
732806.50,4051145.75,2442.08,3589,2634,81.2,0.021,1,stable
732807.50,4051145.75,2441.96,3574,2630,82.1,0.022,1,stable
732824.50,4051145.75,2439.53,3364,2594,98.6,0.026,1,stable
733478.50,4051145.75,2492.78,2494,1696,748.7,0.197,1,stable
733479.50,4051145.75,2493.32,2494,1694,749.8,0.197,1,stable
733480.50,4051145.75,2493.96,2493,1691,750.8,0.197,1,stable
733481.50,4051145.75,2493.96,2493,1691,751.8,0.198,0,stable
733487.50,4051145.75,2498.34,2492,1670,758.0,0.199,1,stable
732799.50,4051144.75,2443.13,3756,2649,74.8,0.020,1,stable
732802.50,4051144.75,2442.65,3701,2643,77.7,0.020,1,stable
732803.50,4051144.75,2442.47,3684,2642,78.7,0.021,1,stable
732804.50,4051144.75,2442.25,3667,2643,79.6,0.021,1,stable
732805.50,4051144.75,2442.05,3650,2643,80.6,0.021,1,stable
732806.50,4051144.75,2441.89,3634,2641,81.5,0.021,1,stable
732807.50,4051144.75,2441.78,3619,2637,82.5,0.022,1,stable
732808.50,4051144.75,2441.65,3604,2633,83.4,0.022,1,stable
732809.50,4051144.75,2441.47,3589,2633,84.4,0.022,1,stable
732810.50,4051144.75,2441.47,3574,2624,85.3,0.022,1,stable
732811.50,4051144.75,2441.25,3560,2625,86.3,0.023,1,stable
732837.50,4051144.75,2436.34,3280,2617,111.8,0.029,1,stable
732838.50,4051144.75,2435.74,3272,2631,112.9,0.030,1,stable
732839.50,4051144.75,2431.09,3261,2778,114.8,0.030,1,stable
733442.50,4051144.75,2478.27,2506,1765,712.3,0.187,1,stable
733480.50,4051144.75,2493.98,2498,1691,750.8,0.197,1,stable
732799.50,4051143.75,2443.13,3805,2648,75.2,0.020,1,stable
732801.50,4051143.75,2442.96,3767,2636,77.1,0.020,1,stable
732802.50,4051143.75,2442.51,3749,2648,78.1,0.021,1,stable
732805.50,4051143.75,2442.02,3696,2643,80.9,0.021,1,stable
732806.50,4051143.75,2441.85,3680,2641,81.9,0.022,1,stable
732807.50,4051143.75,2441.70,3664,2639,82.8,0.022,1,stable
732808.50,4051143.75,2441.56,3648,2636,83.8,0.022,1,stable
732809.50,4051143.75,2441.39,3633,2635,84.7,0.022,1,stable
732810.50,4051143.75,2441.39,3618,2626,85.7,0.023,1,stable
732811.50,4051143.75,2441.15,3603,2628,86.6,0.023,1,stable
732812.50,4051143.75,2440.90,3589,2630,87.6,0.023,1,stable
732837.50,4051143.75,2436.69,3314,2604,112.0,0.029,1,stable
732838.50,4051143.75,2437.03,3306,2587,112.9,0.030,1,stable
732839.50,4051143.75,2434.97,3296,2649,114.2,0.030,1,stable
733443.50,4051143.75,2478.56,2511,1764,713.3,0.187,1,stable
733444.50,4051143.75,2478.56,2511,1764,714.3,0.188,0,stable
733452.50,4051143.75,2483.53,2509,1739,722.5,0.190,1,stable
733453.50,4051143.75,2484.14,2509,1736,723.5,0.190,1,stable
732798.50,4051142.75,2443.14,3875,2656,74.7,0.020,1,stable
732799.50,4051142.75,2442.96,3854,2654,75.6,0.020,1,stable
732800.50,4051142.75,2442.82,3834,2651,76.5,0.020,1,stable
732801.50,4051142.75,2442.82,3815,2641,77.5,0.020,1,stable
732802.50,4051142.75,2442.41,3796,2651,78.4,0.021,1,stable
732806.50,4051142.75,2441.78,3725,2643,82.2,0.022,1,stable
732807.50,4051142.75,2441.64,3708,2640,83.2,0.022,1,stable
732808.50,4051142.75,2441.40,3692,2642,84.1,0.022,1,stable
732809.50,4051142.75,2441.24,3676,2640,85.1,0.022,1,stable
732810.50,4051142.75,2441.24,3661,2631,86.0,0.023,1,stable
732811.50,4051142.75,2441.06,3646,2630,87.0,0.023,1,stable
732812.50,4051142.75,2440.82,3631,2632,88.0,0.023,1,stable
732838.50,4051142.75,2437.96,3339,2554,112.9,0.030,1,stable
733446.50,4051142.75,2479.26,2516,1760,716.4,0.188,1,stable
733492.50,4051142.75,2500.01,2506,1663,763.2,0.201,1,stable
732807.50,4051141.75,2441.58,3753,2641,83.5,0.022,1,stable
732808.50,4051141.75,2441.37,3736,2641,84.5,0.022,1,stable
732810.50,4051141.75,2441.16,3704,2633,86.4,0.023,1,stable
732811.50,4051141.75,2440.99,3688,2632,87.3,0.023,1,stable
732812.50,4051141.75,2440.68,3673,2636,88.3,0.023,1,stable
732819.50,4051141.75,2438.62,3575,2663,95.2,0.025,1,stable
732822.50,4051141.75,2439.52,3538,2604,97.8,0.026,1,stable
732808.50,4051140.75,2441.27,3780,2644,84.9,0.022,1,stable
732809.50,4051140.75,2441.08,3763,2644,85.8,0.023,1,stable
732811.50,4051140.75,2440.85,3731,2636,87.7,0.023,1,stable
732812.50,4051140.75,2440.65,3715,2636,88.6,0.023,1,stable
732820.50,4051140.75,2439.10,3601,2634,96.3,0.025,1,stable
732822.50,4051140.75,2439.71,3576,2595,98.1,0.026,1,stable
733080.50,4051140.75,2394.55,2695,2553,356.5,0.094,1,stable
732819.50,4051139.75,2438.98,3653,2646,95.8,0.025,1,stable
732820.50,4051139.75,2439.41,3640,2621,96.6,0.025,1,stable
732821.50,4051139.75,2439.75,3627,2599,97.5,0.026,1,stable
733467.50,4051139.75,2490.31,2527,1707,737.9,0.194,1,stable
733468.50,4051139.75,2490.70,2527,1705,738.9,0.194,1,stable
733469.50,4051139.75,2491.03,2526,1703,739.9,0.194,1,stable
733470.50,4051139.75,2491.26,2526,1702,740.9,0.195,1,stable
733471.50,4051139.75,2491.26,2526,1703,741.9,0.195,0,stable
732819.50,4051138.75,2439.43,3692,2626,96.0,0.025,1,stable
732820.50,4051138.75,2439.75,3679,2606,96.9,0.025,1,stable
732821.50,4051138.75,2440.00,3665,2588,97.7,0.026,1,stable
732822.50,4051138.75,2440.27,3652,2570,98.6,0.026,1,stable
733467.50,4051138.75,2490.56,2532,1705,737.9,0.194,1,stable
733468.50,4051138.75,2491.05,2532,1703,738.9,0.194,1,stable
732819.50,4051137.75,2439.91,3731,2606,96.3,0.025,1,stable
732820.50,4051137.75,2439.99,3717,2595,97.2,0.026,1,stable
732822.50,4051137.75,2440.62,3690,2556,98.9,0.026,1,stable
733467.50,4051137.75,2490.36,2537,1706,738.0,0.194,1,stable
733468.50,4051137.75,2490.88,2537,1704,739.0,0.194,1,stable
733469.50,4051137.75,2491.62,2537,1700,740.0,0.194,1,stable
733470.50,4051137.75,2491.62,2537,1701,741.0,0.195,1,stable
732818.50,4051136.75,2439.79,3784,2617,95.7,0.025,1,stable
732819.50,4051136.75,2439.95,3770,2603,96.6,0.025,1,stable
732820.50,4051136.75,2440.12,3755,2588,97.5,0.026,1,stable
732822.50,4051136.75,2440.69,3728,2552,99.2,0.026,1,stable
732823.50,4051136.75,2441.00,3714,2533,100.1,0.026,1,stable
733469.50,4051136.75,2491.44,2542,1701,740.0,0.194,1,stable
733470.50,4051136.75,2491.44,2542,1701,741.0,0.195,0,stable
733471.50,4051136.75,2492.81,2541,1695,742.1,0.195,1,stable
732817.50,4051135.75,2440.03,3839,2613,95.1,0.025,1,stable
732818.50,4051135.75,2440.03,3823,2606,96.0,0.025,1,stable
732819.50,4051135.75,2440.01,3808,2599,96.9,0.025,1,stable
732820.50,4051135.75,2440.24,3793,2582,97.8,0.026,1,stable
732821.50,4051135.75,2440.47,3779,2566,98.7,0.026,1,stable
732822.50,4051135.75,2440.82,3765,2545,99.5,0.026,1,stable
732823.50,4051135.75,2441.23,3751,2523,100.4,0.026,1,stable
732817.50,4051134.75,2440.39,3878,2597,95.4,0.025,1,stable
732818.50,4051134.75,2440.33,3862,2592,96.3,0.025,1,stable
732819.50,4051134.75,2440.53,3847,2576,97.2,0.026,1,stable
732820.50,4051134.75,2440.82,3832,2558,98.1,0.026,1,stable
732821.50,4051134.75,2440.85,3817,2550,99.0,0.026,1,stable
732822.50,4051134.75,2441.17,3802,2530,99.8,0.026,1,stable
732823.50,4051134.75,2441.47,3788,2512,100.7,0.026,1,stable
733243.50,4051134.75,2403.57,2636,2274,516.7,0.136,1,stable
732818.50,4051133.75,2440.33,3900,2591,96.7,0.025,1,stable
732819.50,4051133.75,2440.53,3885,2575,97.6,0.026,1,stable
732820.50,4051133.75,2440.82,3869,2556,98.5,0.026,1,stable
732821.50,4051133.75,2441.18,3854,2535,99.3,0.026,1,stable
732822.50,4051133.75,2441.38,3840,2521,100.2,0.026,1,stable
732823.50,4051133.75,2441.65,3825,2504,101.1,0.027,1,stable
733244.50,4051133.75,2403.85,2643,2271,517.7,0.136,1,stable
732818.50,4051132.75,2440.65,3939,2576,97.1,0.026,1,stable
732819.50,4051132.75,2440.81,3923,2563,97.9,0.026,1,stable
732820.50,4051132.75,2441.02,3907,2547,98.8,0.026,1,stable
732821.50,4051132.75,2441.18,3892,2534,99.7,0.026,1,stable
732822.50,4051132.75,2441.38,3876,2520,100.6,0.026,1,stable
733245.50,4051132.75,2403.14,2650,2275,518.8,0.136,1,stable
733246.50,4051132.75,2403.92,2649,2269,519.7,0.137,1,stable
733475.50,4051132.75,2494.85,2561,1685,746.4,0.196,1,stable
733476.50,4051132.75,2495.48,2561,1682,747.4,0.196,1,stable
733477.50,4051132.75,2495.98,2560,1680,748.4,0.197,1,stable
733479.50,4051132.75,2496.17,2560,1680,750.4,0.197,0,stable
732818.50,4051131.75,2440.89,3977,2565,97.4,0.026,1,stable
732819.50,4051131.75,2440.94,3961,2556,98.3,0.026,1,stable
732820.50,4051131.75,2441.00,3944,2547,99.2,0.026,1,stable
732821.50,4051131.75,2441.35,3929,2526,100.0,0.026,1,stable
732822.50,4051131.75,2441.54,3913,2512,100.9,0.027,1,stable
733244.50,4051131.75,2401.92,2658,2285,518.0,0.136,1,stable
733474.50,4051131.75,2494.05,2566,1689,745.4,0.196,1,stable
733477.50,4051131.75,2496.11,2566,1679,748.5,0.197,1,stable
733478.50,4051131.75,2496.11,2565,1680,749.5,0.197,1,stable
733479.50,4051131.75,2496.56,2565,1678,750.5,0.197,1,stable
732817.50,4051130.75,2440.93,4033,2570,96.9,0.025,1,stable
732818.50,4051130.75,2441.01,4015,2559,97.8,0.026,1,stable
732819.50,4051130.75,2441.11,3998,2548,98.7,0.026,1,stable
732820.50,4051130.75,2441.48,3982,2526,99.5,0.026,1,stable
732822.50,4051130.75,2441.88,3950,2498,101.3,0.027,1,stable
733245.50,4051130.75,2401.72,2664,2285,519.1,0.136,1,stable
733267.50,4051130.75,2414.13,2652,2182,539.8,0.142,1,stable
733268.50,4051130.75,2414.41,2652,2179,540.8,0.142,1,stable
733477.50,4051130.75,2496.20,2571,1679,748.6,0.197,1,stable
733478.50,4051130.75,2496.20,2570,1679,749.6,0.197,1,stable
733479.50,4051130.75,2496.96,2570,1676,750.6,0.197,1,stable
733483.50,4051130.75,2498.70,2569,1668,754.7,0.198,1,stable
733486.50,4051130.75,2499.19,2568,1666,757.7,0.199,0,stable
733487.50,4051130.75,2499.39,2568,1665,758.7,0.199,1,stable
733488.50,4051130.75,2499.65,2568,1664,759.7,0.200,1,stable
733489.50,4051130.75,2500.33,2567,1661,760.7,0.200,1,stable
732817.50,4051129.75,2440.95,4071,2567,97.3,0.026,1,stable
732818.50,4051129.75,2441.14,4053,2552,98.2,0.026,1,stable
732819.50,4051129.75,2441.24,4036,2541,99.1,0.026,1,stable
732820.50,4051129.75,2441.62,4019,2520,99.9,0.026,1,stable
732821.50,4051129.75,2441.81,4003,2506,100.8,0.026,1,stable
733268.50,4051129.75,2414.14,2659,2181,540.9,0.142,1,stable
733478.50,4051129.75,2496.32,2576,1679,749.6,0.197,1,stable
733483.50,4051129.75,2499.24,2574,1665,754.8,0.198,1,stable
733488.50,4051129.75,2500.14,2573,1662,759.8,0.200,1,stable
733489.50,4051129.75,2500.54,2572,1660,760.8,0.200,1,stable
732820.50,4051128.75,2441.60,4056,2519,100.3,0.026,1,stable
733262.50,4051128.75,2410.78,2669,2208,535.3,0.141,1,stable
733268.50,4051128.75,2413.80,2666,2184,541.0,0.142,1,stable
733269.50,4051128.75,2414.43,2665,2179,541.9,0.142,1,stable
733441.50,4051128.75,2472.28,2592,1797,711.9,0.187,1,stable
733442.50,4051128.75,2472.28,2592,1797,712.9,0.187,0,stable
733268.50,4051127.75,2413.44,2673,2186,541.1,0.142,1,stable
733269.50,4051127.75,2413.95,2672,2182,542.0,0.142,1,stable
733270.50,4051127.75,2414.10,2672,2180,543.0,0.143,1,stable
733271.50,4051127.75,2414.16,2671,2179,544.0,0.143,1,stable
733272.50,4051127.75,2414.08,2671,2179,545.0,0.143,0,stable
733273.50,4051127.75,2413.85,2670,2180,546.0,0.143,1,stable
733491.50,4051127.75,2502.66,2582,1650,763.0,0.201,1,stable
733265.50,4051126.75,2411.44,2682,2202,538.3,0.141,1,stable
733266.50,4051126.75,2411.44,2681,2201,539.3,0.142,1,stable
733270.50,4051126.75,2413.53,2679,2184,543.1,0.143,1,stable
733271.50,4051126.75,2413.60,2678,2183,544.1,0.143,1,stable
733272.50,4051126.75,2413.65,2678,2182,545.1,0.143,1,stable
733273.50,4051126.75,2413.49,2677,2183,546.1,0.144,1,stable
733274.50,4051126.75,2413.49,2677,2182,547.1,0.144,1,stable
732820.50,4051125.75,2442.34,4167,2486,101.5,0.027,1,stable
732821.50,4051125.75,2442.60,4149,2470,102.3,0.027,1,stable
733273.50,4051125.75,2413.06,2684,2186,546.2,0.144,1,stable
733274.50,4051125.75,2413.06,2683,2185,547.2,0.144,1,stable
733300.50,4051125.75,2410.92,2669,2185,573.2,0.151,1,stable
733301.50,4051125.75,2410.92,2669,2185,574.2,0.151,0,stable
733302.50,4051125.75,2411.10,2668,2183,575.2,0.151,1,stable
733303.50,4051125.75,2411.37,2668,2181,576.2,0.151,1,stable
733478.50,4051125.75,2496.33,2596,1679,749.8,0.197,1,stable
733479.50,4051125.75,2497.20,2596,1674,750.9,0.197,1,stable
732820.50,4051124.75,2442.45,4203,2481,101.9,0.027,1,stable
732977.50,4051124.75,2415.48,3069,2511,254.4,0.067,1,stable
732978.50,4051124.75,2415.33,3066,2511,255.4,0.067,1,stable
733266.50,4051124.75,2410.54,2695,2207,539.6,0.142,1,stable
733267.50,4051124.75,2411.34,2695,2201,540.5,0.142,1,stable
733268.50,4051124.75,2411.70,2694,2198,541.5,0.142,1,stable
733269.50,4051124.75,2412.33,2693,2193,542.4,0.143,1,stable
733296.50,4051124.75,2410.44,2678,2190,569.4,0.150,1,stable
733297.50,4051124.75,2410.53,2677,2189,570.4,0.150,1,stable
733298.50,4051124.75,2410.74,2677,2187,571.3,0.150,1,stable
733299.50,4051124.75,2410.93,2676,2186,572.3,0.150,1,stable
733300.50,4051124.75,2410.93,2676,2185,573.3,0.151,1,stable
733301.50,4051124.75,2411.24,2675,2183,574.3,0.151,1,stable
733302.50,4051124.75,2411.40,2675,2181,575.3,0.151,1,stable
733303.50,4051124.75,2411.64,2674,2179,576.2,0.151,1,stable
733304.50,4051124.75,2411.85,2674,2177,577.2,0.152,1,stable
733479.50,4051124.75,2496.89,2601,1676,750.9,0.197,1,stable
732819.50,4051123.75,2442.54,4259,2483,101.5,0.027,1,stable
732820.50,4051123.75,2442.74,4240,2468,102.4,0.027,1,stable
732924.50,4051123.75,2418.92,3272,2612,203.0,0.053,1,stable
732925.50,4051123.75,2419.48,3268,2598,203.8,0.054,1,stable
733267.50,4051123.75,2410.72,2702,2205,540.6,0.142,1,stable
733268.50,4051123.75,2411.16,2701,2202,541.6,0.142,1,stable
733269.50,4051123.75,2411.76,2700,2197,542.5,0.143,1,stable
733270.50,4051123.75,2411.97,2700,2195,543.5,0.143,1,stable
733271.50,4051123.75,2412.10,2699,2193,544.5,0.143,1,stable
733297.50,4051123.75,2411.10,2684,2186,570.4,0.150,0,stable
733298.50,4051123.75,2411.27,2683,2184,571.4,0.150,1,stable
733299.50,4051123.75,2411.37,2683,2183,572.4,0.150,1,stable
733300.50,4051123.75,2411.37,2682,2182,573.4,0.151,1,stable
733301.50,4051123.75,2411.55,2682,2180,574.3,0.151,1,stable
733302.50,4051123.75,2411.65,2681,2179,575.3,0.151,1,stable
733303.50,4051123.75,2411.88,2681,2177,576.3,0.151,1,stable
733304.50,4051123.75,2412.13,2680,2175,577.3,0.152,1,stable
733494.50,4051123.75,2505.12,2601,1639,766.4,0.201,0,stable
733495.50,4051123.75,2505.34,2601,1638,767.4,0.202,1,stable
733496.50,4051123.75,2505.58,2600,1637,768.4,0.202,1,stable
733497.50,4051123.75,2505.97,2600,1636,769.5,0.202,1,stable
732817.50,4051122.75,2442.45,4335,2498,100.3,0.026,1,stable
732818.50,4051122.75,2442.59,4315,2486,101.1,0.027,1,stable
732819.50,4051122.75,2442.78,4295,2472,101.9,0.027,1,stable
732924.50,4051122.75,2419.60,3291,2599,203.1,0.053,1,stable
732925.50,4051122.75,2419.77,3286,2593,204.0,0.054,1,stable
732926.50,4051122.75,2420.09,3282,2583,204.9,0.054,1,stable
733269.50,4051122.75,2410.64,2707,2205,542.7,0.143,1,stable
733290.50,4051122.75,2409.50,2695,2200,563.7,0.148,1,stable
733291.50,4051122.75,2409.50,2694,2199,564.7,0.148,1,stable
733292.50,4051122.75,2410.34,2694,2193,565.6,0.149,1,stable
733301.50,4051122.75,2411.72,2688,2179,574.4,0.151,1,stable
733492.50,4051122.75,2505.04,2606,1639,764.5,0.201,1,stable
733493.50,4051122.75,2505.44,2606,1637,765.5,0.201,1,stable
733494.50,4051122.75,2505.44,2606,1637,766.5,0.201,0,stable
733495.50,4051122.75,2505.68,2606,1636,767.5,0.202,1,stable
733496.50,4051122.75,2505.80,2605,1636,768.5,0.202,1,stable
733497.50,4051122.75,2506.18,2605,1635,769.5,0.202,1,stable
732811.50,4051121.75,2442.40,4506,2541,95.7,0.025,1,stable
732818.50,4051121.75,2442.59,4351,2485,101.6,0.027,1,stable
732819.50,4051121.75,2442.78,4331,2471,102.4,0.027,1,stable
732924.50,4051121.75,2419.60,3309,2599,203.3,0.053,1,stable
732925.50,4051121.75,2419.77,3305,2592,204.2,0.054,1,stable
733291.50,4051121.75,2409.50,2701,2199,564.7,0.148,1,stable
733292.50,4051121.75,2410.34,2700,2193,565.7,0.149,1,stable
733494.50,4051121.75,2505.44,2611,1637,766.6,0.201,0,stable
733495.50,4051121.75,2505.68,2610,1636,767.6,0.202,1,stable
733496.50,4051121.75,2505.80,2610,1636,768.6,0.202,0,stable
733497.50,4051121.75,2506.18,2610,1635,769.6,0.202,1,stable
732816.50,4051120.75,2442.66,4430,2494,100.4,0.026,1,stable
732817.50,4051120.75,2442.66,4409,2487,101.2,0.027,1,stable
732818.50,4051120.75,2442.73,4388,2478,102.1,0.027,1,stable
732819.50,4051120.75,2442.87,4368,2466,102.9,0.027,1,stable
732924.50,4051120.75,2419.98,3328,2591,203.5,0.053,1,stable
732925.50,4051120.75,2420.31,3323,2581,204.4,0.054,1,stable
733487.50,4051120.75,2503.25,2618,1646,759.5,0.200,1,stable
733489.50,4051120.75,2504.12,2617,1642,761.6,0.200,1,stable
733493.50,4051120.75,2505.04,2616,1639,765.6,0.201,0,stable
733494.50,4051120.75,2505.44,2616,1637,766.6,0.201,1,stable
733495.50,4051120.75,2506.03,2615,1635,767.7,0.202,1,stable
733496.50,4051120.75,2505.98,2615,1635,768.6,0.202,0,stable
733497.50,4051120.75,2506.23,2615,1634,769.7,0.202,1,stable
732816.50,4051119.75,2442.87,4468,2484,100.8,0.026,1,stable
732817.50,4051119.75,2442.90,4446,2476,101.7,0.027,1,stable
732818.50,4051119.75,2442.94,4425,2469,102.5,0.027,1,stable
732819.50,4051119.75,2443.01,4404,2460,103.4,0.027,1,stable
732924.50,4051119.75,2420.30,3346,2584,203.7,0.054,1,stable
732979.50,4051119.75,2415.62,3137,2502,257.2,0.068,1,stable
733479.50,4051119.75,2495.63,2626,1683,751.2,0.197,1,stable
733488.50,4051119.75,2503.95,2623,1643,760.6,0.200,1,stable
733489.50,4051119.75,2504.43,2622,1641,761.6,0.200,1,stable
733490.50,4051119.75,2504.76,2622,1640,762.7,0.200,1,stable
733491.50,4051119.75,2505.07,2622,1638,763.7,0.201,1,stable
733492.50,4051119.75,2505.51,2621,1636,764.7,0.201,1,stable
733493.50,4051119.75,2505.51,2621,1637,765.7,0.201,1,stable
733494.50,4051119.75,2505.85,2621,1635,766.7,0.201,1,stable
733495.50,4051119.75,2506.03,2620,1635,767.7,0.202,1,stable
733496.50,4051119.75,2505.98,2620,1635,768.7,0.202,0,stable
732815.50,4051118.75,2442.79,4527,2493,100.5,0.026,1,stable
732816.50,4051118.75,2442.87,4505,2483,101.3,0.027,1,stable
732817.50,4051118.75,2442.90,4483,2475,102.2,0.027,1,stable
732818.50,4051118.75,2442.94,4461,2467,103.0,0.027,1,stable
732819.50,4051118.75,2443.01,4440,2459,103.9,0.027,1,stable
732982.50,4051118.75,2415.43,3143,2498,260.4,0.068,1,stable
733002.50,4051118.75,2412.27,3087,2496,280.2,0.074,1,stable
733076.50,4051118.75,2403.90,2936,2456,353.6,0.093,1,stable
733490.50,4051118.75,2504.94,2627,1639,762.7,0.200,1,stable
733491.50,4051118.75,2505.29,2627,1637,763.8,0.201,1,stable
733492.50,4051118.75,2505.91,2626,1634,764.8,0.201,1,stable
733493.50,4051118.75,2505.91,2626,1635,765.8,0.201,1,stable
733494.50,4051118.75,2506.30,2626,1633,766.8,0.201,1,stable
732814.50,4051117.75,2443.04,4588,2488,100.2,0.026,1,stable
732815.50,4051117.75,2443.22,4565,2474,101.0,0.027,1,stable
732816.50,4051117.75,2443.25,4542,2467,101.8,0.027,1,stable
732817.50,4051117.75,2443.20,4520,2462,102.6,0.027,1,stable
732818.50,4051117.75,2443.19,4497,2457,103.5,0.027,1,stable
732968.50,4051117.75,2417.00,3202,2508,246.8,0.065,1,stable
733075.50,4051117.75,2405.03,2949,2445,352.6,0.093,1,stable
733491.50,4051117.75,2505.51,2632,1636,763.8,0.201,1,stable
733492.50,4051117.75,2506.08,2631,1634,764.9,0.201,1,stable
733493.50,4051117.75,2506.08,2631,1634,765.9,0.201,0,stable
733494.50,4051117.75,2506.56,2631,1632,766.9,0.202,1,stable
732813.50,4051116.75,2443.33,4651,2482,99.8,0.026,1,stable
732814.50,4051116.75,2443.33,4626,2475,100.7,0.026,1,stable
732815.50,4051116.75,2443.39,4602,2466,101.5,0.027,1,stable
732816.50,4051116.75,2443.35,4579,2462,102.3,0.027,1,stable
732817.50,4051116.75,2443.37,4556,2455,103.1,0.027,1,stable
733493.50,4051116.75,2506.48,2636,1632,766.0,0.201,0,stable
733494.50,4051116.75,2506.88,2636,1630,767.0,0.202,1,stable
733495.50,4051116.75,2507.24,2635,1629,768.0,0.202,1,stable
732813.50,4051115.75,2443.42,4689,2478,100.4,0.026,1,stable
732814.50,4051115.75,2443.42,4664,2471,101.2,0.027,1,stable
732815.50,4051115.75,2443.48,4640,2462,102.0,0.027,1,stable
732816.50,4051115.75,2443.55,4616,2453,102.8,0.027,1,stable
732996.50,4051115.75,2414.19,3144,2482,274.7,0.072,1,stable
733075.50,4051115.75,2406.01,2970,2434,352.8,0.093,1,stable
733494.50,4051115.75,2507.47,2641,1627,767.1,0.202,1,stable
733495.50,4051115.75,2507.89,2640,1626,768.1,0.202,1,stable
733496.50,4051115.75,2508.27,2640,1624,769.1,0.202,1,stable
733497.50,4051115.75,2508.68,2640,1622,770.2,0.202,1,stable
733499.50,4051115.75,2509.60,2639,1618,772.2,0.203,1,stable
732813.50,4051114.75,2443.54,4727,2472,100.9,0.027,1,stable
732815.50,4051114.75,2443.64,4677,2455,102.5,0.027,1,stable
732995.50,4051114.75,2414.56,3161,2479,273.9,0.072,1,stable
732996.50,4051114.75,2414.37,3158,2479,274.9,0.072,1,stable
732997.50,4051114.75,2414.16,3155,2480,275.9,0.072,1,stable
732998.50,4051114.75,2413.98,3152,2480,276.9,0.073,1,stable
732999.50,4051114.75,2413.98,3149,2478,277.8,0.073,1,stable
733002.50,4051114.75,2413.49,3141,2478,280.8,0.074,1,stable
733075.50,4051114.75,2406.01,2981,2434,352.9,0.093,1,stable
733495.50,4051114.75,2508.18,2645,1624,768.2,0.202,1,stable
733496.50,4051114.75,2508.91,2645,1621,769.3,0.202,1,stable
733497.50,4051114.75,2509.27,2645,1619,770.3,0.202,1,stable
732995.50,4051113.75,2414.72,3174,2476,274.1,0.072,1,stable
732996.50,4051113.75,2414.58,3171,2476,275.1,0.072,1,stable
732998.50,4051113.75,2414.23,3165,2476,277.0,0.073,1,stable
732999.50,4051113.75,2414.23,3163,2474,278.0,0.073,1,stable
733000.50,4051113.75,2414.03,3160,2475,279.0,0.073,1,stable
733001.50,4051113.75,2413.80,3157,2476,280.0,0.074,1,stable
733002.50,4051113.75,2413.54,3154,2477,281.0,0.074,1,stable
733003.50,4051113.75,2413.36,3151,2477,282.0,0.074,1,stable
733074.50,4051113.75,2406.15,2993,2434,352.1,0.093,1,stable
733075.50,4051113.75,2406.78,2992,2426,353.0,0.093,1,stable
733496.50,4051113.75,2509.14,2650,1620,769.3,0.202,1,stable
733497.50,4051113.75,2509.63,2649,1618,770.4,0.202,1,stable
733502.50,4051113.75,2511.20,2648,1612,775.4,0.204,1,stable
732812.50,4051112.75,2443.74,4829,2469,101.2,0.027,1,stable
732813.50,4051112.75,2443.74,4802,2462,102.0,0.027,1,stable
732969.50,4051112.75,2419.24,3274,2470,248.6,0.065,1,stable
732973.50,4051112.75,2418.49,3260,2471,252.5,0.066,1,stable
732974.50,4051112.75,2418.18,3256,2474,253.5,0.067,1,stable
732999.50,4051112.75,2414.39,3176,2472,278.2,0.073,1,stable
733000.50,4051112.75,2414.21,3173,2472,279.2,0.073,1,stable
733011.50,4051112.75,2411.65,3142,2483,290.2,0.076,1,stable
733012.50,4051112.75,2411.79,3140,2479,291.2,0.077,1,stable
733013.50,4051112.75,2411.76,3137,2477,292.1,0.077,1,stable
733014.50,4051112.75,2410.99,3134,2485,293.2,0.077,1,stable
733074.50,4051112.75,2406.66,3004,2428,352.2,0.093,1,stable
733501.50,4051112.75,2511.08,2653,1612,774.5,0.204,0,stable
732811.50,4051111.75,2444.08,4895,2461,100.9,0.027,1,stable
732812.50,4051111.75,2444.07,4868,2454,101.7,0.027,1,stable
732813.50,4051111.75,2444.07,4840,2448,102.5,0.027,1,stable
732972.50,4051111.75,2419.37,3278,2460,251.6,0.066,1,stable
732973.50,4051111.75,2419.20,3275,2460,252.6,0.066,1,stable
732974.50,4051111.75,2419.05,3271,2460,253.6,0.067,1,stable
732975.50,4051111.75,2418.56,3268,2465,254.6,0.067,1,stable
732980.50,4051111.75,2417.03,3250,2476,259.7,0.068,1,stable
733011.50,4051111.75,2411.91,3155,2479,290.4,0.076,1,stable
733012.50,4051111.75,2411.92,3153,2477,291.3,0.077,1,stable
733013.50,4051111.75,2411.90,3150,2475,292.3,0.077,1,stable
733014.50,4051111.75,2411.05,3147,2484,293.4,0.077,1,stable
733074.50,4051111.75,2407.22,3015,2422,352.3,0.093,1,stable
733276.50,4051111.75,2407.22,2779,2223,551.1,0.145,1,stable
733512.50,4051111.75,2514.85,2654,1597,785.8,0.206,1,stable
732809.50,4051110.75,2444.36,4993,2462,99.9,0.026,1,stable
732810.50,4051110.75,2444.48,4963,2450,100.7,0.026,1,stable
732811.50,4051110.75,2444.32,4934,2450,101.5,0.027,1,stable
732812.50,4051110.75,2444.28,4906,2445,102.3,0.027,1,stable
732813.50,4051110.75,2444.28,4878,2438,103.1,0.027,1,stable
732973.50,4051110.75,2419.66,3290,2453,252.8,0.066,1,stable
732974.50,4051110.75,2419.50,3286,2453,253.8,0.067,1,stable
732975.50,4051110.75,2419.24,3282,2455,254.8,0.067,1,stable
732976.50,4051110.75,2418.95,3279,2457,255.8,0.067,1,stable
732979.50,4051110.75,2417.78,3268,2467,258.8,0.068,1,stable
732980.50,4051110.75,2417.43,3264,2470,259.9,0.068,0,stable
732981.50,4051110.75,2417.43,3261,2468,260.8,0.069,1,stable
733011.50,4051110.75,2412.10,3168,2476,290.5,0.076,0,stable
733012.50,4051110.75,2412.14,3166,2474,291.5,0.077,1,stable
733013.50,4051110.75,2412.10,3163,2472,292.5,0.077,1,stable
733014.50,4051110.75,2411.09,3160,2483,293.6,0.077,1,stable
733269.50,4051110.75,2405.54,2791,2239,544.4,0.143,1,stable
733270.50,4051110.75,2405.69,2790,2237,545.4,0.143,1,stable
733271.50,4051110.75,2405.69,2789,2237,546.4,0.144,1,stable
733273.50,4051110.75,2406.25,2788,2232,548.3,0.144,1,stable
733274.50,4051110.75,2406.48,2787,2229,549.3,0.144,1,stable
733506.50,4051110.75,2514.05,2661,1599,779.9,0.205,1,stable
733507.50,4051110.75,2514.00,2660,1600,780.8,0.205,1,stable
733512.50,4051110.75,2514.93,2658,1597,785.9,0.207,1,stable
733513.50,4051110.75,2515.33,2658,1595,786.9,0.207,1,stable
732808.50,4051109.75,2444.50,5063,2463,99.7,0.026,1,stable
732809.50,4051109.75,2444.53,5032,2455,100.5,0.026,1,stable
732810.50,4051109.75,2444.45,5002,2451,101.3,0.027,1,stable
732811.50,4051109.75,2444.53,4973,2441,102.0,0.027,1,stable
732812.50,4051109.75,2444.48,4944,2436,102.8,0.027,1,stable
732974.50,4051109.75,2419.99,3301,2446,253.9,0.067,1,stable
732975.50,4051109.75,2419.85,3297,2445,254.9,0.067,1,stable
732976.50,4051109.75,2419.61,3293,2447,255.9,0.067,1,stable
733012.50,4051109.75,2412.25,3178,2472,291.7,0.077,1,stable
733013.50,4051109.75,2412.14,3176,2471,292.7,0.077,1,stable
733014.50,4051109.75,2411.04,3173,2484,293.8,0.077,1,stable
733506.50,4051109.75,2514.08,2666,1599,779.9,0.205,1,stable
733507.50,4051109.75,2514.14,2665,1599,780.9,0.205,1,stable
733508.50,4051109.75,2513.87,2665,1601,781.9,0.205,1,stable
733510.50,4051109.75,2513.82,2664,1602,783.9,0.206,1,stable
733511.50,4051109.75,2514.26,2664,1600,784.9,0.206,1,stable
733512.50,4051109.75,2514.91,2663,1597,786.0,0.207,1,stable
733513.50,4051109.75,2515.42,2663,1595,787.0,0.207,1,stable
733514.50,4051109.75,2515.89,2663,1593,788.0,0.207,1,stable
732807.50,4051108.75,2444.75,5136,2460,99.5,0.026,1,stable
732808.50,4051108.75,2444.69,5104,2455,100.3,0.026,1,stable
732809.50,4051108.75,2444.57,5072,2453,101.1,0.027,1,stable
732810.50,4051108.75,2444.64,5041,2443,101.9,0.027,1,stable
733507.50,4051108.75,2514.41,2670,1598,781.0,0.205,1,stable
733508.50,4051108.75,2514.20,2670,1599,782.0,0.205,1,stable
733511.50,4051108.75,2514.16,2669,1600,785.0,0.206,1,stable
733512.50,4051108.75,2514.95,2668,1597,786.0,0.207,1,stable
733513.50,4051108.75,2515.60,2668,1594,787.1,0.207,1,stable
732808.50,4051107.75,2444.85,5144,2448,100.9,0.027,1,stable
732809.50,4051107.75,2444.80,5112,2442,101.7,0.027,1,stable
732810.50,4051107.75,2444.82,5080,2435,102.4,0.027,1,stable
732999.50,4051107.75,2413.89,3243,2477,279.4,0.073,1,stable
733000.50,4051107.75,2413.86,3240,2475,280.3,0.074,1,stable
733001.50,4051107.75,2413.71,3237,2475,281.3,0.074,1,stable
733009.50,4051107.75,2412.05,3213,2480,289.3,0.076,1,stable
733508.50,4051107.75,2514.43,2675,1598,782.1,0.206,0,stable
733513.50,4051107.75,2515.77,2673,1593,787.2,0.207,1,stable
732808.50,4051106.75,2444.85,5184,2448,101.5,0.027,1,stable
732809.50,4051106.75,2444.80,5151,2442,102.3,0.027,1,stable
732810.50,4051106.75,2444.82,5119,2434,103.1,0.027,1,stable
732998.50,4051106.75,2413.68,3260,2481,278.7,0.073,1,stable
732999.50,4051106.75,2413.67,3256,2479,279.6,0.073,1,stable
733000.50,4051106.75,2413.67,3253,2477,280.6,0.074,1,stable
733001.50,4051106.75,2413.67,3250,2475,281.5,0.074,1,stable
733009.50,4051106.75,2412.10,3226,2479,289.5,0.076,1,stable
733010.50,4051106.75,2412.05,3223,2478,290.4,0.076,0,stable
733070.50,4051106.75,2409.41,3076,2403,348.9,0.092,1,stable
733071.50,4051106.75,2410.43,3074,2391,349.8,0.092,1,stable
733285.50,4051106.75,2409.95,2806,2199,560.3,0.147,1,stable
733008.50,4051105.75,2412.19,3242,2480,288.7,0.076,1,stable
733010.50,4051105.75,2412.27,3236,2475,290.6,0.076,1,stable
733050.50,4051105.75,2403.46,3130,2503,330.6,0.087,1,stable
733051.50,4051105.75,2404.23,3127,2492,331.5,0.087,1,stable
733069.50,4051105.75,2409.34,3089,2405,348.1,0.091,1,stable
733070.50,4051105.75,2410.16,3087,2395,349.0,0.092,1,stable
732807.50,4051104.75,2445.11,5299,2444,102.0,0.027,1,stable
733009.50,4051104.75,2412.22,3251,2477,289.9,0.076,1,stable
733011.50,4051104.75,2412.32,3245,2472,291.8,0.077,1,stable
733012.50,4051104.75,2412.39,3242,2469,292.8,0.077,1,stable
733049.50,4051104.75,2404.73,3144,2490,329.6,0.087,1,stable
733050.50,4051104.75,2404.73,3141,2488,330.6,0.087,1,stable
733051.50,4051104.75,2405.35,3139,2479,331.5,0.087,1,stable
733052.50,4051104.75,2405.83,3137,2472,332.4,0.087,1,stable
733501.50,4051104.75,2512.98,2692,1603,775.3,0.204,1,stable
733008.50,4051103.75,2412.75,3268,2472,289.1,0.076,1,stable
733010.50,4051103.75,2412.70,3261,2468,291.0,0.076,0,stable
733011.50,4051103.75,2412.57,3258,2468,292.0,0.077,1,stable
733012.50,4051103.75,2412.27,3255,2470,293.0,0.077,1,stable
733013.50,4051103.75,2411.77,3252,2474,294.1,0.077,1,stable
733048.50,4051103.75,2404.09,3157,2499,329.0,0.086,1,stable
733049.50,4051103.75,2405.53,3155,2481,329.7,0.087,1,stable
733050.50,4051103.75,2405.53,3153,2479,330.7,0.087,1,stable
733051.50,4051103.75,2406.13,3150,2470,331.6,0.087,1,stable
733010.50,4051102.75,2412.72,3274,2468,291.3,0.077,1,stable
733011.50,4051102.75,2412.33,3271,2471,292.3,0.077,1,stable
733012.50,4051102.75,2412.12,3268,2471,293.3,0.077,1,stable
733049.50,4051102.75,2405.49,3166,2481,329.9,0.087,1,stable
733050.50,4051102.75,2406.27,3164,2470,330.8,0.087,1,stable
733050.50,4051101.75,2406.83,3175,2464,330.9,0.087,1,stable
733053.50,4051101.75,2407.97,3168,2445,333.6,0.088,1,stable
733054.50,4051101.75,2408.24,3166,2441,334.6,0.088,1,stable
733055.50,4051101.75,2408.49,3164,2436,335.5,0.088,1,stable
733050.50,4051100.75,2407.33,3187,2458,331.0,0.087,1,stable
733052.50,4051100.75,2408.15,3182,2445,332.8,0.087,1,stable
733053.50,4051100.75,2408.41,3180,2440,333.8,0.088,1,stable
733054.50,4051100.75,2408.71,3177,2435,334.7,0.088,1,stable
733056.50,4051100.75,2409.08,3173,2428,336.6,0.088,1,stable
733057.50,4051100.75,2409.37,3170,2423,337.5,0.089,1,stable
733058.50,4051100.75,2409.37,3168,2421,338.5,0.089,1,stable
733051.50,4051099.75,2408.12,3196,2447,332.1,0.087,1,stable
733053.50,4051099.75,2408.82,3191,2435,333.9,0.088,1,stable
733056.50,4051099.75,2409.46,3184,2423,336.7,0.088,1,stable
733057.50,4051099.75,2409.75,3181,2418,337.6,0.089,1,stable
733058.50,4051099.75,2409.75,3179,2417,338.6,0.089,1,stable
733049.50,4051098.75,2407.20,3212,2460,330.5,0.087,1,stable
733050.50,4051098.75,2407.88,3210,2451,331.4,0.087,1,stable
733051.50,4051098.75,2408.58,3207,2441,332.2,0.087,1,stable
733052.50,4051098.75,2408.97,3205,2435,333.1,0.088,1,stable
733054.50,4051098.75,2409.56,3200,2425,335.0,0.088,1,stable
733055.50,4051098.75,2409.67,3197,2422,335.9,0.088,1,stable
733056.50,4051098.75,2409.80,3195,2419,336.9,0.089,1,stable
733057.50,4051098.75,2409.94,3192,2416,337.8,0.089,1,stable
733058.50,4051098.75,2409.94,3190,2414,338.8,0.089,1,stable
733059.50,4051098.75,2410.17,3188,2410,339.7,0.089,1,stable
733061.50,4051098.75,2411.01,3183,2398,341.6,0.090,1,stable
733064.50,4051098.75,2411.42,3176,2389,344.4,0.090,1,stable
733065.50,4051098.75,2411.47,3174,2387,345.4,0.091,1,stable
733066.50,4051098.75,2411.44,3171,2385,346.3,0.091,1,stable
733067.50,4051098.75,2411.44,3169,2384,347.3,0.091,1,stable
733050.50,4051097.75,2408.11,3221,2448,331.6,0.087,1,stable
733051.50,4051097.75,2408.81,3218,2438,332.4,0.087,1,stable
733052.50,4051097.75,2409.33,3216,2431,333.3,0.088,1,stable
733053.50,4051097.75,2409.77,3213,2424,334.2,0.088,1,stable
733054.50,4051097.75,2410.02,3211,2419,335.1,0.088,1,stable
733055.50,4051097.75,2410.03,3208,2418,336.1,0.088,1,stable
733056.50,4051097.75,2410.19,3206,2414,337.0,0.089,1,stable
733057.50,4051097.75,2410.19,3204,2413,338.0,0.089,1,stable
733058.50,4051097.75,2410.35,3201,2409,339.0,0.089,1,stable
733059.50,4051097.75,2410.53,3199,2406,339.9,0.089,1,stable
733061.50,4051097.75,2411.21,3194,2395,341.7,0.090,1,stable
733064.50,4051097.75,2411.87,3187,2383,344.6,0.091,1,stable
733072.50,4051097.75,2412.32,3168,2367,352.2,0.093,1,stable
733073.50,4051097.75,2412.77,3166,2361,353.2,0.093,1,stable
733507.50,4051097.75,2515.39,2724,1593,782.1,0.206,0,stable
733512.50,4051097.75,2516.69,2721,1589,787.1,0.207,1,stable
733513.50,4051097.75,2517.36,2721,1586,788.2,0.207,1,stable
733047.50,4051096.75,2405.22,3240,2486,329.3,0.087,1,stable
733049.50,4051096.75,2407.60,3235,2455,330.9,0.087,1,stable
733050.50,4051096.75,2408.47,3232,2443,331.7,0.087,1,stable
733052.50,4051096.75,2409.78,3227,2425,333.5,0.088,1,stable
733053.50,4051096.75,2410.24,3225,2418,334.4,0.088,1,stable
733054.50,4051096.75,2410.40,3222,2415,335.3,0.088,1,stable
733055.50,4051096.75,2410.42,3220,2413,336.3,0.088,1,stable
733056.50,4051096.75,2410.57,3217,2410,337.2,0.089,1,stable
733057.50,4051096.75,2410.57,3215,2408,338.2,0.089,1,stable
733058.50,4051096.75,2410.72,3212,2405,339.1,0.089,1,stable
733059.50,4051096.75,2410.78,3210,2403,340.1,0.089,1,stable
733073.50,4051096.75,2412.86,3177,2360,353.4,0.093,1,stable
733505.50,4051096.75,2515.42,2730,1592,780.2,0.205,1,stable
733506.50,4051096.75,2515.55,2729,1592,781.2,0.205,1,stable
733507.50,4051096.75,2515.55,2729,1592,782.2,0.206,0,stable
733512.50,4051096.75,2516.77,2726,1588,787.2,0.207,1,stable
733513.50,4051096.75,2517.37,2726,1586,788.3,0.207,1,stable
733047.50,4051095.75,2405.45,3251,2483,329.5,0.087,1,stable
733048.50,4051095.75,2405.92,3248,2476,330.4,0.087,1,stable
733049.50,4051095.75,2408.11,3246,2449,331.0,0.087,1,stable
733050.50,4051095.75,2408.87,3243,2439,331.9,0.087,1,stable
733054.50,4051095.75,2410.67,3233,2412,335.5,0.088,1,stable
733055.50,4051095.75,2410.81,3231,2408,336.4,0.088,1,stable
733056.50,4051095.75,2410.97,3228,2405,337.4,0.089,1,stable
733057.50,4051095.75,2410.97,3226,2403,338.3,0.089,1,stable
733058.50,4051095.75,2411.13,3223,2400,339.3,0.089,1,stable
733059.50,4051095.75,2411.27,3221,2397,340.2,0.089,1,stable
733500.50,4051095.75,2513.03,2737,1602,775.1,0.204,1,stable
733502.50,4051095.75,2513.85,2736,1599,777.2,0.204,1,stable
733503.50,4051095.75,2514.30,2735,1597,778.2,0.204,1,stable
733504.50,4051095.75,2515.29,2735,1593,779.3,0.205,1,stable
733505.50,4051095.75,2515.56,2734,1592,780.3,0.205,1,stable
733506.50,4051095.75,2515.71,2734,1591,781.3,0.205,1,stable
733507.50,4051095.75,2515.71,2733,1592,782.3,0.206,1,stable
733508.50,4051095.75,2515.83,2733,1591,783.3,0.206,1,stable
733047.50,4051094.75,2405.45,3262,2483,329.8,0.087,1,stable
733048.50,4051094.75,2406.77,3260,2466,330.5,0.087,1,stable
733049.50,4051094.75,2408.39,3257,2445,331.2,0.087,1,stable
733050.50,4051094.75,2409.48,3255,2431,332.0,0.087,1,stable
733055.50,4051094.75,2411.68,3242,2398,336.5,0.088,1,stable
733056.50,4051094.75,2411.84,3239,2395,337.5,0.089,1,stable
733057.50,4051094.75,2411.84,3237,2394,338.4,0.089,1,stable
733072.50,4051094.75,2413.51,3200,2354,352.7,0.093,1,stable
733493.50,4051094.75,2508.64,2745,1622,768.0,0.202,1,stable
733499.50,4051094.75,2512.39,2742,1605,774.2,0.203,1,stable
733500.50,4051094.75,2512.95,2742,1603,775.2,0.204,1,stable
733501.50,4051094.75,2513.38,2741,1601,776.2,0.204,1,stable
733502.50,4051094.75,2513.80,2741,1599,777.3,0.204,1,stable
733503.50,4051094.75,2514.29,2740,1597,778.3,0.205,1,stable
733504.50,4051094.75,2515.41,2740,1592,779.4,0.205,1,stable
733505.50,4051094.75,2515.70,2739,1591,780.4,0.205,1,stable
733506.50,4051094.75,2515.92,2739,1590,781.4,0.205,1,stable
733507.50,4051094.75,2515.92,2738,1591,782.4,0.206,1,stable
733508.50,4051094.75,2516.05,2738,1590,783.4,0.206,1,stable
733509.50,4051094.75,2516.13,2737,1590,784.4,0.206,1,stable
733510.50,4051094.75,2516.33,2737,1590,785.4,0.206,0,stable
733511.50,4051094.75,2516.66,2736,1589,786.4,0.207,1,stable
733512.50,4051094.75,2517.08,2736,1587,787.4,0.207,1,stable
733513.50,4051094.75,2517.65,2735,1584,788.5,0.207,1,stable
733047.50,4051093.75,2406.21,3274,2474,329.9,0.087,1,stable
733048.50,4051093.75,2406.77,3271,2465,330.8,0.087,1,stable
733049.50,4051093.75,2408.39,3269,2445,331.5,0.087,1,stable
733050.50,4051093.75,2409.55,3266,2430,332.3,0.087,1,stable
733055.50,4051093.75,2412.13,3253,2393,336.7,0.088,1,stable
733056.50,4051093.75,2412.26,3251,2390,337.7,0.089,1,stable
733076.50,4051093.75,2414.87,3202,2334,356.6,0.094,1,stable
733502.50,4051093.75,2513.97,2746,1599,777.4,0.204,1,stable
733503.50,4051093.75,2514.40,2745,1597,778.4,0.205,1,stable
733505.50,4051093.75,2515.89,2744,1590,780.5,0.205,1,stable
733506.50,4051093.75,2515.89,2744,1591,781.5,0.205,1,stable
733508.50,4051093.75,2516.36,2743,1589,783.5,0.206,0,stable
733509.50,4051093.75,2516.52,2742,1589,784.5,0.206,1,stable
733510.50,4051093.75,2516.84,2742,1587,785.5,0.206,1,stable
733511.50,4051093.75,2517.27,2741,1586,786.5,0.207,1,stable
733512.50,4051093.75,2517.57,2741,1585,787.6,0.207,1,stable
733513.50,4051093.75,2517.73,2740,1584,788.6,0.207,1,stable
733047.50,4051092.75,2406.82,3285,2466,330.0,0.087,1,stable
733048.50,4051092.75,2406.82,3282,2465,331.0,0.087,1,stable
733049.50,4051092.75,2408.75,3280,2441,331.6,0.087,1,stable
733050.50,4051092.75,2409.55,3277,2430,332.5,0.087,1,stable
733051.50,4051092.75,2410.26,3275,2420,333.4,0.088,1,stable
733076.50,4051092.75,2415.04,3212,2332,356.8,0.094,1,stable
733077.50,4051092.75,2415.24,3210,2328,357.8,0.094,1,stable
733506.50,4051092.75,2516.00,2749,1590,781.6,0.205,0,stable
733507.50,4051092.75,2516.36,2748,1589,782.6,0.206,1,stable
733508.50,4051092.75,2516.52,2748,1588,783.6,0.206,1,stable
733509.50,4051092.75,2516.75,2747,1587,784.6,0.206,1,stable
733510.50,4051092.75,2517.03,2747,1586,785.6,0.206,1,stable
733511.50,4051092.75,2517.39,2746,1585,786.7,0.207,1,stable
733512.50,4051092.75,2517.78,2746,1584,787.7,0.207,1,stable
733048.50,4051091.75,2407.56,3294,2456,331.1,0.087,1,stable
733049.50,4051091.75,2409.08,3291,2437,331.8,0.087,1,stable
733050.50,4051091.75,2409.76,3289,2427,332.7,0.087,1,stable
733051.50,4051091.75,2410.55,3286,2417,333.5,0.088,1,stable
733073.50,4051091.75,2415.13,3230,2334,354.2,0.093,1,stable
733074.50,4051091.75,2415.13,3227,2333,355.1,0.093,1,stable
733075.50,4051091.75,2415.23,3225,2331,356.1,0.094,1,stable
733076.50,4051091.75,2415.35,3223,2328,357.0,0.094,1,stable
733077.50,4051091.75,2415.59,3220,2324,358.0,0.094,1,stable
733078.50,4051091.75,2415.55,3218,2324,358.9,0.094,1,stable
733079.50,4051091.75,2415.47,3216,2323,359.9,0.095,1,stable
733080.50,4051091.75,2415.57,3213,2321,360.9,0.095,1,stable
733507.50,4051091.75,2516.48,2753,1588,782.7,0.206,1,stable
733508.50,4051091.75,2516.75,2752,1587,783.7,0.206,1,stable
733509.50,4051091.75,2517.02,2752,1586,784.7,0.206,1,stable
733510.50,4051091.75,2517.09,2751,1586,785.7,0.206,1,stable
733511.50,4051091.75,2517.37,2751,1585,786.8,0.207,1,stable
733512.50,4051091.75,2517.93,2750,1583,787.8,0.207,1,stable
733050.50,4051090.75,2410.42,3300,2419,332.8,0.087,1,stable
733064.50,4051090.75,2414.83,3263,2349,345.7,0.091,1,stable
733074.50,4051090.75,2415.51,3238,2329,355.3,0.093,1,stable
733075.50,4051090.75,2415.59,3236,2327,356.3,0.094,1,stable
733076.50,4051090.75,2415.72,3233,2324,357.2,0.094,1,stable
733077.50,4051090.75,2415.77,3231,2322,358.2,0.094,1,stable
733078.50,4051090.75,2415.83,3228,2320,359.1,0.094,1,stable
733079.50,4051090.75,2415.91,3226,2318,360.1,0.095,1,stable
733080.50,4051090.75,2415.93,3224,2317,361.1,0.095,1,stable
733081.50,4051090.75,2415.89,3221,2316,362.0,0.095,1,stable
733082.50,4051090.75,2415.65,3219,2317,363.0,0.095,1,stable
733086.50,4051090.75,2415.17,3210,2318,367.0,0.096,1,stable
733508.50,4051090.75,2517.05,2757,1586,783.9,0.206,1,stable
733509.50,4051090.75,2517.46,2757,1584,784.9,0.206,1,stable
733510.50,4051090.75,2517.29,2756,1585,785.9,0.206,1,stable
733511.50,4051090.75,2517.57,2756,1584,786.9,0.207,1,stable
733512.50,4051090.75,2518.08,2755,1582,787.9,0.207,1,stable
733050.50,4051089.75,2410.87,3311,2414,333.0,0.088,1,stable
733078.50,4051089.75,2416.29,3239,2315,359.3,0.094,1,stable
733079.50,4051089.75,2416.35,3236,2314,360.3,0.095,1,stable
733080.50,4051089.75,2416.43,3234,2311,361.2,0.095,1,stable
733081.50,4051089.75,2416.31,3232,2312,362.2,0.095,1,stable
733082.50,4051089.75,2415.92,3229,2314,363.2,0.095,1,stable
733083.50,4051089.75,2415.92,3227,2313,364.2,0.096,1,stable
733084.50,4051089.75,2415.77,3224,2314,365.2,0.096,1,stable
733085.50,4051089.75,2415.64,3222,2314,366.2,0.096,1,stable
733086.50,4051089.75,2415.49,3220,2314,367.1,0.096,1,stable
733087.50,4051089.75,2415.28,3217,2315,368.1,0.097,1,stable
733504.50,4051089.75,2515.98,2764,1589,779.9,0.205,1,stable
733505.50,4051089.75,2516.36,2764,1588,780.9,0.205,1,stable
733506.50,4051089.75,2516.36,2763,1588,781.9,0.205,1,stable
733507.50,4051089.75,2516.79,2763,1587,782.9,0.206,1,stable
733508.50,4051089.75,2517.15,2762,1585,784.0,0.206,1,stable
733509.50,4051089.75,2517.44,2762,1584,785.0,0.206,1,stable
733510.50,4051089.75,2517.56,2761,1584,786.0,0.207,1,stable
733511.50,4051089.75,2517.78,2761,1583,787.0,0.207,1,stable
733512.50,4051089.75,2518.20,2760,1582,788.0,0.207,1,stable
733513.50,4051089.75,2518.57,2760,1580,789.0,0.207,1,stable
733514.50,4051089.75,2518.88,2759,1579,790.1,0.208,1,stable
733050.50,4051088.75,2411.25,3322,2409,333.2,0.088,1,stable
733059.50,4051088.75,2414.37,3298,2361,341.4,0.090,1,stable
733078.50,4051088.75,2416.64,3249,2311,359.5,0.094,1,stable
733079.50,4051088.75,2416.62,3247,2310,360.5,0.095,1,stable
733080.50,4051088.75,2416.75,3244,2308,361.4,0.095,1,stable
733081.50,4051088.75,2416.65,3242,2308,362.4,0.095,1,stable
733082.50,4051088.75,2416.26,3239,2311,363.4,0.095,1,stable
733083.50,4051088.75,2416.26,3237,2309,364.4,0.096,1,stable
733084.50,4051088.75,2416.09,3235,2310,365.4,0.096,1,stable
733085.50,4051088.75,2415.92,3232,2311,366.3,0.096,1,stable
733086.50,4051088.75,2415.78,3230,2311,367.3,0.097,1,stable
733087.50,4051088.75,2415.58,3228,2312,368.3,0.097,1,stable
733088.50,4051088.75,2415.41,3225,2312,369.3,0.097,1,stable
733505.50,4051088.75,2515.98,2769,1590,781.0,0.205,0,stable
733506.50,4051088.75,2516.36,2768,1588,782.0,0.205,1,stable
733507.50,4051088.75,2516.64,2767,1587,783.0,0.206,1,stable
733508.50,4051088.75,2517.09,2767,1586,784.1,0.206,1,stable
733509.50,4051088.75,2517.47,2766,1584,785.1,0.206,1,stable
733510.50,4051088.75,2517.68,2766,1583,786.1,0.207,1,stable
733511.50,4051088.75,2517.95,2765,1582,787.1,0.207,1,stable
733512.50,4051088.75,2518.31,2765,1581,788.1,0.207,1,stable
733513.50,4051088.75,2518.60,2764,1580,789.1,0.207,1,stable
733514.50,4051088.75,2518.90,2764,1579,790.2,0.208,1,stable
733515.50,4051088.75,2518.90,2763,1579,791.1,0.208,1,stable
733078.50,4051087.75,2416.94,3260,2308,359.7,0.095,1,stable
733079.50,4051087.75,2417.03,3257,2306,360.6,0.095,1,stable
733080.50,4051087.75,2416.99,3255,2305,361.6,0.095,1,stable
733081.50,4051087.75,2416.93,3252,2305,362.6,0.095,1,stable
733082.50,4051087.75,2416.55,3250,2307,363.6,0.096,1,stable
733083.50,4051087.75,2416.55,3247,2306,364.6,0.096,1,stable
733084.50,4051087.75,2416.38,3245,2307,365.5,0.096,1,stable
733085.50,4051087.75,2416.20,3243,2308,366.5,0.096,1,stable
733086.50,4051087.75,2415.98,3240,2309,367.5,0.097,1,stable
733087.50,4051087.75,2415.89,3238,2308,368.5,0.097,1,stable
733088.50,4051087.75,2415.99,3235,2306,369.5,0.097,1,stable
733502.50,4051087.75,2514.39,2775,1597,778.0,0.204,1,stable
733503.50,4051087.75,2514.87,2774,1595,779.1,0.205,1,stable
733504.50,4051087.75,2515.85,2774,1590,780.1,0.205,1,stable
733505.50,4051087.75,2515.85,2773,1591,781.1,0.205,1,stable
733506.50,4051087.75,2516.30,2773,1589,782.1,0.206,1,stable
733507.50,4051087.75,2516.64,2772,1587,783.1,0.206,1,stable
733508.50,4051087.75,2517.09,2772,1586,784.2,0.206,1,stable
733509.50,4051087.75,2517.47,2771,1584,785.2,0.206,1,stable
733510.50,4051087.75,2517.68,2771,1583,786.2,0.207,1,stable
733511.50,4051087.75,2518.16,2770,1581,787.2,0.207,1,stable
733512.50,4051087.75,2518.62,2770,1580,788.3,0.207,1,stable
733513.50,4051087.75,2518.87,2769,1579,789.3,0.207,1,stable
733514.50,4051087.75,2518.87,2769,1579,790.3,0.208,0,stable
733515.50,4051087.75,2519.12,2768,1578,791.3,0.208,1,stable
733080.50,4051086.75,2417.27,3265,2302,361.8,0.095,1,stable
733081.50,4051086.75,2417.22,3262,2301,362.8,0.095,1,stable
733082.50,4051086.75,2417.22,3260,2300,363.7,0.096,1,stable
733083.50,4051086.75,2416.96,3258,2302,364.7,0.096,1,stable
733084.50,4051086.75,2416.73,3255,2303,365.7,0.096,1,stable
733085.50,4051086.75,2416.56,3253,2304,366.7,0.096,1,stable
733086.50,4051086.75,2416.31,3250,2305,367.7,0.097,1,stable
733087.50,4051086.75,2416.30,3248,2304,368.7,0.097,1,stable
733088.50,4051086.75,2416.48,3246,2301,369.6,0.097,1,stable
733500.50,4051086.75,2513.23,2781,1602,776.1,0.204,1,stable
733501.50,4051086.75,2513.79,2780,1599,777.1,0.204,1,stable
733502.50,4051086.75,2514.25,2780,1597,778.1,0.204,1,stable
733503.50,4051086.75,2514.72,2779,1595,779.1,0.205,1,stable
733504.50,4051086.75,2515.86,2779,1590,780.2,0.205,1,stable
733505.50,4051086.75,2515.86,2778,1591,781.2,0.205,1,stable
733506.50,4051086.75,2516.30,2778,1589,782.2,0.206,1,stable
733507.50,4051086.75,2516.71,2777,1587,783.3,0.206,1,stable
733508.50,4051086.75,2517.11,2777,1586,784.3,0.206,1,stable
733509.50,4051086.75,2517.50,2776,1584,785.3,0.206,1,stable
733510.50,4051086.75,2517.77,2776,1583,786.3,0.207,1,stable
733511.50,4051086.75,2518.16,2775,1582,787.3,0.207,1,stable
733512.50,4051086.75,2518.62,2775,1580,788.4,0.207,1,stable
733513.50,4051086.75,2518.87,2774,1579,789.4,0.207,1,stable
733514.50,4051086.75,2519.08,2773,1578,790.4,0.208,1,stable
733515.50,4051086.75,2519.14,2773,1578,791.4,0.208,0,stable
733068.50,4051085.75,2417.07,3306,2319,350.5,0.092,1,stable
733080.50,4051085.75,2417.63,3275,2298,362.0,0.095,1,stable
733084.50,4051085.75,2417.13,3265,2299,365.9,0.096,1,stable
733085.50,4051085.75,2416.91,3263,2300,366.9,0.096,1,stable
733086.50,4051085.75,2416.93,3260,2298,367.9,0.097,1,stable
733500.50,4051085.75,2513.16,2786,1602,776.2,0.204,1,stable
733501.50,4051085.75,2513.73,2785,1600,777.2,0.204,1,stable
733502.50,4051085.75,2514.20,2785,1598,778.2,0.204,1,stable
733503.50,4051085.75,2514.75,2784,1595,779.3,0.205,1,stable
733504.50,4051085.75,2515.95,2784,1590,780.3,0.205,1,stable
733505.50,4051085.75,2515.95,2783,1590,781.3,0.205,1,stable
733506.50,4051085.75,2516.40,2783,1588,782.4,0.206,1,stable
733507.50,4051085.75,2516.79,2782,1587,783.4,0.206,1,stable
733508.50,4051085.75,2517.14,2782,1585,784.4,0.206,1,stable
733509.50,4051085.75,2517.44,2781,1584,785.4,0.206,1,stable
733510.50,4051085.75,2517.78,2780,1583,786.4,0.207,1,stable
733511.50,4051085.75,2518.17,2780,1581,787.4,0.207,1,stable
733512.50,4051085.75,2518.86,2779,1579,788.5,0.207,1,stable
733513.50,4051085.75,2519.08,2779,1578,789.5,0.207,1,stable
733514.50,4051085.75,2519.08,2778,1578,790.5,0.208,1,stable
733515.50,4051085.75,2519.14,2778,1578,791.5,0.208,0,stable
733080.50,4051084.75,2417.63,3286,2298,362.2,0.095,1,stable
733081.50,4051084.75,2417.63,3283,2297,363.2,0.095,1,stable
733503.50,4051084.75,2514.83,2789,1595,779.4,0.205,1,stable
733508.50,4051084.75,2517.05,2786,1586,784.5,0.206,1,stable
733509.50,4051084.75,2517.40,2786,1585,785.5,0.206,1,stable
733510.50,4051084.75,2517.82,2785,1583,786.5,0.207,1,stable
733511.50,4051084.75,2518.38,2785,1581,787.6,0.207,1,stable
733512.50,4051084.75,2518.93,2784,1578,788.6,0.207,1,stable
733513.50,4051084.75,2519.24,2784,1577,789.6,0.207,1,stable
733514.50,4051084.75,2519.24,2783,1577,790.6,0.208,1,stable
733515.50,4051084.75,2519.55,2783,1576,791.6,0.208,1,stable
733080.50,4051083.75,2418.42,3296,2289,362.4,0.095,1,stable
733081.50,4051083.75,2418.43,3293,2288,363.4,0.095,1,stable
733505.50,4051083.75,2515.95,2793,1590,781.6,0.205,0,stable
733508.50,4051083.75,2516.93,2791,1586,784.6,0.206,1,stable
733509.50,4051083.75,2517.31,2791,1585,785.6,0.206,1,stable
733510.50,4051083.75,2517.82,2790,1583,786.6,0.207,1,stable
733511.50,4051083.75,2518.44,2790,1580,787.7,0.207,1,stable
733512.50,4051083.75,2519.02,2789,1578,788.7,0.207,1,stable
733513.50,4051083.75,2519.38,2788,1576,789.7,0.208,1,stable
733514.50,4051083.75,2519.38,2788,1577,790.7,0.208,1,stable
733515.50,4051083.75,2519.70,2787,1576,791.7,0.208,1,stable
733079.50,4051082.75,2418.86,3309,2286,361.6,0.095,1,stable
733080.50,4051082.75,2418.84,3306,2285,362.6,0.095,1,stable
733081.50,4051082.75,2418.82,3304,2284,363.6,0.096,1,stable
733506.50,4051082.75,2516.14,2797,1590,782.7,0.206,1,stable
733507.50,4051082.75,2516.62,2797,1588,783.7,0.206,1,stable
733508.50,4051082.75,2517.03,2796,1586,784.7,0.206,1,stable
733509.50,4051082.75,2517.53,2795,1584,785.7,0.206,1,stable
733510.50,4051082.75,2517.99,2795,1582,786.8,0.207,1,stable
733511.50,4051082.75,2518.44,2794,1580,787.8,0.207,1,stable
733515.50,4051082.75,2519.91,2792,1575,791.9,0.208,1,stable
733080.50,4051081.75,2419.23,3316,2280,362.8,0.095,1,stable
733081.50,4051081.75,2419.23,3314,2279,363.8,0.096,1,stable
733082.50,4051081.75,2419.33,3311,2277,364.7,0.096,1,stable
733083.50,4051081.75,2418.78,3309,2282,365.7,0.096,1,stable
733084.50,4051081.75,2418.71,3306,2281,366.7,0.096,1,stable
733085.50,4051081.75,2418.68,3304,2281,367.7,0.097,1,stable
733510.50,4051081.75,2518.38,2800,1580,786.9,0.207,1,stable
733081.50,4051080.75,2419.61,3324,2275,364.0,0.096,1,stable
733082.50,4051080.75,2419.73,3322,2273,364.9,0.096,1,stable
733083.50,4051080.75,2419.24,3319,2277,365.9,0.096,1,stable
733084.50,4051080.75,2418.97,3316,2279,366.9,0.096,1,stable
733501.50,4051080.75,2513.79,2810,1599,777.8,0.204,1,stable
733084.50,4051079.75,2419.48,3326,2273,367.1,0.096,1,stable
733085.50,4051079.75,2419.49,3324,2272,368.1,0.097,1,stable
733086.50,4051079.75,2419.49,3321,2271,369.0,0.097,1,stable
733091.50,4051079.75,2419.31,3309,2267,373.9,0.098,1,stable
733092.50,4051079.75,2419.07,3306,2269,374.9,0.099,1,stable
733502.50,4051079.75,2514.17,2814,1598,778.9,0.205,1,stable
732974.50,4051078.75,2429.16,3748,2298,262.0,0.069,1,stable
732975.50,4051078.75,2429.16,3743,2296,262.9,0.069,1,stable
733087.50,4051078.75,2420.07,3329,2264,370.2,0.097,1,stable
733088.50,4051078.75,2419.89,3326,2264,371.2,0.098,1,stable
733089.50,4051078.75,2419.93,3324,2263,372.1,0.098,1,stable
733090.50,4051078.75,2419.93,3321,2262,373.1,0.098,1,stable
733091.50,4051078.75,2420.02,3319,2260,374.0,0.098,1,stable
733092.50,4051078.75,2419.60,3316,2263,375.1,0.099,1,stable
733093.50,4051078.75,2419.47,3314,2264,376.0,0.099,1,stable
733094.50,4051078.75,2419.42,3311,2263,377.0,0.099,1,stable
733095.50,4051078.75,2419.17,3309,2265,378.0,0.099,1,stable
733096.50,4051078.75,2418.93,3306,2266,379.0,0.100,1,stable
732976.50,4051077.75,2429.31,3752,2292,264.2,0.069,1,stable
732979.50,4051077.75,2428.85,3736,2294,267.0,0.070,1,stable
733086.50,4051077.75,2420.44,3342,2261,369.4,0.097,1,stable
733087.50,4051077.75,2420.59,3339,2258,370.4,0.097,1,stable
733088.50,4051077.75,2420.51,3336,2258,371.4,0.098,1,stable
733089.50,4051077.75,2420.46,3334,2257,372.3,0.098,1,stable
733090.50,4051077.75,2420.46,3331,2256,373.3,0.098,1,stable
733091.50,4051077.75,2420.40,3329,2256,374.3,0.098,1,stable
733092.50,4051077.75,2420.13,3326,2258,375.2,0.099,1,stable
733093.50,4051077.75,2420.28,3323,2255,376.2,0.099,1,stable
733094.50,4051077.75,2420.03,3321,2257,377.2,0.099,1,stable
733095.50,4051077.75,2419.79,3318,2258,378.2,0.099,1,stable
733096.50,4051077.75,2419.51,3316,2260,379.2,0.100,1,stable
732978.50,4051076.75,2429.15,3755,2291,266.4,0.070,1,stable
732979.50,4051076.75,2428.85,3750,2294,267.4,0.070,1,stable
733087.50,4051076.75,2420.59,3349,2258,370.6,0.097,1,stable
733088.50,4051076.75,2420.51,3346,2258,371.6,0.098,1,stable
733089.50,4051076.75,2420.46,3344,2257,372.6,0.098,1,stable
733090.50,4051076.75,2420.46,3341,2256,373.5,0.098,1,stable
733091.50,4051076.75,2420.40,3338,2256,374.5,0.098,1,stable
733092.50,4051076.75,2420.13,3336,2257,375.5,0.099,1,stable
733093.50,4051076.75,2420.28,3333,2255,376.4,0.099,1,stable
733094.50,4051076.75,2420.03,3331,2256,377.4,0.099,0,stable
733095.50,4051076.75,2419.79,3328,2258,378.4,0.099,1,stable
733096.50,4051076.75,2419.51,3326,2260,379.4,0.100,1,stable
733097.50,4051076.75,2419.24,3323,2261,380.4,0.100,1,stable
733098.50,4051076.75,2419.24,3321,2260,381.4,0.100,1,stable
733099.50,4051076.75,2418.91,3318,2263,382.4,0.100,1,stable
733100.50,4051076.75,2418.61,3316,2265,383.4,0.101,1,stable
733089.50,4051075.75,2420.95,3354,2252,372.8,0.098,1,stable
733091.50,4051075.75,2421.02,3348,2249,374.7,0.098,1,stable
733092.50,4051075.75,2420.74,3346,2251,375.7,0.099,1,stable
733093.50,4051075.75,2420.66,3343,2251,376.7,0.099,1,stable
733094.50,4051075.75,2420.52,3341,2251,377.6,0.099,1,stable
733095.50,4051075.75,2420.42,3338,2251,378.6,0.099,1,stable
733096.50,4051075.75,2420.26,3336,2252,379.6,0.100,1,stable
733097.50,4051075.75,2419.82,3333,2255,380.6,0.100,0,stable
733098.50,4051075.75,2419.82,3330,2254,381.6,0.100,1,stable
733099.50,4051075.75,2419.48,3328,2257,382.6,0.101,1,stable
733100.50,4051075.75,2419.19,3325,2259,383.5,0.101,1,stable
733515.50,4051075.75,2520.03,2826,1574,792.7,0.208,1,stable
733516.50,4051075.75,2520.90,2825,1570,793.8,0.209,1,stable
733087.50,4051074.75,2421.55,3369,2248,371.1,0.098,1,stable
733088.50,4051074.75,2421.38,3366,2248,372.0,0.098,1,stable
733089.50,4051074.75,2421.38,3364,2247,373.0,0.098,1,stable
733090.50,4051074.75,2421.33,3361,2247,374.0,0.098,1,stable
733091.50,4051074.75,2421.40,3358,2245,374.9,0.099,1,stable
733092.50,4051074.75,2421.33,3356,2245,375.9,0.099,1,stable
733093.50,4051074.75,2421.12,3353,2246,376.9,0.099,1,stable
733094.50,4051074.75,2421.03,3351,2246,377.8,0.099,1,stable
733095.50,4051074.75,2420.95,3348,2246,378.8,0.100,1,stable
733096.50,4051074.75,2420.77,3345,2247,379.8,0.100,1,stable
733097.50,4051074.75,2420.77,3343,2246,380.8,0.100,1,stable
733098.50,4051074.75,2420.43,3340,2248,381.7,0.100,1,stable
733099.50,4051074.75,2420.13,3338,2250,382.7,0.101,1,stable
733100.50,4051074.75,2419.76,3335,2253,383.7,0.101,1,stable
733105.50,4051074.75,2418.37,3323,2262,388.7,0.102,1,stable
733106.50,4051074.75,2418.37,3320,2261,389.7,0.102,1,stable
733107.50,4051074.75,2418.11,3318,2262,390.7,0.103,1,stable
733514.50,4051074.75,2519.19,2831,1578,791.8,0.208,1,stable
733515.50,4051074.75,2519.93,2830,1575,792.8,0.208,1,stable
733088.50,4051073.75,2421.85,3376,2243,372.3,0.098,1,stable
733090.50,4051073.75,2421.79,3371,2242,374.2,0.098,1,stable
733103.50,4051073.75,2419.52,3337,2252,386.9,0.102,1,stable
733104.50,4051073.75,2419.35,3335,2253,387.9,0.102,0,stable
733105.50,4051073.75,2418.76,3332,2258,388.9,0.102,1,stable
733106.50,4051073.75,2418.76,3330,2257,389.9,0.102,1,stable
733107.50,4051073.75,2418.53,3327,2258,390.9,0.103,1,stable
733084.50,4051072.75,2422.93,3397,2236,368.6,0.097,1,stable
733085.50,4051072.75,2422.82,3395,2236,369.5,0.097,1,stable
733086.50,4051072.75,2422.64,3392,2237,370.5,0.097,1,stable
733088.50,4051072.75,2422.63,3386,2235,372.4,0.098,1,stable
733091.50,4051072.75,2422.61,3378,2233,375.3,0.099,1,stable
733092.50,4051072.75,2422.59,3376,2232,376.3,0.099,1,stable
733103.50,4051072.75,2420.56,3347,2242,387.1,0.102,1,stable
733104.50,4051072.75,2420.37,3344,2243,388.0,0.102,1,stable
733105.50,4051072.75,2419.91,3342,2246,389.0,0.102,1,stable
733106.50,4051072.75,2419.91,3339,2245,390.0,0.102,1,stable
733107.50,4051072.75,2419.59,3337,2247,391.0,0.103,1,stable
733082.50,4051071.75,2423.20,3413,2235,366.9,0.096,1,stable
733085.50,4051071.75,2423.31,3405,2231,369.8,0.097,1,stable
733086.50,4051071.75,2423.20,3402,2231,370.7,0.097,1,stable
733087.50,4051071.75,2423.12,3399,2231,371.7,0.098,1,stable
733088.50,4051071.75,2423.14,3396,2230,372.7,0.098,1,stable
733089.50,4051071.75,2423.14,3394,2229,373.6,0.098,1,stable
733090.50,4051071.75,2423.12,3391,2228,374.6,0.098,1,stable
733091.50,4051071.75,2423.09,3388,2228,375.5,0.099,1,stable
733103.50,4051071.75,2421.04,3357,2237,387.3,0.102,1,stable
733104.50,4051071.75,2421.01,3354,2236,388.2,0.102,1,stable
733105.50,4051071.75,2420.36,3351,2242,389.3,0.102,1,stable
733106.50,4051071.75,2420.36,3349,2241,390.2,0.103,1,stable
733107.50,4051071.75,2420.03,3346,2243,391.2,0.103,1,stable
733088.50,4051070.75,2423.73,3406,2224,372.9,0.098,1,stable
733089.50,4051070.75,2423.73,3404,2223,373.8,0.098,1,stable
733090.50,4051070.75,2423.66,3401,2222,374.8,0.098,1,stable
733091.50,4051070.75,2423.56,3398,2223,375.8,0.099,1,stable
733081.50,4051069.75,2424.13,3436,2226,366.4,0.096,1,stable
733082.50,4051069.75,2424.22,3433,2224,367.3,0.097,1,stable
733082.50,4051068.75,2424.22,3443,2224,367.6,0.097,1,stable
733083.50,4051068.75,2424.00,3441,2225,368.6,0.097,1,stable
733077.50,4051067.75,2424.59,3468,2224,363.1,0.095,1,stable
733008.50,4051066.75,2425.23,3737,2297,298.2,0.078,1,stable
733084.50,4051066.75,2424.74,3458,2216,370.0,0.097,1,stable
733007.50,4051065.75,2425.81,3754,2291,297.6,0.078,1,stable
733010.50,4051064.75,2425.57,3753,2289,300.8,0.079,1,stable
733015.50,4051064.75,2424.80,3730,2292,305.5,0.080,1,stable
733016.50,4051064.75,2424.80,3725,2291,306.4,0.081,1,stable
733079.50,4051064.75,2425.74,3493,2210,365.8,0.096,1,stable
733080.50,4051064.75,2425.76,3490,2209,366.7,0.096,1,stable
733081.50,4051064.75,2425.85,3487,2207,367.7,0.097,1,stable
733082.50,4051064.75,2425.86,3484,2206,368.6,0.097,1,stable
733083.50,4051064.75,2425.83,3481,2205,369.6,0.097,1,stable
733146.50,4051064.75,2414.30,3318,2259,431.1,0.113,1,stable
733147.50,4051064.75,2414.47,3316,2257,432.0,0.114,1,stable
733081.50,4051063.75,2426.35,3497,2202,367.9,0.097,1,stable
733082.50,4051063.75,2426.40,3494,2200,368.9,0.097,1,stable
733083.50,4051063.75,2426.33,3491,2200,369.8,0.097,1,stable
733145.50,4051063.75,2414.22,3329,2261,430.4,0.113,1,stable
733146.50,4051063.75,2414.30,3327,2259,431.3,0.113,1,stable
733147.50,4051063.75,2414.47,3324,2257,432.3,0.114,1,stable
733148.50,4051063.75,2414.47,3322,2256,433.2,0.114,1,stable
733081.50,4051062.75,2426.72,3507,2198,368.2,0.097,1,stable
733082.50,4051062.75,2426.82,3504,2196,369.1,0.097,1,stable
733083.50,4051062.75,2426.67,3501,2196,370.1,0.097,1,stable
733084.50,4051062.75,2426.72,3498,2195,371.0,0.097,1,stable
733085.50,4051062.75,2426.86,3495,2193,372.0,0.098,1,stable
733146.50,4051062.75,2415.24,3335,2251,431.5,0.113,1,stable
733147.50,4051062.75,2415.37,3333,2249,432.4,0.114,1,stable
733148.50,4051062.75,2415.37,3331,2248,433.4,0.114,1,stable
733082.50,4051061.75,2427.57,3514,2188,369.3,0.097,1,stable
733083.50,4051061.75,2427.59,3511,2187,370.3,0.097,1,stable
733084.50,4051061.75,2427.50,3508,2187,371.3,0.098,1,stable
733085.50,4051061.75,2427.53,3505,2186,372.2,0.098,1,stable
733146.50,4051061.75,2415.61,3344,2247,431.7,0.113,1,stable
733147.50,4051061.75,2415.78,3342,2245,432.7,0.114,1,stable
733085.50,4051060.75,2427.95,3515,2181,372.5,0.098,1,stable
733081.50,4051058.75,2428.97,3547,2173,369.2,0.097,1,stable
733082.50,4051058.75,2428.91,3544,2173,370.1,0.097,1,stable
733083.50,4051058.75,2428.70,3541,2175,371.1,0.098,1,stable
733476.50,4051058.75,2508.71,2935,1617,755.6,0.199,1,stable
732949.50,4051057.75,2435.47,4214,2232,247.1,0.065,1,stable
733081.50,4051057.75,2429.48,3557,2168,369.4,0.097,1,stable
733082.50,4051057.75,2429.41,3554,2168,370.4,0.097,1,stable
733083.50,4051057.75,2429.21,3551,2169,371.4,0.098,1,stable
733084.50,4051057.75,2429.17,3548,2169,372.3,0.098,1,stable
733476.50,4051057.75,2509.11,2940,1615,755.8,0.199,1,stable
733477.50,4051057.75,2509.91,2939,1611,756.8,0.199,1,stable
732950.50,4051056.75,2436.01,4221,2222,248.4,0.065,1,stable
732951.50,4051056.75,2436.17,4213,2218,249.3,0.066,1,stable
732952.50,4051056.75,2436.47,4206,2212,250.2,0.066,1,stable
732953.50,4051056.75,2436.57,4198,2209,251.0,0.066,1,stable
733014.50,4051056.75,2428.62,3831,2243,307.1,0.081,1,stable
733082.50,4051056.75,2429.91,3564,2163,370.7,0.097,1,stable
733083.50,4051056.75,2429.69,3561,2164,371.6,0.098,1,stable
733084.50,4051056.75,2429.73,3558,2163,372.6,0.098,1,stable
733468.50,4051056.75,2504.06,2951,1638,747.7,0.196,1,stable
733470.50,4051056.75,2505.22,2950,1633,749.8,0.197,1,stable
733471.50,4051056.75,2506.17,2949,1628,750.8,0.197,1,stable
733472.50,4051056.75,2507.32,2948,1622,751.9,0.198,1,stable
733475.50,4051056.75,2508.57,2946,1617,754.9,0.198,1,stable
733476.50,4051056.75,2509.42,2945,1613,756.0,0.199,1,stable
732951.50,4051055.75,2436.49,4228,2212,249.7,0.066,1,stable
732952.50,4051055.75,2436.80,4221,2206,250.6,0.066,1,stable
732953.50,4051055.75,2436.80,4213,2205,251.5,0.066,1,stable
732998.50,4051055.75,2431.22,3925,2228,292.5,0.077,1,stable
733082.50,4051055.75,2430.23,3574,2159,371.0,0.097,1,stable
733083.50,4051055.75,2430.18,3571,2159,371.9,0.098,1,stable
733084.50,4051055.75,2430.12,3568,2159,372.9,0.098,1,stable
733085.50,4051055.75,2430.07,3564,2158,373.8,0.098,1,stable
733468.50,4051055.75,2504.06,2956,1638,747.9,0.197,1,stable
733469.50,4051055.75,2504.71,2955,1635,748.9,0.197,1,stable
733470.50,4051055.75,2505.48,2955,1631,749.9,0.197,1,stable
733471.50,4051055.75,2506.21,2954,1628,751.0,0.197,1,stable
733472.50,4051055.75,2507.60,2953,1621,752.0,0.198,1,stable
733473.50,4051055.75,2507.60,2952,1621,753.0,0.198,1,stable
733474.50,4051055.75,2508.20,2951,1619,754.1,0.198,1,stable
733475.50,4051055.75,2509.03,2951,1615,755.1,0.198,1,stable
733476.50,4051055.75,2509.82,2950,1611,756.1,0.199,1,stable
732903.50,4051054.75,2437.20,4706,2284,209.1,0.055,1,stable
732950.50,4051054.75,2436.46,4251,2214,249.3,0.066,1,stable
732951.50,4051054.75,2436.75,4243,2208,250.2,0.066,1,stable
732952.50,4051054.75,2436.91,4235,2204,251.0,0.066,1,stable
732953.50,4051054.75,2436.91,4228,2203,251.9,0.066,1,stable
733020.50,4051054.75,2428.10,3826,2242,313.4,0.082,0,stable
733083.50,4051054.75,2430.60,3581,2154,372.2,0.098,1,stable
733084.50,4051054.75,2430.58,3578,2154,373.1,0.098,1,stable
733085.50,4051054.75,2430.61,3574,2153,374.1,0.098,1,stable
733086.50,4051054.75,2430.61,3571,2152,375.0,0.099,1,stable
733469.50,4051054.75,2504.84,2961,1634,749.1,0.197,1,stable
733470.50,4051054.75,2505.48,2960,1631,750.1,0.197,1,stable
733471.50,4051054.75,2506.21,2959,1628,751.1,0.197,1,stable
733472.50,4051054.75,2507.60,2958,1621,752.2,0.198,1,stable
733473.50,4051054.75,2507.88,2957,1620,753.2,0.198,1,stable
733474.50,4051054.75,2508.55,2956,1617,754.2,0.198,1,stable
733475.50,4051054.75,2509.30,2956,1613,755.3,0.198,1,stable
732951.50,4051053.75,2437.02,4258,2203,250.6,0.066,1,stable
732952.50,4051053.75,2437.21,4250,2199,251.5,0.066,1,stable
733019.50,4051053.75,2428.65,3843,2236,312.8,0.082,0,stable
733060.50,4051053.75,2427.03,3670,2212,351.1,0.092,1,stable
733085.50,4051053.75,2430.58,3584,2153,374.4,0.098,1,stable
733086.50,4051053.75,2430.94,3581,2148,375.3,0.099,1,stable
733464.50,4051053.75,2501.62,2970,1649,744.1,0.196,0,stable
733465.50,4051053.75,2502.36,2969,1646,745.1,0.196,1,stable
733466.50,4051053.75,2502.92,2968,1643,746.1,0.196,1,stable
733468.50,4051053.75,2504.38,2966,1636,748.2,0.197,1,stable
733469.50,4051053.75,2505.12,2966,1633,749.2,0.197,1,stable
733470.50,4051053.75,2505.84,2965,1629,750.3,0.197,1,stable
733471.50,4051053.75,2506.52,2964,1626,751.3,0.197,1,stable
733472.50,4051053.75,2507.88,2963,1620,752.4,0.198,1,stable
733473.50,4051053.75,2507.88,2962,1620,753.4,0.198,1,stable
733474.50,4051053.75,2508.55,2961,1617,754.4,0.198,1,stable
733475.50,4051053.75,2509.30,2961,1614,755.4,0.199,1,stable
732951.50,4051052.75,2437.15,4272,2201,251.1,0.066,1,stable
733059.50,4051052.75,2427.19,3685,2211,350.5,0.092,1,stable
733060.50,4051052.75,2427.53,3681,2206,351.4,0.092,1,stable
733085.50,4051052.75,2430.98,3594,2149,374.7,0.098,1,stable
733086.50,4051052.75,2430.94,3591,2148,375.6,0.099,1,stable
733087.50,4051052.75,2430.95,3588,2147,376.6,0.099,1,stable
733088.50,4051052.75,2431.02,3584,2146,377.5,0.099,1,stable
733465.50,4051052.75,2502.37,2974,1646,745.3,0.196,1,stable
733466.50,4051052.75,2503.17,2973,1642,746.3,0.196,1,stable
733467.50,4051052.75,2503.86,2972,1639,747.3,0.196,1,stable
733468.50,4051052.75,2504.61,2971,1635,748.4,0.197,1,stable
733469.50,4051052.75,2505.39,2971,1631,749.4,0.197,1,stable
733470.50,4051052.75,2506.17,2970,1628,750.4,0.197,1,stable
733471.50,4051052.75,2506.92,2969,1624,751.5,0.197,1,stable
733472.50,4051052.75,2508.08,2968,1619,752.5,0.198,1,stable
733473.50,4051052.75,2508.08,2967,1619,753.5,0.198,1,stable
733474.50,4051052.75,2508.77,2966,1616,754.6,0.198,1,stable
733475.50,4051052.75,2509.53,2966,1612,755.6,0.199,1,stable
733476.50,4051052.75,2510.32,2965,1609,756.6,0.199,1,stable
732952.50,4051051.75,2437.47,4279,2194,252.4,0.066,1,stable
733057.50,4051051.75,2427.19,3703,2212,349.0,0.092,1,stable
733059.50,4051051.75,2427.65,3695,2205,350.8,0.092,1,stable
733087.50,4051051.75,2431.35,3597,2143,376.9,0.099,1,stable
733088.50,4051051.75,2431.34,3594,2143,377.8,0.099,1,stable
733466.50,4051051.75,2503.21,2978,1642,746.5,0.196,1,stable
733467.50,4051051.75,2504.00,2977,1638,747.5,0.196,1,stable
733468.50,4051051.75,2504.82,2976,1634,748.5,0.197,1,stable
733469.50,4051051.75,2505.66,2976,1630,749.6,0.197,1,stable
733470.50,4051051.75,2506.46,2975,1626,750.6,0.197,1,stable
733471.50,4051051.75,2507.05,2974,1624,751.6,0.198,1,stable
733472.50,4051051.75,2508.36,2973,1617,752.7,0.198,1,stable
733473.50,4051051.75,2508.36,2972,1618,753.7,0.198,1,stable
733474.50,4051051.75,2509.01,2971,1615,754.7,0.198,1,stable
733475.50,4051051.75,2509.74,2971,1611,755.8,0.199,1,stable
733476.50,4051051.75,2510.55,2970,1608,756.8,0.199,1,stable
732952.50,4051050.75,2437.37,4294,2196,252.9,0.066,1,stable
733058.50,4051050.75,2427.70,3710,2205,350.2,0.092,1,stable
733059.50,4051050.75,2428.23,3706,2199,351.1,0.092,1,stable
733061.50,4051050.75,2429.67,3698,2181,352.8,0.093,1,stable
733085.50,4051050.75,2432.25,3614,2135,375.2,0.099,1,stable
733086.50,4051050.75,2432.15,3610,2136,376.2,0.099,1,stable
733087.50,4051050.75,2432.11,3607,2135,377.1,0.099,1,stable
733088.50,4051050.75,2432.08,3604,2135,378.1,0.099,1,stable
733467.50,4051050.75,2504.15,2982,1637,747.7,0.196,1,stable
733468.50,4051050.75,2504.98,2981,1633,748.7,0.197,1,stable
733469.50,4051050.75,2505.79,2981,1629,749.8,0.197,1,stable
733470.50,4051050.75,2506.60,2980,1626,750.8,0.197,1,stable
733471.50,4051050.75,2507.19,2979,1623,751.8,0.198,1,stable
733473.50,4051050.75,2508.52,2977,1617,753.9,0.198,1,stable
733474.50,4051050.75,2509.22,2976,1614,754.9,0.198,1,stable
733475.50,4051050.75,2509.98,2976,1610,755.9,0.199,1,stable
733476.50,4051050.75,2510.74,2975,1607,757.0,0.199,1,stable
733477.50,4051050.75,2511.60,2974,1603,758.0,0.199,1,stable
732952.50,4051049.75,2437.37,4308,2195,253.4,0.067,1,stable
733059.50,4051049.75,2428.53,3716,2195,351.4,0.092,1,stable
733061.50,4051049.75,2430.14,3709,2176,353.1,0.093,1,stable
733082.50,4051049.75,2432.84,3634,2131,372.7,0.098,1,stable
733083.50,4051049.75,2433.03,3630,2128,373.6,0.098,1,stable
733084.50,4051049.75,2432.86,3627,2129,374.6,0.098,1,stable
733085.50,4051049.75,2432.86,3624,2129,375.5,0.099,1,stable
733086.50,4051049.75,2432.72,3620,2130,376.5,0.099,1,stable
733087.50,4051049.75,2432.60,3617,2130,377.4,0.099,1,stable
733088.50,4051049.75,2432.51,3614,2130,378.4,0.099,1,stable
733457.50,4051049.75,2495.61,2996,1678,737.5,0.194,1,stable
733468.50,4051049.75,2505.06,2986,1633,748.9,0.197,1,stable
733469.50,4051049.75,2505.82,2986,1629,749.9,0.197,1,stable
733470.50,4051049.75,2506.54,2985,1626,750.9,0.197,1,stable
733471.50,4051049.75,2507.21,2984,1623,752.0,0.198,1,stable
733472.50,4051049.75,2507.21,2983,1623,753.0,0.198,1,stable
733473.50,4051049.75,2508.54,2982,1617,754.0,0.198,1,stable
733474.50,4051049.75,2509.32,2981,1613,755.1,0.198,1,stable
733475.50,4051049.75,2510.13,2981,1609,756.1,0.199,1,stable
733476.50,4051049.75,2510.88,2980,1606,757.1,0.199,1,stable
733477.50,4051049.75,2511.74,2979,1602,758.2,0.199,1,stable
732953.50,4051048.75,2437.67,4315,2189,254.7,0.067,1,stable
733057.50,4051048.75,2427.90,3734,2204,349.9,0.092,1,stable
733058.50,4051048.75,2428.44,3731,2197,350.8,0.092,1,stable
733059.50,4051048.75,2428.92,3727,2191,351.7,0.092,1,stable
733061.50,4051048.75,2430.41,3719,2173,353.5,0.093,1,stable
733081.50,4051048.75,2433.13,3647,2129,372.0,0.098,1,stable
733082.50,4051048.75,2433.41,3644,2125,373.0,0.098,1,stable
733083.50,4051048.75,2433.45,3640,2124,373.9,0.098,1,stable
733084.50,4051048.75,2433.45,3637,2123,374.8,0.098,1,stable
733085.50,4051048.75,2433.36,3634,2123,375.8,0.099,1,stable
733086.50,4051048.75,2433.21,3630,2124,376.7,0.099,1,stable
733087.50,4051048.75,2433.10,3627,2125,377.7,0.099,1,stable
733088.50,4051048.75,2433.01,3623,2125,378.6,0.099,1,stable
733089.50,4051048.75,2432.93,3620,2125,379.6,0.100,1,stable
733469.50,4051048.75,2505.79,2991,1629,750.1,0.197,1,stable
733470.50,4051048.75,2506.45,2990,1626,751.1,0.197,1,stable
733471.50,4051048.75,2507.07,2989,1624,752.1,0.198,1,stable
733472.50,4051048.75,2507.07,2988,1624,753.1,0.198,1,stable
733473.50,4051048.75,2508.38,2987,1618,754.2,0.198,1,stable
733476.50,4051048.75,2510.89,2985,1606,757.3,0.199,1,stable
733477.50,4051048.75,2511.74,2984,1602,758.4,0.199,1,stable
733007.50,4051047.75,2433.37,3976,2188,303.7,0.080,1,stable
733058.50,4051047.75,2428.61,3741,2195,351.2,0.092,1,stable
733059.50,4051047.75,2429.35,3737,2186,352.0,0.093,1,stable
733060.50,4051047.75,2429.90,3734,2179,352.9,0.093,1,stable
733061.50,4051047.75,2430.90,3730,2167,353.8,0.093,1,stable
733081.50,4051047.75,2433.36,3657,2126,372.4,0.098,1,stable
733082.50,4051047.75,2433.60,3654,2123,373.3,0.098,1,stable
733083.50,4051047.75,2433.85,3650,2120,374.2,0.098,1,stable
733084.50,4051047.75,2433.85,3647,2119,375.1,0.099,1,stable
733085.50,4051047.75,2433.79,3643,2119,376.1,0.099,1,stable
733086.50,4051047.75,2433.64,3640,2120,377.0,0.099,1,stable
733087.50,4051047.75,2433.48,3637,2121,378.0,0.099,1,stable
733469.50,4051047.75,2505.53,2996,1631,750.2,0.197,1,stable
733470.50,4051047.75,2506.28,2995,1627,751.3,0.197,1,stable
733471.50,4051047.75,2507.09,2994,1624,752.3,0.198,1,stable
733472.50,4051047.75,2507.09,2993,1624,753.3,0.198,1,stable
733473.50,4051047.75,2508.37,2992,1618,754.3,0.198,1,stable
733476.50,4051047.75,2510.77,2990,1607,757.5,0.199,1,stable
733477.50,4051047.75,2511.68,2989,1602,758.5,0.199,1,stable
732957.50,4051046.75,2439.49,4313,2155,259.0,0.068,1,stable
733058.50,4051046.75,2428.61,3752,2195,351.5,0.092,1,stable
733059.50,4051046.75,2429.35,3748,2186,352.4,0.093,1,stable
733060.50,4051046.75,2429.90,3744,2179,353.3,0.093,1,stable
733061.50,4051046.75,2431.33,3740,2162,354.1,0.093,1,stable
733082.50,4051046.75,2434.00,3663,2119,373.6,0.098,1,stable
733083.50,4051046.75,2434.27,3660,2115,374.5,0.098,1,stable
733085.50,4051046.75,2434.21,3653,2114,376.4,0.099,1,stable
733086.50,4051046.75,2434.05,3650,2115,377.3,0.099,1,stable
733087.50,4051046.75,2433.90,3646,2116,378.3,0.099,1,stable
733472.50,4051046.75,2506.66,2998,1626,753.4,0.198,1,stable
733473.50,4051046.75,2508.37,2997,1618,754.5,0.198,1,stable
733476.50,4051046.75,2510.76,2995,1607,757.6,0.199,1,stable
733477.50,4051046.75,2511.74,2994,1602,758.7,0.199,1,stable
733478.50,4051046.75,2512.57,2993,1598,759.7,0.200,1,stable
732958.50,4051045.75,2439.95,4319,2147,260.3,0.068,1,stable
733058.50,4051045.75,2428.91,3762,2191,351.8,0.092,1,stable
733059.50,4051045.75,2429.64,3758,2182,352.7,0.093,1,stable
733060.50,4051045.75,2430.26,3754,2174,353.6,0.093,1,stable
733061.50,4051045.75,2431.33,3751,2162,354.4,0.093,1,stable
733062.50,4051045.75,2431.63,3747,2158,355.4,0.093,1,stable
733082.50,4051045.75,2434.47,3673,2113,373.9,0.098,1,stable
733472.50,4051045.75,2506.30,3003,1628,753.6,0.198,1,stable
733478.50,4051045.75,2512.76,2998,1597,759.9,0.200,1,stable
733059.50,4051044.75,2429.65,3769,2182,353.1,0.093,1,stable
733060.50,4051044.75,2430.37,3765,2173,353.9,0.093,1,stable
733061.50,4051044.75,2431.57,3761,2159,354.8,0.093,1,stable
733062.50,4051044.75,2431.95,3757,2154,355.7,0.093,1,stable
733081.50,4051044.75,2434.60,3687,2113,373.3,0.098,1,stable
732956.50,4051043.75,2440.31,4363,2143,259.5,0.068,1,stable
732957.50,4051043.75,2440.41,4356,2140,260.4,0.068,1,stable
732958.50,4051043.75,2440.52,4348,2137,261.3,0.069,1,stable
732959.50,4051043.75,2440.62,4340,2135,262.1,0.069,1,stable
733060.50,4051043.75,2430.31,3775,2174,354.3,0.093,1,stable
733061.50,4051043.75,2431.59,3771,2159,355.1,0.093,1,stable
733080.50,4051043.75,2434.72,3700,2112,372.7,0.098,1,stable
733480.50,4051043.75,2513.77,3006,1593,762.3,0.200,1,stable
733484.50,4051043.75,2516.82,3003,1579,766.4,0.201,1,stable
732882.50,4051042.75,2443.55,5243,2195,199.0,0.052,1,stable
732950.50,4051042.75,2440.31,4427,2149,254.8,0.067,1,stable
732953.50,4051042.75,2440.57,4402,2142,257.4,0.068,1,stable
732957.50,4051042.75,2440.81,4370,2134,260.9,0.069,1,stable
732958.50,4051042.75,2440.89,4362,2131,261.7,0.069,1,stable
732959.50,4051042.75,2440.94,4354,2130,262.6,0.069,1,stable
732960.50,4051042.75,2440.94,4346,2129,263.5,0.069,1,stable
733061.50,4051042.75,2431.68,3782,2158,355.5,0.093,1,stable
733083.50,4051042.75,2435.37,3699,2103,375.8,0.099,1,stable
733288.50,4051042.75,2431.10,3227,2051,572.7,0.150,1,stable
733289.50,4051042.75,2431.19,3226,2050,573.7,0.151,1,stable
733477.50,4051042.75,2512.24,3014,1600,759.4,0.200,1,stable
733478.50,4051042.75,2513.12,3013,1596,760.4,0.200,1,stable
733479.50,4051042.75,2514.09,3012,1591,761.5,0.200,1,stable
733480.50,4051042.75,2514.09,3011,1591,762.5,0.200,1,stable
733481.50,4051042.75,2514.72,3010,1589,763.5,0.201,1,stable
733482.50,4051042.75,2515.25,3009,1586,764.5,0.201,1,stable
733486.50,4051042.75,2518.47,3006,1572,768.7,0.202,1,stable
732950.50,4051041.75,2440.77,4442,2142,255.3,0.067,1,stable
732951.50,4051041.75,2440.77,4433,2141,256.2,0.067,1,stable
732952.50,4051041.75,2440.70,4425,2141,257.0,0.068,1,stable
732953.50,4051041.75,2440.81,4417,2138,257.9,0.068,1,stable
732954.50,4051041.75,2440.84,4408,2136,258.8,0.068,1,stable
732958.50,4051041.75,2441.38,4376,2124,262.2,0.069,1,stable
732959.50,4051041.75,2441.48,4368,2121,263.0,0.069,1,stable
733061.50,4051041.75,2431.76,3792,2156,355.8,0.094,1,stable
733082.50,4051041.75,2435.46,3713,2103,375.2,0.099,1,stable
733083.50,4051041.75,2435.46,3709,2102,376.1,0.099,1,stable
733084.50,4051041.75,2435.33,3706,2103,377.1,0.099,1,stable
733288.50,4051041.75,2431.72,3234,2047,572.9,0.151,1,stable
733478.50,4051041.75,2513.36,3018,1594,760.6,0.200,1,stable
733480.50,4051041.75,2514.29,3016,1590,762.6,0.200,1,stable
732949.50,4051040.75,2441.05,4465,2138,254.9,0.067,1,stable
732950.50,4051040.75,2441.05,4456,2137,255.8,0.067,1,stable
732951.50,4051040.75,2441.17,4448,2134,256.6,0.067,1,stable
732952.50,4051040.75,2441.15,4439,2133,257.5,0.068,1,stable
732953.50,4051040.75,2441.23,4431,2131,258.4,0.068,1,stable
732954.50,4051040.75,2441.21,4423,2130,259.2,0.068,1,stable
732958.50,4051040.75,2441.64,4390,2119,262.7,0.069,1,stable
732959.50,4051040.75,2441.93,4382,2114,263.5,0.069,1,stable
732960.50,4051040.75,2441.93,4374,2113,264.4,0.069,1,stable
732961.50,4051040.75,2442.04,4367,2110,265.2,0.070,1,stable
733061.50,4051040.75,2431.85,3802,2155,356.2,0.094,1,stable
733065.50,4051040.75,2434.15,3787,2127,359.8,0.095,1,stable
733083.50,4051040.75,2435.21,3719,2104,376.5,0.099,1,stable
733478.50,4051040.75,2513.34,3023,1595,760.8,0.200,1,stable
732949.50,4051039.75,2441.48,4480,2131,255.4,0.067,1,stable
732950.50,4051039.75,2441.48,4471,2130,256.3,0.067,1,stable
732951.50,4051039.75,2441.45,4462,2129,257.1,0.068,1,stable
732952.50,4051039.75,2441.56,4454,2127,258.0,0.068,1,stable
732953.50,4051039.75,2441.52,4445,2126,258.9,0.068,1,stable
732954.50,4051039.75,2441.53,4437,2125,259.7,0.068,1,stable
732958.50,4051039.75,2442.29,4404,2109,263.1,0.069,1,stable
732959.50,4051039.75,2442.29,4396,2108,264.0,0.069,1,stable
732960.50,4051039.75,2442.40,4388,2106,264.8,0.070,1,stable
732962.50,4051039.75,2442.52,4373,2102,266.6,0.070,1,stable
733066.50,4051039.75,2434.78,3793,2120,361.0,0.095,1,stable
733478.50,4051039.75,2513.27,3028,1595,760.9,0.200,1,stable
732947.50,4051038.75,2441.48,4512,2133,254.2,0.067,1,stable
732948.50,4051038.75,2441.54,4503,2131,255.1,0.067,1,stable
732949.50,4051038.75,2441.68,4494,2128,255.9,0.067,1,stable
732950.50,4051038.75,2441.68,4485,2127,256.8,0.067,1,stable
732951.50,4051038.75,2441.79,4477,2124,257.6,0.068,1,stable
732952.50,4051038.75,2441.88,4468,2121,258.5,0.068,1,stable
732953.50,4051038.75,2441.82,4460,2121,259.3,0.068,1,stable
733066.50,4051038.75,2434.94,3803,2118,361.4,0.095,1,stable
732947.50,4051037.75,2442.04,4526,2124,254.7,0.067,1,stable
732948.50,4051037.75,2442.19,4518,2120,255.6,0.067,1,stable
732949.50,4051037.75,2442.28,4509,2118,256.4,0.067,1,stable
732940.50,4051036.75,2441.97,4606,2133,249.3,0.066,1,stable
732946.50,4051035.75,2442.49,4565,2117,254.9,0.067,1,stable
732948.50,4051035.75,2442.63,4547,2113,256.6,0.067,1,stable
733104.50,4051035.75,2434.19,3693,2102,397.9,0.105,1,stable
732945.50,4051034.75,2442.84,4589,2112,254.6,0.067,1,stable
732947.50,4051034.75,2442.89,4570,2110,256.3,0.067,1,stable
732948.50,4051034.75,2442.97,4561,2107,257.1,0.068,1,stable
732943.50,4051033.75,2443.06,4622,2111,253.4,0.067,1,stable
732944.50,4051033.75,2443.16,4613,2108,254.2,0.067,1,stable
732945.50,4051033.75,2443.23,4603,2106,255.1,0.067,1,stable
732946.50,4051033.75,2443.24,4594,2105,255.9,0.067,1,stable
732947.50,4051033.75,2443.29,4585,2103,256.8,0.067,1,stable
732948.50,4051033.75,2443.41,4576,2100,257.6,0.068,1,stable
733290.50,4051033.75,2437.13,3282,2010,576.5,0.151,1,stable
732882.50,4051032.75,2446.18,5450,2139,205.4,0.054,1,stable
732921.50,4051032.75,2442.49,4870,2147,235.9,0.062,1,stable
732922.50,4051032.75,2442.49,4858,2146,236.7,0.062,1,stable
732938.50,4051032.75,2443.27,4686,2112,249.8,0.066,1,stable
732943.50,4051032.75,2443.41,4637,2105,253.9,0.067,1,stable
732944.50,4051032.75,2443.58,4628,2101,254.8,0.067,1,stable
732945.50,4051032.75,2443.55,4618,2101,255.6,0.067,1,stable
732946.50,4051032.75,2443.61,4609,2099,256.4,0.067,1,stable
733067.50,4051032.75,2434.88,3860,2117,364.5,0.096,1,stable
733293.50,4051032.75,2438.23,3284,2002,579.6,0.152,1,stable
732921.50,4051031.75,2442.49,4886,2147,236.5,0.062,1,stable
732922.50,4051031.75,2442.49,4874,2146,237.3,0.062,1,stable
732940.50,4051031.75,2443.41,4681,2108,252.0,0.066,1,stable
732941.50,4051031.75,2443.45,4671,2106,252.8,0.066,1,stable
732943.50,4051031.75,2443.41,4652,2105,254.5,0.067,1,stable
732944.50,4051031.75,2443.58,4642,2101,255.3,0.067,1,stable
732946.50,4051031.75,2443.61,4623,2098,257.0,0.068,1,stable
733069.50,4051031.75,2435.42,3861,2110,366.7,0.096,1,stable
733291.50,4051031.75,2438.01,3294,2004,577.9,0.152,1,stable
733292.50,4051031.75,2438.01,3292,2004,578.9,0.152,1,stable
733349.50,4051031.75,2457.94,3210,1872,634.0,0.167,1,stable
732921.50,4051030.75,2442.86,4903,2140,237.0,0.062,1,stable
732922.50,4051030.75,2442.86,4891,2139,237.8,0.062,1,stable
732923.50,4051030.75,2442.91,4879,2137,238.7,0.063,1,stable
732938.50,4051030.75,2443.58,4716,2107,250.9,0.066,1,stable
732941.50,4051030.75,2443.71,4686,2102,253.3,0.067,1,stable
732942.50,4051030.75,2443.83,4676,2099,254.2,0.067,1,stable
732943.50,4051030.75,2443.95,4667,2096,255.0,0.067,1,stable
732944.50,4051030.75,2444.04,4657,2093,255.8,0.067,1,stable
733067.50,4051030.75,2434.59,3880,2120,365.3,0.096,1,stable
733291.50,4051030.75,2438.34,3300,2002,578.1,0.152,1,stable
733292.50,4051030.75,2438.34,3299,2001,579.1,0.152,1,stable
733293.50,4051030.75,2438.88,3297,1998,580.0,0.152,1,stable
732882.50,4051029.75,2447.34,5513,2114,207.4,0.054,1,stable
732883.50,4051029.75,2447.29,5493,2113,208.1,0.055,1,stable
732922.50,4051029.75,2443.03,4907,2136,238.4,0.063,1,stable
732923.50,4051029.75,2443.13,4895,2133,239.2,0.063,1,stable
732924.50,4051029.75,2443.20,4883,2130,240.0,0.063,1,stable
732943.50,4051029.75,2444.31,4681,2090,255.5,0.067,1,stable
732944.50,4051029.75,2444.39,4672,2087,256.4,0.067,1,stable
732945.50,4051029.75,2444.37,4662,2087,257.2,0.068,1,stable
732946.50,4051029.75,2444.40,4653,2085,258.0,0.068,1,stable
733067.50,4051029.75,2434.31,3890,2122,365.7,0.096,1,stable
733068.50,4051029.75,2434.57,3885,2119,366.6,0.096,1,stable
733069.50,4051029.75,2434.73,3881,2117,367.5,0.097,1,stable
733070.50,4051029.75,2434.75,3877,2116,368.4,0.097,1,stable
733290.50,4051029.75,2437.85,3308,2005,577.4,0.152,1,stable
733291.50,4051029.75,2438.63,3307,2000,578.3,0.152,1,stable
733292.50,4051029.75,2438.63,3305,1999,579.3,0.152,1,stable
733293.50,4051029.75,2439.26,3303,1995,580.3,0.152,1,stable
733295.50,4051029.75,2440.23,3300,1988,582.2,0.153,1,stable
732879.50,4051028.75,2447.56,5594,2115,205.9,0.054,1,stable
732882.50,4051028.75,2448.01,5534,2099,208.1,0.055,1,stable
732883.50,4051028.75,2447.80,5514,2102,208.8,0.055,1,stable
732884.50,4051028.75,2447.63,5495,2104,209.5,0.055,1,stable
732886.50,4051028.75,2447.86,5457,2095,211.0,0.055,1,stable
732925.50,4051028.75,2443.25,4888,2128,241.4,0.063,1,stable
732926.50,4051028.75,2443.40,4876,2124,242.2,0.064,1,stable
732937.50,4051028.75,2444.41,4757,2094,251.1,0.066,1,stable
732938.50,4051028.75,2444.46,4746,2092,251.9,0.066,1,stable
732939.50,4051028.75,2444.46,4736,2091,252.8,0.066,1,stable
732943.50,4051028.75,2444.84,4696,2081,256.1,0.067,1,stable
733068.50,4051028.75,2434.57,3895,2119,367.0,0.096,1,stable
733069.50,4051028.75,2434.73,3891,2116,367.9,0.097,1,stable
733070.50,4051028.75,2434.26,3887,2121,368.9,0.097,1,stable
733288.50,4051028.75,2436.44,3318,2015,575.8,0.151,1,stable
733290.50,4051028.75,2437.94,3315,2004,577.6,0.152,1,stable
733293.50,4051028.75,2439.42,3310,1994,580.5,0.153,1,stable
733335.50,4051028.75,2453.24,3247,1901,621.0,0.163,1,stable
732880.50,4051027.75,2448.08,5595,2102,207.3,0.054,1,stable
732882.50,4051027.75,2448.49,5555,2089,208.7,0.055,1,stable
732883.50,4051027.75,2448.31,5535,2091,209.5,0.055,1,stable
732884.50,4051027.75,2448.19,5516,2092,210.2,0.055,1,stable
732885.50,4051027.75,2448.32,5497,2087,210.9,0.055,1,stable
732886.50,4051027.75,2448.32,5478,2086,211.6,0.056,1,stable
732887.50,4051027.75,2448.25,5459,2085,212.4,0.056,1,stable
732888.50,4051027.75,2448.24,5441,2084,213.1,0.056,1,stable
732891.50,4051027.75,2448.23,5388,2079,215.4,0.057,1,stable
732925.50,4051027.75,2443.25,4904,2128,242.0,0.064,1,stable
732935.50,4051027.75,2444.76,4793,2090,250.0,0.066,1,stable
732936.50,4051027.75,2444.83,4782,2088,250.8,0.066,1,stable
732937.50,4051027.75,2444.82,4772,2087,251.7,0.066,1,stable
732938.50,4051027.75,2444.93,4762,2084,252.5,0.066,1,stable
732939.50,4051027.75,2444.93,4751,2083,253.3,0.067,1,stable
732940.50,4051027.75,2444.96,4741,2082,254.1,0.067,1,stable
732941.50,4051027.75,2445.00,4731,2080,255.0,0.067,1,stable
733069.50,4051027.75,2434.22,3901,2122,368.3,0.097,1,stable
733070.50,4051027.75,2434.26,3897,2120,369.2,0.097,1,stable
733289.50,4051027.75,2437.26,3323,2009,577.0,0.152,1,stable
733290.50,4051027.75,2437.92,3321,2004,577.9,0.152,1,stable
733291.50,4051027.75,2438.63,3319,1999,578.8,0.152,1,stable
733293.50,4051027.75,2439.36,3316,1994,580.8,0.153,1,stable
732881.50,4051026.75,2448.12,5596,2100,208.7,0.055,1,stable
732882.50,4051026.75,2448.68,5576,2085,209.4,0.055,1,stable
732883.50,4051026.75,2448.70,5556,2083,210.1,0.055,1,stable
732884.50,4051026.75,2448.72,5536,2081,210.8,0.055,1,stable
732885.50,4051026.75,2448.69,5517,2080,211.6,0.056,1,stable
732886.50,4051026.75,2448.69,5498,2078,212.3,0.056,1,stable
732887.50,4051026.75,2448.55,5480,2079,213.0,0.056,1,stable
732888.50,4051026.75,2448.64,5461,2076,213.8,0.056,1,stable
732926.50,4051026.75,2443.50,4908,2122,243.4,0.064,1,stable
732927.50,4051026.75,2443.77,4896,2116,244.2,0.064,1,stable
732929.50,4051026.75,2444.09,4874,2108,245.8,0.065,1,stable
732931.50,4051026.75,2444.48,4851,2099,247.4,0.065,1,stable
732932.50,4051026.75,2444.62,4840,2095,248.2,0.065,1,stable
732933.50,4051026.75,2444.83,4830,2091,249.0,0.065,1,stable
732934.50,4051026.75,2445.11,4819,2085,249.8,0.066,1,stable
732936.50,4051026.75,2445.20,4798,2082,251.4,0.066,1,stable
732937.50,4051026.75,2445.17,4787,2081,252.2,0.066,1,stable
733113.50,4051026.75,2435.60,3745,2082,409.4,0.108,1,stable
733114.50,4051026.75,2435.56,3742,2082,410.3,0.108,1,stable
733289.50,4051026.75,2437.13,3329,2010,577.2,0.152,1,stable
733290.50,4051026.75,2437.80,3327,2005,578.1,0.152,1,stable
733291.50,4051026.75,2437.80,3326,2005,579.1,0.152,1,stable
733292.50,4051026.75,2438.48,3324,2000,580.1,0.152,1,stable
733293.50,4051026.75,2439.26,3323,1995,581.0,0.153,1,stable
733294.50,4051026.75,2440.76,3321,1985,581.9,0.153,1,stable
732883.50,4051025.75,2448.70,5577,2083,210.8,0.055,1,stable
732884.50,4051025.75,2448.72,5557,2081,211.5,0.056,1,stable
732885.50,4051025.75,2448.96,5538,2074,212.2,0.056,1,stable
732886.50,4051025.75,2448.96,5519,2072,213.0,0.056,1,stable
732927.50,4051025.75,2443.96,4912,2113,244.8,0.064,1,stable
732928.50,4051025.75,2444.16,4901,2108,245.6,0.065,1,stable
732929.50,4051025.75,2444.18,4889,2106,246.4,0.065,1,stable
732930.50,4051025.75,2444.18,4878,2105,247.2,0.065,1,stable
732932.50,4051025.75,2444.62,4856,2095,248.8,0.065,1,stable
732933.50,4051025.75,2444.83,4845,2091,249.6,0.066,1,stable
732934.50,4051025.75,2445.34,4834,2081,250.3,0.066,1,stable
732935.50,4051025.75,2445.53,4823,2077,251.1,0.066,1,stable
733290.50,4051025.75,2437.73,3334,2005,578.4,0.152,1,stable
733291.50,4051025.75,2437.73,3332,2005,579.4,0.152,1,stable
733292.50,4051025.75,2438.39,3331,2001,580.3,0.152,1,stable
733293.50,4051025.75,2439.10,3329,1996,581.3,0.153,1,stable
733294.50,4051025.75,2440.73,3327,1985,582.2,0.153,1,stable
733493.50,4051025.75,2525.14,3082,1542,779.1,0.205,1,stable
732885.50,4051024.75,2448.89,5558,2076,212.9,0.056,1,stable
732886.50,4051024.75,2448.96,5539,2073,213.7,0.056,1,stable
732929.50,4051024.75,2444.65,4905,2098,246.9,0.065,1,stable
732930.50,4051024.75,2444.65,4894,2097,247.7,0.065,1,stable
732933.50,4051024.75,2445.18,4860,2085,250.1,0.066,1,stable
732934.50,4051024.75,2445.34,4849,2081,250.9,0.066,1,stable
733290.50,4051024.75,2437.72,3340,2005,578.7,0.152,1,stable
733291.50,4051024.75,2437.72,3339,2005,579.6,0.152,1,stable
733292.50,4051024.75,2438.27,3337,2001,580.6,0.153,1,stable
733293.50,4051024.75,2438.88,3335,1997,581.5,0.153,1,stable
733294.50,4051024.75,2440.59,3334,1986,582.4,0.153,1,stable
733332.50,4051024.75,2454.30,3275,1895,619.0,0.163,1,stable
732885.50,4051023.75,2448.93,5579,2076,213.6,0.056,1,stable
732930.50,4051023.75,2444.80,4909,2094,248.3,0.065,1,stable
732931.50,4051023.75,2445.42,4898,2083,249.1,0.065,1,stable
732932.50,4051023.75,2445.72,4887,2077,249.9,0.066,1,stable
733071.50,4051023.75,2432.03,3932,2143,371.9,0.098,1,stable
733290.50,4051023.75,2437.65,3347,2006,578.9,0.152,1,stable
733291.50,4051023.75,2437.65,3345,2006,579.9,0.152,1,stable
733292.50,4051023.75,2438.16,3343,2002,580.8,0.153,1,stable
733293.50,4051023.75,2438.78,3342,1998,581.8,0.153,1,stable
733294.50,4051023.75,2440.35,3340,1987,582.7,0.153,1,stable
733295.50,4051023.75,2441.20,3338,1982,583.6,0.153,1,stable
733325.50,4051023.75,2451.74,3291,1911,612.5,0.161,1,stable
732930.50,4051022.75,2444.65,4925,2097,248.9,0.065,1,stable
732931.50,4051022.75,2445.05,4913,2089,249.7,0.066,1,stable
732932.50,4051022.75,2445.56,4902,2079,250.5,0.066,1,stable
733074.50,4051022.75,2431.95,3929,2141,375.0,0.099,1,stable
733083.50,4051022.75,2432.42,3892,2130,383.3,0.101,1,stable
733084.50,4051022.75,2432.64,3888,2127,384.2,0.101,1,stable
733085.50,4051022.75,2432.75,3884,2125,385.1,0.101,1,stable
733091.50,4051022.75,2433.94,3861,2110,390.5,0.103,0,stable
733292.50,4051022.75,2438.09,3350,2002,581.1,0.153,1,stable
733293.50,4051022.75,2438.73,3348,1998,582.0,0.153,1,stable
733325.50,4051022.75,2452.27,3297,1907,612.7,0.161,1,stable
733327.50,4051022.75,2452.60,3294,1905,614.7,0.162,1,stable
732931.50,4051021.75,2444.89,4929,2092,250.3,0.066,1,stable
732932.50,4051021.75,2445.39,4918,2082,251.1,0.066,1,stable
733078.50,4051021.75,2432.19,3922,2136,379.1,0.100,1,stable
733084.50,4051021.75,2432.83,3898,2125,384.5,0.101,1,stable
733085.50,4051021.75,2433.09,3894,2122,385.4,0.101,1,stable
733086.50,4051021.75,2433.28,3890,2119,386.4,0.102,1,stable
733350.50,4051021.75,2462.42,3267,1845,637.2,0.167,1,stable
732931.50,4051020.75,2444.64,4944,2096,250.9,0.066,1,stable
732932.50,4051020.75,2445.06,4933,2088,251.7,0.066,1,stable
732933.50,4051020.75,2445.53,4922,2079,252.5,0.066,1,stable
733084.50,4051020.75,2433.12,3907,2122,384.9,0.101,1,stable
733085.50,4051020.75,2433.33,3903,2119,385.8,0.101,1,stable
732932.50,4051019.75,2444.85,4948,2091,252.3,0.066,1,stable
732933.50,4051019.75,2445.32,4937,2082,253.1,0.066,1,stable
732934.50,4051019.75,2445.76,4926,2074,253.8,0.067,1,stable
733353.50,4051019.75,2464.24,3274,1834,640.6,0.168,1,stable
733354.50,4051019.75,2465.34,3273,1828,641.6,0.169,1,stable
733355.50,4051019.75,2465.70,3272,1826,642.6,0.169,1,stable
733358.50,4051019.75,2467.24,3267,1817,645.5,0.170,1,stable
733359.50,4051019.75,2467.81,3266,1814,646.5,0.170,1,stable
732935.50,4051018.75,2445.68,4929,2074,255.2,0.067,1,stable
733353.50,4051018.75,2464.48,3280,1833,640.9,0.168,1,stable
733354.50,4051018.75,2465.56,3279,1827,641.9,0.169,1,stable
733355.50,4051018.75,2466.02,3277,1824,642.8,0.169,1,stable
733357.50,4051018.75,2467.01,3275,1818,644.8,0.169,1,stable
733358.50,4051018.75,2467.56,3273,1815,645.8,0.170,1,stable
733359.50,4051018.75,2468.08,3272,1812,646.8,0.170,1,stable
733360.50,4051018.75,2468.08,3270,1812,647.7,0.170,1,stable
732933.50,4051017.75,2444.76,4967,2092,254.3,0.067,1,stable
732934.50,4051017.75,2445.10,4956,2085,255.1,0.067,1,stable
732936.50,4051017.75,2445.62,4933,2074,256.6,0.067,1,stable
733353.50,4051017.75,2464.86,3286,1831,641.1,0.168,1,stable
733354.50,4051017.75,2465.94,3285,1824,642.1,0.169,1,stable
733355.50,4051017.75,2466.42,3283,1822,643.1,0.169,1,stable
733356.50,4051017.75,2466.87,3282,1819,644.1,0.169,1,stable
733360.50,4051017.75,2468.42,3276,1810,648.0,0.170,1,stable
733362.50,4051017.75,2470.05,3273,1801,649.9,0.171,1,stable
733363.50,4051017.75,2470.56,3272,1798,650.9,0.171,1,stable
732934.50,4051016.75,2444.59,4971,2093,255.7,0.067,1,stable
732935.50,4051016.75,2444.82,4959,2088,256.5,0.067,1,stable
733490.50,4051016.75,2525.00,3129,1542,777.9,0.204,1,stable
733490.50,4051015.75,2525.04,3133,1542,778.1,0.204,1,stable
733491.50,4051015.75,2525.84,3132,1538,779.1,0.205,1,stable
733486.50,4051014.75,2523.21,3142,1549,774.2,0.203,1,stable
733488.50,4051014.75,2524.10,3140,1546,776.3,0.204,1,stable
733489.50,4051014.75,2524.69,3139,1543,777.3,0.204,1,stable
733490.50,4051014.75,2525.29,3138,1541,778.3,0.205,1,stable
733491.50,4051014.75,2525.93,3137,1538,779.4,0.205,1,stable
733492.50,4051014.75,2525.93,3136,1538,780.3,0.205,1,stable
733302.50,4051013.75,2445.75,3390,1950,592.9,0.156,1,stable
733303.50,4051013.75,2446.26,3388,1947,593.8,0.156,1,stable
733304.50,4051013.75,2447.06,3386,1942,594.8,0.156,1,stable
733485.50,4051013.75,2522.72,3148,1551,773.4,0.203,1,stable
733486.50,4051013.75,2523.30,3147,1549,774.4,0.204,1,stable
733487.50,4051013.75,2523.87,3146,1546,775.5,0.204,1,stable
733488.50,4051013.75,2524.40,3145,1544,776.5,0.204,1,stable
733489.50,4051013.75,2524.96,3144,1542,777.5,0.204,1,stable
733490.50,4051013.75,2525.59,3143,1539,778.5,0.205,1,stable
733491.50,4051013.75,2526.00,3142,1538,779.6,0.205,1,stable
733492.50,4051013.75,2526.00,3141,1538,780.5,0.205,1,stable
733493.50,4051013.75,2526.69,3140,1535,781.6,0.205,1,stable
733494.50,4051013.75,2527.17,3139,1533,782.6,0.206,1,stable
733104.50,4051012.75,2439.46,3904,2047,406.1,0.107,1,stable
733105.50,4051012.75,2439.62,3900,2045,407.0,0.107,1,stable
733301.50,4051012.75,2445.42,3398,1953,592.2,0.156,1,stable
733302.50,4051012.75,2446.04,3396,1948,593.1,0.156,1,stable
733303.50,4051012.75,2446.64,3394,1944,594.1,0.156,1,stable
733304.50,4051012.75,2447.33,3393,1940,595.0,0.156,1,stable
733305.50,4051012.75,2448.84,3391,1930,596.0,0.157,1,stable
733485.50,4051012.75,2522.86,3153,1551,773.6,0.203,1,stable
733487.50,4051012.75,2524.02,3151,1546,775.7,0.204,1,stable
733488.50,4051012.75,2524.62,3150,1543,776.7,0.204,1,stable
733489.50,4051012.75,2525.14,3149,1541,777.7,0.204,1,stable
733490.50,4051012.75,2525.74,3148,1539,778.8,0.205,1,stable
733491.50,4051012.75,2525.74,3147,1539,779.7,0.205,1,stable
733492.50,4051012.75,2526.14,3146,1537,780.7,0.205,1,stable
733493.50,4051012.75,2526.80,3145,1535,781.8,0.205,1,stable
733494.50,4051012.75,2527.29,3144,1533,782.8,0.206,1,stable
733495.50,4051012.75,2528.30,3143,1528,783.9,0.206,1,stable
733106.50,4051011.75,2440.20,3905,2039,408.3,0.107,1,stable
733299.50,4051011.75,2443.96,3407,1962,590.6,0.155,1,stable
733300.50,4051011.75,2444.84,3406,1956,591.5,0.155,1,stable
733301.50,4051011.75,2445.58,3404,1951,592.4,0.156,1,stable
733304.50,4051011.75,2447.58,3399,1938,595.3,0.156,1,stable
733305.50,4051011.75,2448.91,3397,1930,596.2,0.157,1,stable
733306.50,4051011.75,2449.42,3395,1926,597.2,0.157,1,stable
733307.50,4051011.75,2449.42,3394,1926,598.2,0.157,1,stable
733485.50,4051011.75,2522.93,3158,1550,773.9,0.203,1,stable
733486.50,4051011.75,2523.50,3157,1548,774.9,0.204,1,stable
733487.50,4051011.75,2524.15,3156,1545,775.9,0.204,1,stable
733490.50,4051011.75,2525.98,3153,1537,779.0,0.205,1,stable
733491.50,4051011.75,2525.98,3152,1538,780.0,0.205,1,stable
733492.50,4051011.75,2526.39,3151,1536,781.0,0.205,1,stable
733493.50,4051011.75,2526.84,3150,1534,782.0,0.205,1,stable
733495.50,4051011.75,2528.42,3148,1528,784.1,0.206,1,stable
733496.50,4051011.75,2528.95,3147,1525,785.1,0.206,1,stable
733497.50,4051011.75,2529.54,3146,1523,786.1,0.207,1,stable
733083.50,4051010.75,2438.04,4007,2071,387.7,0.102,1,stable
733102.50,4051010.75,2440.31,3930,2040,405.0,0.106,1,stable
733103.50,4051010.75,2440.39,3926,2039,405.9,0.107,1,stable
733105.50,4051010.75,2440.49,3918,2037,407.7,0.107,1,stable
733106.50,4051010.75,2440.57,3914,2036,408.6,0.107,1,stable
733301.50,4051010.75,2445.27,3410,1953,592.7,0.156,1,stable
733302.50,4051010.75,2446.02,3408,1948,593.7,0.156,1,stable
733304.50,4051010.75,2447.35,3405,1940,595.6,0.156,1,stable
733305.50,4051010.75,2448.41,3403,1933,596.5,0.157,1,stable
733306.50,4051010.75,2448.41,3402,1933,597.5,0.157,1,stable
733307.50,4051010.75,2448.82,3400,1930,598.4,0.157,1,stable
733308.50,4051010.75,2449.38,3398,1926,599.4,0.157,1,stable
733309.50,4051010.75,2450.02,3396,1922,600.3,0.158,1,stable
733365.50,4051010.75,2473.96,3309,1778,654.6,0.172,1,stable
733366.50,4051010.75,2474.55,3308,1775,655.6,0.172,1,stable
733484.50,4051010.75,2521.55,3164,1557,773.0,0.203,1,stable
733485.50,4051010.75,2522.94,3163,1550,774.1,0.203,1,stable
733486.50,4051010.75,2523.56,3162,1548,775.1,0.204,1,stable
733487.50,4051010.75,2524.23,3161,1545,776.1,0.204,1,stable
733488.50,4051010.75,2524.91,3160,1542,777.2,0.204,1,stable
733490.50,4051010.75,2526.16,3158,1537,779.2,0.205,1,stable
733491.50,4051010.75,2526.16,3157,1537,780.2,0.205,1,stable
733492.50,4051010.75,2526.54,3155,1536,781.2,0.205,1,stable
733493.50,4051010.75,2526.98,3154,1534,782.2,0.206,1,stable
733494.50,4051010.75,2527.56,3153,1531,783.2,0.206,1,stable
733497.50,4051010.75,2529.59,3150,1523,786.3,0.207,1,stable
733498.50,4051010.75,2530.19,3149,1520,787.4,0.207,1,stable
733501.50,4051010.75,2531.69,3146,1514,790.4,0.208,1,stable
733079.50,4051009.75,2436.23,4033,2091,384.6,0.101,1,stable
733080.50,4051009.75,2436.73,4029,2086,385.5,0.101,1,stable
733083.50,4051009.75,2438.04,4016,2071,388.1,0.102,1,stable
733101.50,4051009.75,2440.75,3943,2036,404.4,0.106,1,stable
733102.50,4051009.75,2440.74,3939,2036,405.4,0.107,1,stable
733103.50,4051009.75,2440.74,3935,2035,406.3,0.107,1,stable
733104.50,4051009.75,2440.71,3931,2035,407.2,0.107,1,stable
733302.50,4051009.75,2445.57,3415,1951,593.9,0.156,1,stable
733303.50,4051009.75,2446.34,3413,1946,594.9,0.156,1,stable
733304.50,4051009.75,2446.91,3411,1942,595.8,0.157,1,stable
733305.50,4051009.75,2447.91,3409,1936,596.8,0.157,1,stable
733306.50,4051009.75,2447.91,3408,1936,597.7,0.157,1,stable
733307.50,4051009.75,2448.38,3406,1933,598.7,0.157,1,stable
733308.50,4051009.75,2448.99,3404,1929,599.7,0.158,1,stable
733309.50,4051009.75,2449.57,3403,1925,600.6,0.158,1,stable
733310.50,4051009.75,2450.04,3401,1922,601.6,0.158,1,stable
733311.50,4051009.75,2451.18,3399,1915,602.5,0.158,1,stable
733312.50,4051009.75,2451.84,3397,1910,603.5,0.159,1,stable
733484.50,4051009.75,2521.63,3169,1556,773.2,0.203,1,stable
733485.50,4051009.75,2523.07,3168,1550,774.3,0.203,1,stable
733486.50,4051009.75,2523.64,3167,1547,775.3,0.204,1,stable
733487.50,4051009.75,2524.26,3165,1545,776.3,0.204,1,stable
733488.50,4051009.75,2524.90,3164,1542,777.4,0.204,1,stable
733490.50,4051009.75,2526.21,3162,1536,779.4,0.205,1,stable
733494.50,4051009.75,2527.60,3158,1531,783.4,0.206,1,stable
733495.50,4051009.75,2528.56,3157,1527,784.5,0.206,1,stable
733498.50,4051009.75,2529.95,3154,1521,787.5,0.207,1,stable
733502.50,4051009.75,2531.98,3150,1513,791.6,0.208,1,stable
733076.50,4051008.75,2435.61,4056,2099,382.4,0.100,1,stable
733078.50,4051008.75,2436.09,4047,2093,384.1,0.101,1,stable
733079.50,4051008.75,2436.57,4043,2088,385.0,0.101,1,stable
733080.50,4051008.75,2437.13,4039,2082,385.9,0.101,1,stable
733084.50,4051008.75,2439.32,4022,2057,389.4,0.102,1,stable
733102.50,4051008.75,2441.17,3948,2031,405.7,0.107,1,stable
733103.50,4051008.75,2441.17,3944,2031,406.7,0.107,1,stable
733104.50,4051008.75,2441.26,3940,2030,407.6,0.107,1,stable
733105.50,4051008.75,2441.32,3936,2029,408.5,0.107,1,stable
733299.50,4051008.75,2443.04,3426,1968,591.4,0.155,1,stable
733304.50,4051008.75,2446.35,3417,1946,596.1,0.157,1,stable
733305.50,4051008.75,2447.48,3416,1939,597.1,0.157,1,stable
733306.50,4051008.75,2447.48,3414,1939,598.0,0.157,1,stable
733307.50,4051008.75,2448.02,3412,1935,599.0,0.157,1,stable
733308.50,4051008.75,2448.60,3410,1931,599.9,0.158,1,stable
733309.50,4051008.75,2449.19,3409,1927,600.9,0.158,1,stable
733310.50,4051008.75,2449.69,3407,1924,601.8,0.158,1,stable
733311.50,4051008.75,2450.83,3405,1917,602.8,0.158,1,stable
733312.50,4051008.75,2451.51,3404,1912,603.7,0.159,1,stable
733313.50,4051008.75,2452.09,3402,1909,604.7,0.159,1,stable
733362.50,4051008.75,2473.64,3325,1780,652.2,0.171,1,stable
733363.50,4051008.75,2474.10,3323,1777,653.2,0.172,1,stable
733485.50,4051008.75,2523.17,3172,1549,774.5,0.204,1,stable
733491.50,4051008.75,2526.18,3166,1537,780.6,0.205,1,stable
733493.50,4051008.75,2527.09,3164,1533,782.6,0.206,1,stable
733499.50,4051008.75,2530.37,3158,1520,788.8,0.207,1,stable
733500.50,4051008.75,2530.37,3157,1520,789.7,0.208,1,stable
733076.50,4051007.75,2435.95,4066,2096,382.8,0.101,1,stable
733077.50,4051007.75,2435.95,4061,2095,383.7,0.101,1,stable
733078.50,4051007.75,2436.51,4057,2089,384.5,0.101,1,stable
733079.50,4051007.75,2436.87,4053,2085,385.4,0.101,1,stable
733084.50,4051007.75,2439.75,4031,2053,389.8,0.102,1,stable
733102.50,4051007.75,2441.58,3957,2027,406.1,0.107,1,stable
733103.50,4051007.75,2441.58,3953,2027,407.0,0.107,1,stable
733104.50,4051007.75,2441.66,3949,2026,407.9,0.107,1,stable
733305.50,4051007.75,2447.07,3422,1941,597.3,0.157,1,stable
733306.50,4051007.75,2447.07,3420,1941,598.3,0.157,1,stable
733307.50,4051007.75,2447.61,3418,1938,599.3,0.157,1,stable
733308.50,4051007.75,2448.24,3417,1933,600.2,0.158,1,stable
733309.50,4051007.75,2448.89,3415,1929,601.2,0.158,1,stable
733310.50,4051007.75,2449.40,3413,1926,602.1,0.158,1,stable
733311.50,4051007.75,2450.65,3411,1918,603.1,0.158,1,stable
733312.50,4051007.75,2451.23,3410,1914,604.0,0.159,1,stable
733313.50,4051007.75,2451.80,3408,1910,605.0,0.159,1,stable
733314.50,4051007.75,2451.80,3406,1910,605.9,0.159,1,stable
733315.50,4051007.75,2452.37,3405,1907,606.9,0.159,1,stable
733316.50,4051007.75,2452.96,3403,1903,607.9,0.160,1,stable
733485.50,4051007.75,2523.29,3177,1549,774.7,0.204,1,stable
733492.50,4051007.75,2526.79,3170,1534,781.8,0.205,1,stable
733496.50,4051007.75,2528.87,3166,1526,785.9,0.207,1,stable
733516.50,4051007.75,2532.58,3146,1517,805.7,0.212,1,stable
733076.50,4051006.75,2436.26,4075,2092,383.2,0.101,1,stable
733077.50,4051006.75,2436.26,4071,2092,384.1,0.101,1,stable
733078.50,4051006.75,2436.84,4067,2085,384.9,0.101,1,stable
733079.50,4051006.75,2437.31,4062,2080,385.8,0.101,1,stable
733080.50,4051006.75,2437.84,4058,2074,386.7,0.102,1,stable
733084.50,4051006.75,2440.15,4041,2049,390.2,0.103,1,stable
733097.50,4051006.75,2442.28,3986,2022,401.9,0.106,1,stable
733098.50,4051006.75,2442.24,3982,2022,402.8,0.106,1,stable
733099.50,4051006.75,2442.21,3978,2022,403.8,0.106,1,stable
733101.50,4051006.75,2442.32,3970,2020,405.6,0.107,1,stable
733305.50,4051006.75,2446.69,3428,1944,597.6,0.157,1,stable
733306.50,4051006.75,2446.69,3426,1943,598.6,0.157,1,stable
733307.50,4051006.75,2447.33,3424,1939,599.5,0.158,1,stable
733308.50,4051006.75,2447.97,3423,1935,600.5,0.158,1,stable
733309.50,4051006.75,2448.56,3421,1931,601.4,0.158,1,stable
733313.50,4051006.75,2451.53,3414,1912,605.2,0.159,1,stable
733315.50,4051006.75,2452.14,3411,1908,607.2,0.160,1,stable
733317.50,4051006.75,2453.86,3407,1897,609.1,0.160,1,stable
733319.50,4051006.75,2454.96,3404,1890,611.0,0.161,1,stable
733324.50,4051006.75,2456.74,3396,1879,615.8,0.162,1,stable
733325.50,4051006.75,2457.18,3394,1876,616.8,0.162,1,stable
733354.50,4051006.75,2470.81,3348,1795,644.9,0.169,1,stable
733355.50,4051006.75,2471.26,3347,1793,645.9,0.170,1,stable
733366.50,4051006.75,2475.99,3330,1766,656.6,0.173,1,stable
733367.50,4051006.75,2475.99,3329,1767,657.6,0.173,1,stable
733368.50,4051006.75,2476.51,3327,1764,658.6,0.173,1,stable
733512.50,4051006.75,2530.95,3154,1523,801.9,0.211,1,stable
733513.50,4051006.75,2531.37,3153,1521,802.9,0.211,1,stable
733517.50,4051006.75,2532.61,3150,1517,806.9,0.212,0,stable
733076.50,4051005.75,2436.03,4085,2095,383.6,0.101,1,stable
733077.50,4051005.75,2436.86,4081,2086,384.5,0.101,1,stable
733078.50,4051005.75,2437.48,4076,2079,385.3,0.101,1,stable
733079.50,4051005.75,2438.00,4072,2073,386.2,0.101,1,stable
733080.50,4051005.75,2438.43,4067,2068,387.1,0.102,1,stable
733100.50,4051005.75,2442.71,3983,2017,405.1,0.106,1,stable
733101.50,4051005.75,2442.78,3979,2016,406.0,0.107,1,stable
733102.50,4051005.75,2442.79,3975,2015,406.9,0.107,1,stable
733304.50,4051005.75,2445.00,3436,1955,597.0,0.157,1,stable
733306.50,4051005.75,2446.37,3432,1945,598.9,0.157,1,stable
733307.50,4051005.75,2447.04,3431,1941,599.8,0.158,1,stable
733309.50,4051005.75,2448.26,3427,1933,601.7,0.158,1,stable
733352.50,4051005.75,2469.96,3357,1800,643.2,0.169,1,stable
733354.50,4051005.75,2471.15,3354,1793,645.2,0.170,1,stable
733355.50,4051005.75,2471.60,3352,1791,646.1,0.170,1,stable
733356.50,4051005.75,2472.06,3351,1788,647.1,0.170,1,stable
733365.50,4051005.75,2475.86,3337,1767,655.9,0.172,1,stable
733366.50,4051005.75,2476.34,3336,1764,656.9,0.173,1,stable
733367.50,4051005.75,2476.34,3334,1765,657.9,0.173,1,stable
733368.50,4051005.75,2476.92,3333,1761,658.8,0.173,1,stable
733513.50,4051005.75,2531.54,3158,1521,803.1,0.211,1,stable
733518.50,4051005.75,2533.63,3153,1513,808.2,0.212,1,stable
733076.50,4051004.75,2436.52,4095,2089,384.0,0.101,1,stable
733077.50,4051004.75,2437.20,4090,2082,384.9,0.101,1,stable
733078.50,4051004.75,2437.79,4086,2075,385.8,0.101,1,stable
733079.50,4051004.75,2438.30,4081,2070,386.6,0.102,1,stable
733098.50,4051004.75,2442.61,4000,2018,403.6,0.106,1,stable
733099.50,4051004.75,2442.60,3996,2018,404.6,0.106,1,stable
733100.50,4051004.75,2442.71,3992,2017,405.5,0.107,1,stable
733101.50,4051004.75,2442.78,3988,2016,406.4,0.107,1,stable
733102.50,4051004.75,2442.78,3984,2015,407.3,0.107,1,stable
733103.50,4051004.75,2442.79,3980,2015,408.2,0.107,1,stable
733104.50,4051004.75,2442.85,3976,2014,409.1,0.108,1,stable
733333.50,4051004.75,2461.74,3393,1848,625.0,0.164,1,stable
733352.50,4051004.75,2470.04,3363,1800,643.5,0.169,1,stable
733353.50,4051004.75,2470.37,3361,1798,644.4,0.169,1,stable
733354.50,4051004.75,2471.34,3360,1792,645.4,0.170,1,stable
733355.50,4051004.75,2471.77,3358,1790,646.4,0.170,1,stable
733356.50,4051004.75,2472.13,3357,1788,647.4,0.170,1,stable
733357.50,4051004.75,2472.13,3355,1788,648.3,0.170,1,stable
733358.50,4051004.75,2472.50,3354,1786,649.3,0.171,1,stable
733366.50,4051004.75,2476.18,3342,1765,657.1,0.173,1,stable
733367.50,4051004.75,2476.65,3340,1763,658.1,0.173,1,stable
733368.50,4051004.75,2477.29,3339,1759,659.1,0.173,1,stable
733517.50,4051004.75,2533.06,3159,1515,807.4,0.212,1,stable
733518.50,4051004.75,2534.11,3158,1511,808.4,0.212,1,stable
733077.50,4051003.75,2437.57,4100,2078,385.3,0.101,1,stable
733078.50,4051003.75,2438.14,4095,2072,386.2,0.101,1,stable
733079.50,4051003.75,2438.68,4091,2066,387.0,0.102,1,stable
733102.50,4051003.75,2443.13,3993,2012,407.7,0.107,1,stable
733103.50,4051003.75,2443.26,3989,2010,408.6,0.107,1,stable
733339.50,4051003.75,2466.34,3389,1820,631.1,0.166,1,stable
733351.50,4051003.75,2469.84,3370,1801,642.8,0.169,1,stable
733352.50,4051003.75,2470.04,3368,1800,643.7,0.169,1,stable
733353.50,4051003.75,2470.37,3367,1798,644.7,0.169,1,stable
733356.50,4051003.75,2472.35,3362,1786,647.6,0.170,1,stable
733357.50,4051003.75,2472.35,3361,1786,648.6,0.170,1,stable
733358.50,4051003.75,2472.84,3359,1784,649.6,0.171,1,stable
733365.50,4051003.75,2476.63,3349,1762,656.4,0.172,1,stable
733366.50,4051003.75,2476.63,3347,1763,657.4,0.173,1,stable
733367.50,4051003.75,2477.19,3346,1760,658.4,0.173,1,stable
733368.50,4051003.75,2477.76,3344,1756,659.4,0.173,1,stable
733516.50,4051003.75,2532.72,3164,1516,806.6,0.212,1,stable
733517.50,4051003.75,2533.17,3163,1515,807.6,0.212,1,stable
733077.50,4051002.75,2437.92,4109,2074,385.7,0.101,1,stable
733078.50,4051002.75,2438.46,4105,2068,386.6,0.102,1,stable
733085.50,4051002.75,2441.94,4074,2030,392.7,0.103,1,stable
733093.50,4051002.75,2444.07,4039,2005,399.9,0.105,1,stable
733094.50,4051002.75,2444.00,4035,2006,400.8,0.105,1,stable
733340.50,4051002.75,2465.83,3393,1824,632.3,0.166,1,stable
733341.50,4051002.75,2466.49,3392,1820,633.3,0.166,1,stable
733342.50,4051002.75,2467.28,3390,1815,634.3,0.167,1,stable
733351.50,4051002.75,2469.92,3376,1800,643.0,0.169,1,stable
733352.50,4051002.75,2470.20,3374,1799,644.0,0.169,1,stable
733353.50,4051002.75,2470.52,3373,1797,645.0,0.169,1,stable
733356.50,4051002.75,2471.88,3368,1789,647.9,0.170,1,stable
733358.50,4051002.75,2472.95,3365,1783,649.8,0.171,1,stable
733359.50,4051002.75,2473.44,3363,1780,650.8,0.171,1,stable
733364.50,4051002.75,2476.34,3356,1764,655.7,0.172,1,stable
733365.50,4051002.75,2476.34,3354,1764,656.7,0.173,1,stable
733366.50,4051002.75,2476.80,3353,1762,657.7,0.173,1,stable
733367.50,4051002.75,2477.43,3351,1758,658.6,0.173,1,stable
733368.50,4051002.75,2477.90,3350,1756,659.6,0.173,1,stable
733074.50,4051001.75,2437.20,4133,2083,383.5,0.101,1,stable
733076.50,4051001.75,2437.72,4123,2077,385.3,0.101,1,stable
733077.50,4051001.75,2438.22,4119,2071,386.1,0.101,1,stable
733090.50,4051001.75,2444.01,4061,2007,397.6,0.104,1,stable
733091.50,4051001.75,2444.25,4057,2004,398.5,0.105,1,stable
733092.50,4051001.75,2444.42,4053,2002,399.4,0.105,1,stable
733093.50,4051001.75,2444.42,4049,2002,400.3,0.105,1,stable
733094.50,4051001.75,2444.49,4044,2001,401.2,0.105,1,stable
733095.50,4051001.75,2444.47,4040,2001,402.1,0.106,1,stable
733103.50,4051001.75,2444.11,4007,2002,409.4,0.108,1,stable
733104.50,4051001.75,2444.17,4003,2001,410.3,0.108,1,stable
733341.50,4051001.75,2466.26,3397,1821,633.6,0.166,1,stable
733342.50,4051001.75,2467.00,3396,1817,634.6,0.167,1,stable
733343.50,4051001.75,2467.70,3394,1813,635.5,0.167,1,stable
733344.50,4051001.75,2468.29,3393,1809,636.5,0.167,1,stable
733364.50,4051001.75,2476.52,3362,1763,656.0,0.172,1,stable
733366.50,4051001.75,2476.95,3358,1761,657.9,0.173,1,stable
733367.50,4051001.75,2477.45,3357,1758,658.9,0.173,1,stable
733368.50,4051001.75,2477.99,3355,1755,659.9,0.173,1,stable
733369.50,4051001.75,2478.54,3354,1752,660.9,0.174,1,stable
733074.50,4051000.75,2437.60,4142,2079,383.9,0.101,1,stable
733075.50,4051000.75,2438.06,4138,2074,384.8,0.101,1,stable
733076.50,4051000.75,2438.06,4133,2073,385.7,0.101,1,stable
733077.50,4051000.75,2438.57,4128,2067,386.6,0.102,1,stable
733078.50,4051000.75,2439.05,4124,2062,387.4,0.102,1,stable
733088.50,4051000.75,2443.71,4079,2010,396.2,0.104,1,stable
733089.50,4051000.75,2443.98,4075,2007,397.1,0.104,1,stable
733091.50,4051000.75,2444.52,4066,2001,398.9,0.105,1,stable
733092.50,4051000.75,2444.89,4062,1997,399.8,0.105,1,stable
733093.50,4051000.75,2444.89,4058,1997,400.7,0.105,1,stable
733094.50,4051000.75,2445.00,4053,1996,401.6,0.106,1,stable
733104.50,4051000.75,2444.76,4012,1995,410.7,0.108,1,stable
733343.50,4051000.75,2467.36,3400,1815,635.8,0.167,1,stable
733344.50,4051000.75,2467.96,3398,1811,636.8,0.167,1,stable
733345.50,4051000.75,2468.48,3397,1808,637.7,0.168,1,stable
733366.50,4051000.75,2477.19,3364,1759,658.2,0.173,1,stable
733368.50,4051000.75,2478.12,3361,1754,660.1,0.173,1,stable
733369.50,4051000.75,2478.67,3360,1751,661.1,0.174,1,stable
733076.50,4050999.75,2438.38,4142,2070,386.1,0.101,1,stable
733077.50,4050999.75,2438.96,4138,2063,387.0,0.102,1,stable
733078.50,4050999.75,2439.47,4133,2057,387.8,0.102,1,stable
733091.50,4050999.75,2444.73,4075,1999,399.3,0.105,1,stable
733092.50,4050999.75,2445.18,4071,1994,400.2,0.105,1,stable
733093.50,4050999.75,2445.18,4067,1994,401.1,0.105,1,stable
733094.50,4050999.75,2445.43,4063,1991,402.0,0.106,1,stable
733095.50,4050999.75,2445.66,4058,1989,402.9,0.106,1,stable
733104.50,4050999.75,2445.40,4021,1989,411.1,0.108,1,stable
733105.50,4050999.75,2445.47,4017,1988,412.0,0.108,1,stable
733107.50,4050999.75,2445.73,4009,1985,413.8,0.109,1,stable
733345.50,4050999.75,2468.30,3403,1809,638.0,0.168,1,stable
733346.50,4050999.75,2468.84,3401,1806,639.0,0.168,1,stable
733347.50,4050999.75,2469.20,3399,1804,639.9,0.168,1,stable
733348.50,4050999.75,2469.20,3398,1804,640.9,0.168,1,stable
733369.50,4050999.75,2478.83,3365,1750,661.4,0.174,1,stable
733370.50,4050999.75,2479.34,3364,1748,662.4,0.174,1,stable
733076.50,4050998.75,2438.38,4152,2069,386.6,0.102,1,stable
733077.50,4050998.75,2438.96,4147,2063,387.4,0.102,1,stable
733078.50,4050998.75,2439.47,4143,2057,388.3,0.102,1,stable
733087.50,4050998.75,2443.80,4102,2010,396.2,0.104,1,stable
733092.50,4050998.75,2445.04,4080,1996,400.6,0.105,1,stable
733093.50,4050998.75,2445.38,4076,1992,401.5,0.106,1,stable
733094.50,4050998.75,2445.72,4072,1988,402.4,0.106,1,stable
733095.50,4050998.75,2445.88,4067,1987,403.3,0.106,1,stable
733096.50,4050998.75,2445.74,4063,1988,404.2,0.106,1,stable
733097.50,4050998.75,2445.63,4059,1988,405.1,0.106,1,stable
733099.50,4050998.75,2445.65,4050,1988,407.0,0.107,1,stable
733100.50,4050998.75,2445.69,4046,1987,407.9,0.107,1,stable
733101.50,4050998.75,2445.69,4042,1987,408.8,0.107,1,stable
733107.50,4050998.75,2446.12,4018,1981,414.2,0.109,1,stable
733108.50,4050998.75,2446.25,4014,1980,415.1,0.109,1,stable
733346.50,4050998.75,2468.86,3407,1806,639.2,0.168,1,stable
733347.50,4050998.75,2469.19,3405,1804,640.2,0.168,1,stable
733348.50,4050998.75,2469.19,3404,1804,641.2,0.168,1,stable
733349.50,4050998.75,2469.49,3402,1802,642.1,0.169,1,stable
733369.50,4050998.75,2478.83,3371,1750,661.7,0.174,1,stable
733370.50,4050998.75,2479.34,3369,1748,662.6,0.174,1,stable
733378.50,4050998.75,2483.87,3357,1723,670.5,0.176,1,stable
733379.50,4050998.75,2484.41,3356,1720,671.5,0.176,1,stable
733075.50,4050997.75,2438.16,4166,2072,386.1,0.101,1,stable
733076.50,4050997.75,2438.76,4161,2065,387.0,0.102,1,stable
733077.50,4050997.75,2439.40,4157,2058,387.8,0.102,1,stable
733078.50,4050997.75,2439.98,4152,2052,388.7,0.102,1,stable
733087.50,4050997.75,2443.87,4111,2009,396.6,0.104,1,stable
733088.50,4050997.75,2444.06,4107,2007,397.5,0.104,1,stable
733089.50,4050997.75,2444.31,4103,2004,398.4,0.105,1,stable
733094.50,4050997.75,2445.82,4081,1987,402.9,0.106,1,stable
733095.50,4050997.75,2446.02,4077,1985,403.8,0.106,1,stable
733096.50,4050997.75,2446.28,4072,1982,404.7,0.106,1,stable
733097.50,4050997.75,2446.45,4068,1980,405.6,0.107,1,stable
733105.50,4050997.75,2447.08,4035,1972,412.8,0.108,1,stable
733106.50,4050997.75,2447.02,4031,1973,413.7,0.109,1,stable
733107.50,4050997.75,2446.72,4026,1975,414.6,0.109,1,stable
733108.50,4050997.75,2446.66,4022,1976,415.5,0.109,1,stable
733371.50,4050997.75,2480.06,3373,1744,663.9,0.174,1,stable
733378.50,4050997.75,2483.76,3363,1724,670.8,0.176,1,stable
733493.50,4050997.75,2527.40,3217,1532,785.0,0.206,1,stable
733494.50,4050997.75,2528.16,3216,1529,786.0,0.207,1,stable
733075.50,4050996.75,2438.84,4176,2065,386.5,0.102,1,stable
733076.50,4050996.75,2439.37,4171,2059,387.4,0.102,1,stable
733077.50,4050996.75,2439.89,4166,2053,388.3,0.102,1,stable
733078.50,4050996.75,2440.46,4162,2047,389.1,0.102,1,stable
733086.50,4050996.75,2443.41,4125,2014,396.2,0.104,1,stable
733088.50,4050996.75,2443.87,4116,2008,398.0,0.105,1,stable
733089.50,4050996.75,2444.11,4112,2006,398.8,0.105,1,stable
733090.50,4050996.75,2444.40,4107,2002,399.7,0.105,1,stable
733091.50,4050996.75,2444.66,4103,2000,400.6,0.105,1,stable
733095.50,4050996.75,2445.91,4086,1986,404.2,0.106,1,stable
733096.50,4050996.75,2446.36,4081,1981,405.1,0.106,1,stable
733097.50,4050996.75,2446.58,4077,1979,406.0,0.107,1,stable
733106.50,4050996.75,2447.32,4039,1970,414.1,0.109,1,stable
733107.50,4050996.75,2447.01,4035,1972,415.0,0.109,0,stable
733108.50,4050996.75,2446.95,4031,1973,415.9,0.109,0,stable
733109.50,4050996.75,2446.91,4027,1973,416.8,0.110,1,stable
733371.50,4050996.75,2480.21,3379,1743,664.2,0.175,1,stable
733372.50,4050996.75,2481.23,3377,1737,665.2,0.175,1,stable
733374.50,4050996.75,2481.71,3374,1735,667.1,0.175,1,stable
733494.50,4050996.75,2527.92,3220,1530,786.2,0.207,1,stable
733495.50,4050996.75,2528.07,3219,1530,787.2,0.207,1,stable
733076.50,4050995.75,2439.66,4180,2056,387.8,0.102,1,stable
733077.50,4050995.75,2440.05,4176,2051,388.7,0.102,1,stable
733078.50,4050995.75,2440.54,4171,2046,389.6,0.102,1,stable
733085.50,4050995.75,2443.16,4139,2016,395.7,0.104,1,stable
733087.50,4050995.75,2443.66,4130,2011,397.5,0.104,1,stable
733088.50,4050995.75,2443.87,4125,2008,398.4,0.105,1,stable
733089.50,4050995.75,2443.77,4121,2009,399.3,0.105,1,stable
733090.50,4050995.75,2444.04,4116,2006,400.2,0.105,1,stable
733092.50,4050995.75,2444.48,4108,2001,402.0,0.106,1,stable
733093.50,4050995.75,2444.83,4103,1997,402.9,0.106,1,stable
733096.50,4050995.75,2446.36,4090,1981,405.5,0.107,1,stable
733097.50,4050995.75,2446.59,4086,1979,406.4,0.107,1,stable
733098.50,4050995.75,2446.91,4082,1975,407.3,0.107,1,stable
733107.50,4050995.75,2447.33,4044,1969,415.4,0.109,0,stable
733109.50,4050995.75,2447.17,4036,1970,417.2,0.110,1,stable
733110.50,4050995.75,2447.17,4032,1970,418.2,0.110,1,stable
733372.50,4050995.75,2481.29,3383,1737,665.4,0.175,1,stable
733373.50,4050995.75,2481.29,3382,1737,666.4,0.175,1,stable
733374.50,4050995.75,2481.79,3380,1734,667.4,0.175,1,stable
733375.50,4050995.75,2482.27,3378,1732,668.3,0.176,1,stable
733377.50,4050995.75,2483.25,3375,1727,670.3,0.176,1,stable
733495.50,4050995.75,2527.66,3224,1532,787.4,0.207,1,stable
733496.50,4050995.75,2527.64,3223,1532,788.4,0.207,1,stable
733505.50,4050995.75,2528.66,3213,1531,797.2,0.209,1,stable
733506.50,4050995.75,2528.66,3212,1532,798.2,0.210,0,stable
733507.50,4050995.75,2529.01,3211,1531,799.2,0.210,1,stable
733072.50,4050994.75,2438.38,4209,2071,384.8,0.101,1,stable
733073.50,4050994.75,2439.04,4204,2064,385.7,0.101,1,stable
733074.50,4050994.75,2439.46,4200,2059,386.5,0.102,1,stable
733075.50,4050994.75,2439.46,4195,2058,387.4,0.102,1,stable
733076.50,4050994.75,2439.76,4190,2055,388.3,0.102,1,stable
733077.50,4050994.75,2440.19,4185,2050,389.2,0.102,1,stable
733078.50,4050994.75,2440.61,4180,2045,390.0,0.102,1,stable
733087.50,4050994.75,2443.13,4139,2016,398.0,0.105,0,stable
733088.50,4050994.75,2443.48,4135,2012,398.8,0.105,1,stable
733089.50,4050994.75,2443.77,4130,2009,399.7,0.105,1,stable
733090.50,4050994.75,2444.04,4126,2006,400.6,0.105,1,stable
733093.50,4050994.75,2444.33,4112,2002,403.3,0.106,1,stable
733094.50,4050994.75,2444.81,4108,1997,404.2,0.106,1,stable
733095.50,4050994.75,2445.25,4104,1992,405.1,0.106,1,stable
733097.50,4050994.75,2446.33,4095,1981,406.8,0.107,1,stable
733098.50,4050994.75,2446.75,4091,1977,407.7,0.107,1,stable
733099.50,4050994.75,2447.11,4087,1973,408.6,0.107,1,stable
733105.50,4050994.75,2447.80,4061,1965,414.0,0.109,1,stable
733106.50,4050994.75,2447.80,4057,1965,414.9,0.109,1,stable
733370.50,4050994.75,2479.88,3392,1744,663.7,0.174,1,stable
733371.50,4050994.75,2480.42,3390,1742,664.7,0.175,1,stable
733372.50,4050994.75,2481.31,3389,1737,665.7,0.175,1,stable
733373.50,4050994.75,2481.31,3387,1737,666.6,0.175,1,stable
733374.50,4050994.75,2481.87,3386,1734,667.6,0.175,1,stable
733375.50,4050994.75,2482.37,3384,1731,668.6,0.176,1,stable
733376.50,4050994.75,2482.91,3383,1728,669.6,0.176,1,stable
733377.50,4050994.75,2483.38,3381,1726,670.6,0.176,1,stable
733381.50,4050994.75,2485.54,3375,1714,674.5,0.177,1,stable
733382.50,4050994.75,2485.54,3374,1715,675.5,0.177,1,stable
733504.50,4050994.75,2528.54,3219,1532,796.5,0.209,1,stable
733505.50,4050994.75,2528.54,3218,1532,797.4,0.210,1,stable
733506.50,4050994.75,2528.92,3217,1531,798.4,0.210,1,stable
733507.50,4050994.75,2529.25,3216,1529,799.4,0.210,0,stable
733072.50,4050993.75,2438.37,4219,2071,385.3,0.101,1,stable
733073.50,4050993.75,2439.09,4214,2063,386.1,0.101,1,stable
733076.50,4050993.75,2439.80,4199,2054,388.7,0.102,1,stable
733077.50,4050993.75,2440.21,4195,2049,389.6,0.102,1,stable
733078.50,4050993.75,2440.55,4190,2046,390.5,0.103,1,stable
733079.50,4050993.75,2440.92,4185,2041,391.4,0.103,1,stable
733088.50,4050993.75,2443.14,4144,2015,399.3,0.105,1,stable
733089.50,4050993.75,2443.45,4139,2012,400.2,0.105,1,stable
733090.50,4050993.75,2443.67,4135,2009,401.1,0.105,1,stable
733091.50,4050993.75,2443.84,4130,2007,402.0,0.106,1,stable
733092.50,4050993.75,2444.02,4126,2005,402.9,0.106,1,stable
733096.50,4050993.75,2445.46,4108,1990,406.4,0.107,1,stable
733097.50,4050993.75,2445.89,4104,1985,407.3,0.107,1,stable
733098.50,4050993.75,2446.31,4100,1981,408.2,0.107,1,stable
733099.50,4050993.75,2446.75,4095,1977,409.1,0.107,1,stable
733100.50,4050993.75,2446.75,4091,1976,410.0,0.108,1,stable
733371.50,4050993.75,2480.35,3396,1742,664.9,0.175,1,stable
733372.50,4050993.75,2481.29,3394,1737,665.9,0.175,1,stable
733373.50,4050993.75,2481.29,3393,1737,666.9,0.175,1,stable
733374.50,4050993.75,2481.84,3391,1734,667.9,0.176,1,stable
733381.50,4050993.75,2485.57,3380,1714,674.8,0.177,1,stable
733383.50,4050993.75,2486.05,3378,1712,676.7,0.178,1,stable
733505.50,4050993.75,2528.67,3223,1531,797.7,0.210,1,stable
733506.50,4050993.75,2529.34,3222,1529,798.7,0.210,1,stable
733507.50,4050993.75,2529.49,3220,1528,799.7,0.210,1,stable
733508.50,4050993.75,2529.76,3219,1527,800.7,0.210,1,stable
733509.50,4050993.75,2530.15,3218,1526,801.7,0.211,1,stable
733510.50,4050993.75,2530.56,3217,1525,802.7,0.211,1,stable
733079.50,4050992.75,2440.73,4194,2043,391.8,0.103,1,stable
733080.50,4050992.75,2441.08,4190,2039,392.7,0.103,1,stable
733081.50,4050992.75,2441.37,4185,2036,393.6,0.103,1,stable
733088.50,4050992.75,2442.73,4153,2019,399.8,0.105,1,stable
733089.50,4050992.75,2443.00,4148,2016,400.6,0.105,1,stable
733090.50,4050992.75,2443.24,4144,2014,401.5,0.106,1,stable
733091.50,4050992.75,2443.50,4139,2011,402.4,0.106,1,stable
733092.50,4050992.75,2443.64,4135,2009,403.3,0.106,0,stable
733093.50,4050992.75,2443.94,4130,2006,404.2,0.106,1,stable
733094.50,4050992.75,2444.36,4126,2001,405.1,0.106,1,stable
733095.50,4050992.75,2444.77,4122,1997,406.0,0.107,1,stable
733096.50,4050992.75,2445.46,4117,1990,406.8,0.107,1,stable
733097.50,4050992.75,2445.89,4113,1985,407.7,0.107,1,stable
733098.50,4050992.75,2446.31,4109,1981,408.6,0.107,1,stable
733099.50,4050992.75,2446.19,4104,1982,409.5,0.108,1,stable
733100.50,4050992.75,2446.19,4100,1982,410.4,0.108,1,stable
733101.50,4050992.75,2446.57,4096,1978,411.3,0.108,1,stable
733102.50,4050992.75,2446.94,4092,1974,412.2,0.108,1,stable
733109.50,4050992.75,2447.86,4062,1963,418.5,0.110,1,stable
733110.50,4050992.75,2447.81,4058,1964,419.4,0.110,1,stable
733381.50,4050992.75,2485.47,3386,1715,675.0,0.177,1,stable
733382.50,4050992.75,2485.47,3384,1715,676.0,0.178,1,stable
733383.50,4050992.75,2485.95,3383,1713,677.0,0.178,1,stable
733384.50,4050992.75,2486.76,3381,1708,678.0,0.178,1,stable
733507.50,4050992.75,2529.60,3225,1528,799.9,0.210,1,stable
733508.50,4050992.75,2529.92,3224,1527,800.9,0.210,1,stable
733509.50,4050992.75,2530.32,3223,1525,801.9,0.211,1,stable
733510.50,4050992.75,2530.65,3222,1524,802.9,0.211,1,stable
733511.50,4050992.75,2531.07,3221,1523,803.9,0.211,1,stable
733078.50,4050991.75,2440.13,4209,2050,391.4,0.103,1,stable
733079.50,4050991.75,2440.45,4204,2046,392.3,0.103,1,stable
733080.50,4050991.75,2440.72,4199,2043,393.2,0.103,1,stable
733081.50,4050991.75,2440.88,4194,2041,394.0,0.104,1,stable
733082.50,4050991.75,2441.15,4190,2037,394.9,0.104,1,stable
733090.50,4050991.75,2442.73,4153,2018,402.0,0.106,1,stable
733091.50,4050991.75,2443.04,4148,2015,402.9,0.106,1,stable
733092.50,4050991.75,2443.28,4144,2012,403.8,0.106,1,stable
733093.50,4050991.75,2443.57,4139,2009,404.7,0.106,1,stable
733094.50,4050991.75,2443.95,4135,2005,405.5,0.107,1,stable
733095.50,4050991.75,2444.33,4131,2001,406.4,0.107,1,stable
733096.50,4050991.75,2445.06,4126,1994,407.3,0.107,1,stable
733097.50,4050991.75,2445.42,4122,1990,408.2,0.107,1,stable
733098.50,4050991.75,2445.77,4118,1986,409.1,0.107,1,stable
733099.50,4050991.75,2446.19,4113,1982,410.0,0.108,1,stable
733100.50,4050991.75,2446.19,4109,1981,410.9,0.108,0,stable
733101.50,4050991.75,2446.57,4105,1978,411.7,0.108,1,stable
733102.50,4050991.75,2446.47,4100,1978,412.6,0.108,1,stable
733103.50,4050991.75,2446.90,4096,1974,413.5,0.109,1,stable
733110.50,4050991.75,2447.96,4067,1962,419.8,0.110,1,stable
733202.50,4050991.75,2434.08,3756,2053,505.0,0.133,1,stable
733381.50,4050991.75,2484.83,3391,1718,675.3,0.177,1,stable
733382.50,4050991.75,2485.37,3390,1716,676.3,0.178,1,stable
733383.50,4050991.75,2485.90,3388,1713,677.2,0.178,1,stable
733384.50,4050991.75,2486.77,3387,1708,678.2,0.178,1,stable
733385.50,4050991.75,2487.17,3385,1706,679.2,0.178,1,stable
733386.50,4050991.75,2487.69,3384,1703,680.2,0.179,1,stable
733509.50,4050991.75,2530.49,3228,1524,802.2,0.211,1,stable
733078.50,4050990.75,2439.93,4218,2052,391.9,0.103,1,stable
733079.50,4050990.75,2440.16,4213,2049,392.8,0.103,1,stable
733080.50,4050990.75,2440.33,4208,2047,393.6,0.103,1,stable
733081.50,4050990.75,2440.44,4204,2045,394.5,0.104,1,stable
733082.50,4050990.75,2440.64,4199,2042,395.4,0.104,1,stable
733083.50,4050990.75,2440.64,4194,2042,396.3,0.104,1,stable
733084.50,4050990.75,2440.89,4189,2039,397.2,0.104,1,stable
733085.50,4050990.75,2441.32,4185,2034,398.0,0.105,1,stable
733086.50,4050990.75,2441.59,4180,2031,398.9,0.105,1,stable
733089.50,4050990.75,2442.12,4166,2025,401.6,0.106,0,stable
733090.50,4050990.75,2442.39,4162,2022,402.5,0.106,1,stable
733091.50,4050990.75,2442.73,4157,2018,403.3,0.106,1,stable
733092.50,4050990.75,2443.00,4153,2015,404.2,0.106,1,stable
733093.50,4050990.75,2443.25,4148,2012,405.1,0.106,1,stable
733094.50,4050990.75,2443.53,4144,2009,406.0,0.107,1,stable
733095.50,4050990.75,2443.76,4140,2006,406.9,0.107,1,stable
733096.50,4050990.75,2444.55,4135,1998,407.8,0.107,1,stable
733097.50,4050990.75,2444.99,4131,1994,408.6,0.107,1,stable
733098.50,4050990.75,2445.26,4126,1991,409.5,0.108,1,stable
733099.50,4050990.75,2445.68,4122,1987,410.4,0.108,1,stable
733100.50,4050990.75,2445.68,4118,1986,411.3,0.108,0,stable
733101.50,4050990.75,2446.01,4113,1983,412.2,0.108,1,stable
733102.50,4050990.75,2446.47,4109,1978,413.1,0.109,1,stable
733103.50,4050990.75,2446.90,4105,1974,414.0,0.109,1,stable
733104.50,4050990.75,2447.27,4101,1970,414.9,0.109,1,stable
733352.50,4050990.75,2472.34,3443,1786,647.3,0.170,1,stable
733383.50,4050990.75,2485.95,3394,1713,677.5,0.178,1,stable
733385.50,4050990.75,2487.13,3391,1706,679.5,0.179,1,stable
733386.50,4050990.75,2487.64,3389,1704,680.5,0.179,1,stable
733387.50,4050990.75,2488.20,3388,1701,681.5,0.179,1,stable
733080.50,4050989.75,2440.11,4218,2049,394.1,0.104,1,stable
733081.50,4050989.75,2440.27,4213,2047,395.0,0.104,1,stable
733082.50,4050989.75,2440.45,4208,2044,395.9,0.104,1,stable
733083.50,4050989.75,2440.45,4203,2044,396.8,0.104,1,stable
733084.50,4050989.75,2440.62,4199,2042,397.6,0.104,0,stable
733085.50,4050989.75,2441.08,4194,2037,398.5,0.105,1,stable
733086.50,4050989.75,2441.33,4189,2034,399.4,0.105,1,stable
733090.50,4050989.75,2442.13,4171,2024,402.9,0.106,1,stable
733091.50,4050989.75,2442.44,4166,2021,403.8,0.106,1,stable
733092.50,4050989.75,2442.71,4162,2018,404.7,0.106,1,stable
733093.50,4050989.75,2442.97,4157,2015,405.6,0.107,1,stable
733094.50,4050989.75,2443.20,4153,2012,406.5,0.107,1,stable
733095.50,4050989.75,2443.44,4148,2010,407.3,0.107,1,stable
733096.50,4050989.75,2444.17,4144,2002,408.2,0.107,1,stable
733097.50,4050989.75,2444.69,4140,1997,409.1,0.107,1,stable
733098.50,4050989.75,2445.13,4135,1992,410.0,0.108,1,stable
733099.50,4050989.75,2445.33,4131,1990,410.9,0.108,1,stable
733100.50,4050989.75,2445.33,4127,1990,411.8,0.108,1,stable
733101.50,4050989.75,2445.57,4122,1987,412.6,0.108,0,stable
733102.50,4050989.75,2446.01,4118,1983,413.5,0.109,1,stable
733103.50,4050989.75,2446.46,4114,1978,414.4,0.109,1,stable
733104.50,4050989.75,2446.94,4110,1973,415.3,0.109,1,stable
733105.50,4050989.75,2447.23,4105,1970,416.2,0.109,1,stable
733351.50,4050989.75,2471.91,3450,1788,646.6,0.170,1,stable
733352.50,4050989.75,2472.34,3449,1786,647.5,0.170,1,stable
733353.50,4050989.75,2472.80,3447,1783,648.5,0.170,1,stable
733386.50,4050989.75,2487.63,3395,1704,680.7,0.179,1,stable
733387.50,4050989.75,2488.16,3393,1701,681.7,0.179,1,stable
733388.50,4050989.75,2488.66,3392,1698,682.7,0.179,1,stable
733389.50,4050989.75,2488.95,3390,1697,683.7,0.180,1,stable
733083.50,4050988.75,2440.38,4213,2044,397.2,0.104,1,stable
733084.50,4050988.75,2440.56,4208,2042,398.1,0.105,1,stable
733085.50,4050988.75,2440.93,4203,2038,399.0,0.105,1,stable
733086.50,4050988.75,2441.16,4198,2035,399.8,0.105,1,stable
733087.50,4050988.75,2441.37,4194,2033,400.7,0.105,1,stable
733088.50,4050988.75,2441.60,4189,2030,401.6,0.106,1,stable
733091.50,4050988.75,2442.06,4175,2024,404.3,0.106,1,stable
733092.50,4050988.75,2442.53,4171,2019,405.1,0.106,1,stable
733093.50,4050988.75,2442.72,4166,2017,406.0,0.107,1,stable
733094.50,4050988.75,2442.98,4162,2014,406.9,0.107,1,stable
733095.50,4050988.75,2443.24,4157,2011,407.8,0.107,1,stable
733096.50,4050988.75,2443.89,4153,2005,408.7,0.107,1,stable
733097.50,4050988.75,2444.24,4149,2001,409.5,0.108,1,stable
733098.50,4050988.75,2444.66,4144,1997,410.4,0.108,1,stable
733099.50,4050988.75,2444.66,4140,1996,411.3,0.108,1,stable
733100.50,4050988.75,2445.01,4135,1993,412.2,0.108,1,stable
733101.50,4050988.75,2445.36,4131,1989,413.1,0.109,1,stable
733102.50,4050988.75,2445.68,4127,1986,414.0,0.109,1,stable
733103.50,4050988.75,2446.17,4123,1981,414.9,0.109,1,stable
733104.50,4050988.75,2446.58,4118,1976,415.7,0.109,1,stable
733105.50,4050988.75,2446.87,4114,1973,416.6,0.109,1,stable
733106.50,4050988.75,2447.07,4110,1971,417.5,0.110,1,stable
733352.50,4050988.75,2472.06,3454,1787,647.8,0.170,1,stable
733353.50,4050988.75,2472.61,3453,1784,648.8,0.170,1,stable
733354.50,4050988.75,2473.06,3451,1782,649.8,0.171,1,stable
733388.50,4050988.75,2488.66,3397,1698,683.0,0.179,1,stable
733389.50,4050988.75,2489.02,3396,1697,684.0,0.180,1,stable
733390.50,4050988.75,2489.02,3394,1697,684.9,0.180,1,stable
733085.50,4050987.75,2440.85,4212,2039,399.4,0.105,1,stable
733086.50,4050987.75,2441.06,4208,2036,400.3,0.105,1,stable
733087.50,4050987.75,2441.32,4203,2033,401.2,0.105,1,stable
733088.50,4050987.75,2441.61,4198,2030,402.1,0.106,1,stable
733089.50,4050987.75,2441.81,4194,2028,402.9,0.106,1,stable
733092.50,4050987.75,2442.39,4180,2021,405.6,0.107,1,stable
733093.50,4050987.75,2442.68,4175,2017,406.5,0.107,1,stable
733094.50,4050987.75,2442.96,4171,2014,407.4,0.107,1,stable
733095.50,4050987.75,2443.11,4166,2013,408.2,0.107,1,stable
733096.50,4050987.75,2443.71,4162,2006,409.1,0.108,1,stable
733097.50,4050987.75,2444.02,4158,2003,410.0,0.108,1,stable
733098.50,4050987.75,2444.40,4153,1999,410.9,0.108,1,stable
733099.50,4050987.75,2444.40,4149,1999,411.8,0.108,1,stable
733100.50,4050987.75,2444.82,4144,1994,412.7,0.108,1,stable
733101.50,4050987.75,2445.10,4140,1991,413.5,0.109,1,stable
733102.50,4050987.75,2445.41,4136,1988,414.4,0.109,1,stable
733103.50,4050987.75,2445.86,4131,1983,415.3,0.109,1,stable
733104.50,4050987.75,2446.18,4127,1980,416.2,0.109,1,stable
733105.50,4050987.75,2446.55,4123,1976,417.1,0.110,1,stable
733106.50,4050987.75,2446.82,4119,1974,418.0,0.110,1,stable
733107.50,4050987.75,2447.42,4114,1968,418.9,0.110,1,stable
733207.50,4050987.75,2437.88,3771,2022,510.9,0.134,1,stable
733208.50,4050987.75,2437.98,3769,2021,511.8,0.134,1,stable
733209.50,4050987.75,2437.90,3766,2022,512.8,0.135,1,stable
733353.50,4050987.75,2472.48,3458,1785,649.1,0.171,1,stable
733354.50,4050987.75,2472.90,3457,1783,650.0,0.171,1,stable
733390.50,4050987.75,2489.13,3400,1696,685.2,0.180,1,stable
733391.50,4050987.75,2489.56,3398,1694,686.2,0.180,1,stable
733392.50,4050987.75,2489.94,3397,1692,687.2,0.181,1,stable
733086.50,4050986.75,2441.06,4217,2036,400.8,0.105,1,stable
733087.50,4050986.75,2441.32,4212,2033,401.6,0.106,1,stable
733088.50,4050986.75,2441.61,4207,2030,402.5,0.106,1,stable
733089.50,4050986.75,2441.81,4203,2027,403.4,0.106,1,stable
733090.50,4050986.75,2441.98,4198,2025,404.3,0.106,1,stable
733091.50,4050986.75,2441.98,4193,2025,405.2,0.106,1,stable
733094.50,4050986.75,2442.96,4180,2014,407.8,0.107,1,stable
733095.50,4050986.75,2443.11,4175,2012,408.7,0.107,1,stable
733096.50,4050986.75,2443.71,4171,2006,409.6,0.108,1,stable
733098.50,4050986.75,2444.40,4162,1999,411.3,0.108,1,stable
733099.50,4050986.75,2444.40,4158,1999,412.2,0.108,1,stable
733100.50,4050986.75,2444.82,4153,1994,413.1,0.109,1,stable
733101.50,4050986.75,2445.10,4149,1991,414.0,0.109,1,stable
733102.50,4050986.75,2445.41,4144,1988,414.9,0.109,1,stable
733103.50,4050986.75,2445.86,4140,1983,415.8,0.109,1,stable
733104.50,4050986.75,2446.18,4136,1980,416.6,0.109,1,stable
733105.50,4050986.75,2446.55,4132,1976,417.5,0.110,1,stable
733106.50,4050986.75,2446.82,4127,1973,418.4,0.110,1,stable
733107.50,4050986.75,2447.42,4123,1968,419.3,0.110,1,stable
733108.50,4050986.75,2447.42,4119,1967,420.2,0.110,1,stable
733208.50,4050986.75,2437.98,3776,2021,512.2,0.135,1,stable
733209.50,4050986.75,2437.90,3773,2022,513.1,0.135,1,stable
733210.50,4050986.75,2437.59,3770,2024,514.1,0.135,1,stable
733211.50,4050986.75,2437.37,3767,2025,515.0,0.135,1,stable
733212.50,4050986.75,2437.68,3765,2022,515.9,0.136,1,stable
733391.50,4050986.75,2489.56,3404,1694,686.4,0.180,1,stable
733392.50,4050986.75,2489.94,3402,1692,687.4,0.181,1,stable
733394.50,4050986.75,2490.63,3399,1689,689.4,0.181,1,stable
733089.50,4050985.75,2441.16,4212,2034,403.9,0.106,1,stable
733090.50,4050985.75,2441.43,4207,2031,404.8,0.106,1,stable
733091.50,4050985.75,2441.43,4202,2030,405.7,0.107,1,stable
733092.50,4050985.75,2441.93,4198,2025,406.5,0.107,0,stable
733093.50,4050985.75,2442.29,4193,2021,407.4,0.107,1,stable
733094.50,4050985.75,2442.63,4189,2017,408.3,0.107,1,stable
733097.50,4050985.75,2443.92,4175,2004,410.9,0.108,1,stable
733103.50,4050985.75,2445.59,4149,1986,416.2,0.109,1,stable
733104.50,4050985.75,2445.91,4145,1983,417.1,0.110,1,stable
733105.50,4050985.75,2446.18,4140,1980,418.0,0.110,1,stable
733106.50,4050985.75,2446.55,4136,1976,418.9,0.110,1,stable
733107.50,4050985.75,2447.33,4132,1968,419.7,0.110,1,stable
733108.50,4050985.75,2447.33,4128,1968,420.6,0.111,1,stable
733211.50,4050985.75,2437.69,3775,2023,515.4,0.135,1,stable
733212.50,4050985.75,2437.76,3772,2022,516.3,0.136,1,stable
733392.50,4050985.75,2490.19,3407,1691,687.7,0.181,1,stable
733393.50,4050985.75,2490.46,3406,1690,688.7,0.181,1,stable
733394.50,4050985.75,2490.83,3404,1688,689.7,0.181,1,stable
733395.50,4050985.75,2491.45,3403,1685,690.6,0.181,1,stable
733091.50,4050984.75,2441.16,4211,2033,406.1,0.107,1,stable
733092.50,4050984.75,2441.57,4207,2028,407.0,0.107,1,stable
733093.50,4050984.75,2441.93,4202,2024,407.9,0.107,1,stable
733094.50,4050984.75,2442.35,4198,2020,408.7,0.107,1,stable
733106.50,4050984.75,2446.48,4145,1977,419.3,0.110,1,stable
733107.50,4050984.75,2447.24,4141,1969,420.2,0.110,1,stable
733108.50,4050984.75,2447.24,4136,1969,421.1,0.111,1,stable
733212.50,4050984.75,2438.02,3779,2020,516.7,0.136,1,stable
733213.50,4050984.75,2438.02,3776,2019,517.6,0.136,1,stable
733394.50,4050984.75,2490.98,3410,1687,689.9,0.181,1,stable
733395.50,4050984.75,2491.72,3408,1683,690.9,0.182,1,stable
733396.50,4050984.75,2492.15,3407,1681,691.9,0.182,1,stable
733102.50,4050983.75,2445.18,4171,1990,416.2,0.109,1,stable
733107.50,4050983.75,2447.20,4149,1969,420.6,0.111,1,stable
733212.50,4050983.75,2438.65,3786,2015,517.0,0.136,1,stable
733213.50,4050983.75,2438.65,3783,2015,517.9,0.136,1,stable
733214.50,4050983.75,2438.67,3781,2014,518.9,0.136,1,stable
733215.50,4050983.75,2438.98,3778,2012,519.8,0.137,1,stable
733394.50,4050983.75,2491.23,3415,1686,690.2,0.181,1,stable
733395.50,4050983.75,2491.91,3414,1682,691.2,0.182,1,stable
733396.50,4050983.75,2492.23,3412,1681,692.2,0.182,1,stable
733397.50,4050983.75,2492.33,3411,1680,693.2,0.182,1,stable
733102.50,4050982.75,2445.10,4180,1991,416.7,0.109,1,stable
733108.50,4050982.75,2447.14,4154,1970,422.0,0.111,1,stable
733109.50,4050982.75,2447.50,4149,1966,422.9,0.111,1,stable
733110.50,4050982.75,2447.81,4145,1963,423.7,0.111,1,stable
733395.50,4050982.75,2491.99,3419,1682,691.5,0.182,1,stable
733396.50,4050982.75,2492.29,3418,1680,692.5,0.182,1,stable
733108.50,4050981.75,2447.11,4162,1970,422.4,0.111,1,stable
733109.50,4050981.75,2447.48,4158,1966,423.3,0.111,1,stable
733110.50,4050981.75,2447.85,4154,1962,424.2,0.111,1,stable
733111.50,4050981.75,2448.08,4149,1960,425.1,0.112,1,stable
733205.50,4050981.75,2439.40,3820,2011,511.2,0.134,1,stable
733396.50,4050981.75,2492.16,3423,1681,692.7,0.182,1,stable
733407.50,4050981.75,2491.90,3406,1686,703.3,0.185,1,stable
733408.50,4050981.75,2492.25,3405,1684,704.3,0.185,1,stable
732982.50,4050980.75,2439.54,4966,2119,315.9,0.083,1,stable
732983.50,4050980.75,2439.32,4956,2121,316.7,0.083,1,stable
733110.50,4050980.75,2447.77,4162,1963,424.6,0.112,1,stable
733111.50,4050980.75,2448.08,4158,1960,425.5,0.112,1,stable
733407.50,4050980.75,2492.14,3412,1684,703.6,0.185,1,stable
733408.50,4050980.75,2492.54,3410,1682,704.6,0.185,1,stable
733409.50,4050980.75,2492.97,3409,1680,705.5,0.185,1,stable
733410.50,4050980.75,2493.46,3407,1678,706.5,0.186,1,stable
732981.50,4050979.75,2440.39,4987,2108,315.7,0.083,1,stable
732982.50,4050979.75,2440.16,4978,2111,316.5,0.083,1,stable
732983.50,4050979.75,2439.91,4969,2113,317.3,0.083,1,stable
732984.50,4050979.75,2439.91,4959,2112,318.1,0.084,1,stable
732985.50,4050979.75,2439.49,4950,2117,318.9,0.084,1,stable
733111.50,4050979.75,2448.08,4167,1960,426.0,0.112,1,stable
733112.50,4050979.75,2448.41,4162,1957,426.9,0.112,1,stable
733204.50,4050979.75,2439.65,3837,2009,511.0,0.134,1,stable
733407.50,4050979.75,2492.38,3417,1683,703.9,0.185,1,stable
733408.50,4050979.75,2492.78,3415,1681,704.8,0.185,1,stable
733409.50,4050979.75,2493.31,3414,1678,705.8,0.185,1,stable
733410.50,4050979.75,2493.75,3412,1676,706.8,0.186,1,stable
732983.50,4050978.75,2440.70,4981,2102,317.8,0.084,1,stable
732984.50,4050978.75,2440.49,4972,2104,318.6,0.084,1,stable
732985.50,4050978.75,2440.07,4962,2109,319.5,0.084,1,stable
732986.50,4050978.75,2439.92,4953,2110,320.3,0.084,1,stable
732987.50,4050978.75,2439.77,4944,2111,321.1,0.084,1,stable
733111.50,4050978.75,2448.21,4175,1959,426.4,0.112,1,stable
733112.50,4050978.75,2448.51,4171,1956,427.3,0.112,1,stable
733203.50,4050978.75,2439.27,3847,2012,510.5,0.134,1,stable
733204.50,4050978.75,2440.09,3844,2006,511.4,0.134,1,stable
733205.50,4050978.75,2441.02,3842,1998,512.2,0.135,1,stable
733408.50,4050978.75,2493.14,3421,1679,705.1,0.185,1,stable
733409.50,4050978.75,2493.63,3419,1677,706.1,0.186,1,stable
732983.50,4050977.75,2441.32,4993,2094,318.4,0.084,1,stable
732984.50,4050977.75,2441.06,4984,2097,319.2,0.084,1,stable
732985.50,4050977.75,2440.54,4975,2103,320.0,0.084,1,stable
732986.50,4050977.75,2440.45,4966,2103,320.8,0.084,1,stable
732987.50,4050977.75,2440.35,4956,2103,321.6,0.085,1,stable
732988.50,4050977.75,2440.15,4947,2105,322.4,0.085,1,stable
732989.50,4050977.75,2439.94,4938,2107,323.3,0.085,1,stable
733111.50,4050977.75,2448.31,4184,1958,426.9,0.112,1,stable
733112.50,4050977.75,2448.59,4180,1955,427.8,0.112,1,stable
733409.50,4050977.75,2493.97,3424,1675,706.4,0.186,1,stable
732984.50,4050976.75,2441.60,4996,2089,319.8,0.084,1,stable
732985.50,4050976.75,2441.18,4987,2094,320.6,0.084,1,stable
732986.50,4050976.75,2441.06,4978,2095,321.4,0.084,1,stable
732987.50,4050976.75,2440.87,4969,2096,322.2,0.085,1,stable
732988.50,4050976.75,2440.63,4959,2099,323.0,0.085,1,stable
732989.50,4050976.75,2440.39,4950,2101,323.8,0.085,1,stable
733112.50,4050976.75,2448.71,4188,1954,428.2,0.113,1,stable
733393.50,4050976.75,2491.20,3454,1686,691.2,0.182,1,stable
732986.50,4050975.75,2441.57,4990,2088,322.0,0.085,1,stable
732987.50,4050975.75,2441.36,4981,2090,322.8,0.085,1,stable
732988.50,4050975.75,2441.12,4972,2092,323.6,0.085,1,stable
732989.50,4050975.75,2440.84,4962,2095,324.4,0.085,1,stable
732990.50,4050975.75,2440.39,4953,2100,325.2,0.085,1,stable
733394.50,4050975.75,2491.09,3458,1687,692.4,0.182,1,stable
732986.50,4050974.75,2442.04,5002,2082,322.6,0.085,1,stable
732989.50,4050974.75,2441.16,4974,2091,325.0,0.085,1,stable
732990.50,4050974.75,2440.76,4965,2095,325.8,0.086,1,stable
733111.50,4050974.75,2449.10,4210,1950,428.2,0.113,1,stable
733401.50,4050974.75,2491.00,3452,1689,699.4,0.184,1,stable
733402.50,4050974.75,2491.28,3451,1688,700.4,0.184,1,stable
733403.50,4050974.75,2491.59,3449,1686,701.4,0.184,0,stable
732991.50,4050973.75,2441.26,4968,2088,327.2,0.086,1,stable
732992.50,4050973.75,2441.09,4959,2089,328.0,0.086,1,stable
733111.50,4050973.75,2449.37,4218,1947,428.7,0.113,1,stable
733209.50,4050973.75,2444.35,3866,1972,517.7,0.136,1,stable
733401.50,4050973.75,2491.00,3458,1689,699.7,0.184,1,stable
733402.50,4050973.75,2491.28,3456,1688,700.7,0.184,0,stable
733403.50,4050973.75,2491.59,3455,1686,701.6,0.184,1,stable
732989.50,4050972.75,2441.94,4999,2080,326.2,0.086,1,stable
732990.50,4050972.75,2441.83,4989,2081,327.0,0.086,1,stable
732993.50,4050972.75,2441.61,4962,2082,329.4,0.087,1,stable
733401.50,4050972.75,2491.14,3463,1688,700.0,0.184,1,stable
733402.50,4050972.75,2491.49,3461,1687,701.0,0.184,1,stable
733403.50,4050972.75,2491.82,3460,1685,701.9,0.184,1,stable
733404.50,4050972.75,2491.82,3458,1685,702.9,0.185,1,stable
733104.50,4050971.75,2444.75,4267,1992,423.5,0.111,1,stable
733401.50,4050971.75,2491.41,3468,1687,700.3,0.184,1,stable
733402.50,4050971.75,2491.63,3467,1686,701.2,0.184,1,stable
733106.50,4050969.75,2445.85,4275,1981,426.2,0.112,1,stable
733110.50,4050969.75,2449.20,4257,1949,429.7,0.113,1,stable
733107.50,4050968.75,2446.71,4279,1973,427.5,0.112,1,stable
733109.50,4050968.75,2448.58,4270,1955,429.3,0.113,1,stable
733110.50,4050968.75,2449.17,4265,1949,430.1,0.113,1,stable
733107.50,4050967.75,2446.84,4287,1971,428.0,0.112,1,stable
733108.50,4050967.75,2448.04,4283,1960,428.9,0.113,1,stable
733109.50,4050967.75,2448.56,4278,1955,429.7,0.113,1,stable
733110.50,4050967.75,2449.14,4274,1949,430.6,0.113,1,stable
733111.50,4050967.75,2449.71,4269,1944,431.5,0.113,1,stable
733463.50,4050967.75,2520.37,3398,1556,762.7,0.200,1,stable
733464.50,4050967.75,2520.81,3397,1554,763.7,0.201,1,stable
733107.50,4050966.75,2446.87,4296,1971,428.5,0.113,1,stable
733108.50,4050966.75,2448.06,4292,1960,429.3,0.113,1,stable
733109.50,4050966.75,2448.61,4287,1954,430.2,0.113,1,stable
733110.50,4050966.75,2449.18,4282,1949,431.1,0.113,1,stable
733111.50,4050966.75,2449.76,4278,1943,431.9,0.113,1,stable
733464.50,4050966.75,2520.62,3401,1555,764.0,0.201,1,stable
733106.50,4050965.75,2446.01,4309,1979,428.1,0.112,1,stable
733107.50,4050965.75,2446.77,4305,1972,429.0,0.113,1,stable
733108.50,4050965.75,2448.20,4300,1958,429.8,0.113,1,stable
733109.50,4050965.75,2448.75,4296,1953,430.7,0.113,1,stable
733110.50,4050965.75,2449.31,4291,1948,431.5,0.113,1,stable
733111.50,4050965.75,2449.93,4286,1942,432.4,0.114,1,stable
733106.50,4050964.75,2446.09,4318,1979,428.6,0.113,1,stable
733107.50,4050964.75,2446.81,4313,1972,429.4,0.113,1,stable
733108.50,4050964.75,2448.34,4309,1957,430.3,0.113,1,stable
733109.50,4050964.75,2448.87,4304,1952,431.1,0.113,1,stable
733110.50,4050964.75,2449.43,4299,1946,432.0,0.114,1,stable
733111.50,4050964.75,2450.08,4295,1940,432.9,0.114,1,stable
733107.50,4050963.75,2447.37,4322,1966,429.9,0.113,1,stable
733108.50,4050963.75,2448.67,4317,1954,430.8,0.113,1,stable
733109.50,4050963.75,2449.23,4313,1948,431.6,0.113,1,stable
733110.50,4050963.75,2449.78,4308,1943,432.5,0.114,1,stable
733111.50,4050963.75,2450.36,4303,1937,433.3,0.114,1,stable
733107.50,4050962.75,2447.46,4330,1965,430.4,0.113,1,stable
733108.50,4050962.75,2448.79,4326,1953,431.2,0.113,1,stable
733109.50,4050962.75,2449.34,4321,1947,432.1,0.114,1,stable
733110.50,4050962.75,2449.88,4317,1942,433.0,0.114,1,stable
733111.50,4050962.75,2450.42,4312,1937,433.8,0.114,1,stable
733112.50,4050962.75,2450.87,4307,1933,434.7,0.114,1,stable
733115.50,4050962.75,2451.77,4294,1924,437.3,0.115,1,stable
733118.50,4050962.75,2452.75,4280,1914,439.9,0.116,1,stable
733119.50,4050962.75,2453.00,4276,1912,440.8,0.116,1,stable
733108.50,4050961.75,2448.94,4334,1951,431.7,0.113,1,stable
733109.50,4050961.75,2449.41,4330,1947,432.6,0.114,1,stable
733110.50,4050961.75,2449.92,4325,1942,433.4,0.114,1,stable
733111.50,4050961.75,2450.43,4320,1937,434.3,0.114,1,stable
733112.50,4050961.75,2450.85,4316,1933,435.2,0.114,1,stable
733113.50,4050961.75,2450.85,4311,1933,436.1,0.115,1,stable
733115.50,4050961.75,2451.68,4302,1925,437.8,0.115,1,stable
733118.50,4050961.75,2452.98,4289,1912,440.4,0.116,1,stable
733119.50,4050961.75,2453.29,4284,1909,441.3,0.116,1,stable
733120.50,4050961.75,2453.34,4280,1909,442.2,0.116,1,stable
732950.50,4050960.75,2458.21,5598,1874,303.9,0.080,1,stable
733109.50,4050960.75,2449.44,4338,1946,433.1,0.114,1,stable
733110.50,4050960.75,2449.94,4333,1941,433.9,0.114,1,stable
733111.50,4050960.75,2450.37,4329,1937,434.8,0.114,1,stable
733112.50,4050960.75,2450.37,4324,1937,435.7,0.114,1,stable
733113.50,4050960.75,2450.83,4320,1933,436.5,0.115,1,stable
733114.50,4050960.75,2451.30,4315,1928,437.4,0.115,1,stable
733115.50,4050960.75,2451.82,4311,1923,438.3,0.115,1,stable
733119.50,4050960.75,2453.57,4293,1907,441.8,0.116,1,stable
733120.50,4050960.75,2453.61,4288,1906,442.6,0.116,1,stable
733121.50,4050960.75,2453.61,4284,1906,443.5,0.117,1,stable
733177.50,4050960.75,2445.24,4062,1970,493.7,0.130,1,stable
733178.50,4050960.75,2445.45,4059,1968,494.6,0.130,1,stable
733108.50,4050959.75,2448.87,4351,1952,432.7,0.114,1,stable
733109.50,4050959.75,2449.44,4347,1946,433.5,0.114,1,stable
733110.50,4050959.75,2449.91,4342,1942,434.4,0.114,1,stable
733111.50,4050959.75,2450.39,4337,1937,435.3,0.114,1,stable
733112.50,4050959.75,2450.39,4333,1937,436.1,0.115,1,stable
733113.50,4050959.75,2450.86,4328,1932,437.0,0.115,1,stable
733114.50,4050959.75,2451.37,4323,1927,437.9,0.115,1,stable
733115.50,4050959.75,2451.93,4319,1922,438.8,0.115,1,stable
733119.50,4050959.75,2453.77,4301,1905,442.2,0.116,1,stable
733120.50,4050959.75,2453.81,4296,1904,443.1,0.116,1,stable
733121.50,4050959.75,2453.81,4292,1904,444.0,0.117,1,stable
733122.50,4050959.75,2453.85,4287,1904,444.9,0.117,1,stable
733178.50,4050959.75,2445.72,4066,1966,495.0,0.130,1,stable
733179.50,4050959.75,2445.92,4063,1964,495.9,0.130,1,stable
733180.50,4050959.75,2446.35,4059,1960,496.8,0.131,1,stable
733206.50,4050959.75,2445.31,3974,1964,520.5,0.137,1,stable
733209.50,4050959.75,2446.17,3964,1957,523.2,0.137,1,stable
733109.50,4050958.75,2449.39,4355,1947,434.0,0.114,1,stable
733110.50,4050958.75,2449.91,4350,1942,434.9,0.114,1,stable
733111.50,4050958.75,2450.39,4346,1937,435.8,0.115,1,stable
733112.50,4050958.75,2450.39,4341,1937,436.6,0.115,1,stable
733113.50,4050958.75,2450.86,4336,1932,437.5,0.115,1,stable
733114.50,4050958.75,2451.44,4332,1927,438.4,0.115,1,stable
733115.50,4050958.75,2452.01,4327,1921,439.2,0.115,1,stable
733116.50,4050958.75,2452.55,4323,1916,440.1,0.116,1,stable
733119.50,4050958.75,2453.96,4309,1903,442.7,0.116,1,stable
733120.50,4050958.75,2454.07,4305,1902,443.6,0.117,1,stable
733121.50,4050958.75,2454.07,4300,1902,444.5,0.117,1,stable
733122.50,4050958.75,2454.12,4296,1901,445.4,0.117,1,stable
733123.50,4050958.75,2454.17,4291,1901,446.2,0.117,1,stable
733209.50,4050958.75,2446.17,3971,1957,523.6,0.138,1,stable
733110.50,4050957.75,2449.94,4359,1941,435.4,0.114,1,stable
733111.50,4050957.75,2450.53,4354,1936,436.2,0.115,1,stable
733112.50,4050957.75,2450.53,4349,1935,437.1,0.115,1,stable
733113.50,4050957.75,2450.94,4345,1931,438.0,0.115,1,stable
733114.50,4050957.75,2451.44,4340,1927,438.9,0.115,1,stable
733115.50,4050957.75,2452.01,4336,1921,439.7,0.116,1,stable
733119.50,4050957.75,2454.15,4317,1901,443.2,0.116,1,stable
733120.50,4050957.75,2454.32,4313,1900,444.1,0.117,1,stable
733121.50,4050957.75,2454.32,4308,1900,444.9,0.117,1,stable
733122.50,4050957.75,2454.39,4304,1899,445.8,0.117,1,stable
733123.50,4050957.75,2454.52,4299,1898,446.7,0.117,1,stable
733207.50,4050957.75,2445.93,3985,1959,522.2,0.137,1,stable
733110.50,4050956.75,2449.98,4367,1941,435.9,0.115,1,stable
733111.50,4050956.75,2450.50,4363,1936,436.7,0.115,1,stable
733112.50,4050956.75,2450.50,4358,1936,437.6,0.115,1,stable
733113.50,4050956.75,2450.98,4353,1931,438.5,0.115,1,stable
733114.50,4050956.75,2451.47,4349,1926,439.3,0.115,1,stable
733115.50,4050956.75,2452.07,4344,1921,440.2,0.116,1,stable
733120.50,4050956.75,2454.32,4321,1900,444.6,0.117,1,stable
733121.50,4050956.75,2454.51,4317,1898,445.4,0.117,1,stable
733122.50,4050956.75,2454.59,4312,1897,446.3,0.117,1,stable
733123.50,4050956.75,2454.87,4308,1895,447.2,0.118,1,stable
733112.50,4050955.75,2450.55,4366,1935,438.1,0.115,1,stable
733113.50,4050955.75,2451.02,4362,1931,439.0,0.115,1,stable
733114.50,4050955.75,2451.55,4357,1926,439.8,0.116,1,stable
733115.50,4050955.75,2452.10,4352,1920,440.7,0.116,1,stable
733116.50,4050955.75,2452.66,4348,1915,441.6,0.116,1,stable
733121.50,4050955.75,2454.51,4325,1898,445.9,0.117,1,stable
733122.50,4050955.75,2454.59,4320,1897,446.8,0.117,1,stable
733123.50,4050955.75,2454.87,4316,1895,447.7,0.118,1,stable
733124.50,4050955.75,2455.26,4312,1891,448.5,0.118,1,stable
733112.50,4050954.75,2450.57,4375,1935,438.6,0.115,1,stable
733113.50,4050954.75,2450.96,4370,1931,439.5,0.115,1,stable
733114.50,4050954.75,2451.48,4365,1926,440.3,0.116,1,stable
733115.50,4050954.75,2452.12,4361,1920,441.2,0.116,1,stable
733116.50,4050954.75,2452.71,4356,1915,442.0,0.116,1,stable
733122.50,4050954.75,2454.97,4329,1894,447.3,0.118,1,stable
733123.50,4050954.75,2455.08,4324,1893,448.1,0.118,1,stable
733124.50,4050954.75,2455.26,4320,1891,449.0,0.118,1,stable
733312.50,4050954.75,2463.46,3729,1835,620.4,0.163,1,stable
733113.50,4050953.75,2451.11,4378,1930,439.9,0.116,1,stable
733114.50,4050953.75,2451.58,4374,1925,440.8,0.116,1,stable
733115.50,4050953.75,2452.19,4369,1919,441.7,0.116,1,stable
733116.50,4050953.75,2452.73,4364,1914,442.5,0.116,1,stable
733117.50,4050953.75,2453.22,4360,1910,443.4,0.117,1,stable
733119.50,4050953.75,2454.74,4351,1896,445.1,0.117,1,stable
733124.50,4050953.75,2455.36,4328,1890,449.5,0.118,1,stable
733125.50,4050953.75,2455.69,4323,1887,450.4,0.118,1,stable
733312.50,4050953.75,2463.67,3735,1834,620.8,0.163,1,stable
733113.50,4050952.75,2452.01,4387,1921,440.4,0.116,1,stable
733114.50,4050952.75,2452.18,4382,1920,441.3,0.116,1,stable
733115.50,4050952.75,2452.36,4377,1918,442.2,0.116,1,stable
733116.50,4050952.75,2452.94,4373,1912,443.0,0.116,1,stable
733117.50,4050952.75,2453.42,4368,1908,443.9,0.117,1,stable
733119.50,4050952.75,2455.00,4359,1893,445.6,0.117,1,stable
733123.50,4050952.75,2456.24,4341,1882,449.1,0.118,1,stable
733312.50,4050952.75,2463.80,3741,1833,621.1,0.163,1,stable
733115.50,4050951.75,2452.96,4386,1912,442.6,0.116,1,stable
733116.50,4050951.75,2453.20,4381,1910,443.5,0.117,1,stable
733117.50,4050951.75,2453.64,4376,1906,444.4,0.117,1,stable
733311.50,4050951.75,2463.88,3749,1832,620.6,0.163,1,stable
733114.50,4050950.75,2453.39,4399,1908,442.3,0.116,1,stable
733115.50,4050950.75,2453.32,4394,1909,443.1,0.116,1,stable
733116.50,4050950.75,2453.53,4389,1907,444.0,0.117,1,stable
733117.50,4050950.75,2453.89,4385,1904,444.9,0.117,1,stable
733118.50,4050950.75,2454.40,4380,1899,445.7,0.117,1,stable
733311.50,4050950.75,2463.89,3755,1832,620.9,0.163,1,stable
733335.50,4050950.75,2472.19,3703,1784,643.5,0.169,1,stable
733115.50,4050949.75,2453.83,4403,1904,443.6,0.117,1,stable
733116.50,4050949.75,2453.88,4398,1904,444.5,0.117,1,stable
733117.50,4050949.75,2454.21,4393,1901,445.4,0.117,1,stable
733118.50,4050949.75,2454.65,4388,1897,446.2,0.117,1,stable
733119.50,4050949.75,2454.65,4384,1896,447.1,0.117,1,stable
733197.50,4050949.75,2449.20,4074,1935,516.4,0.136,1,stable
733311.50,4050949.75,2463.40,3761,1835,621.3,0.163,1,stable
733312.50,4050949.75,2463.99,3759,1832,622.2,0.163,1,stable
733334.50,4050949.75,2472.20,3711,1784,642.9,0.169,1,stable
733335.50,4050949.75,2472.50,3709,1782,643.9,0.169,1,stable
733113.50,4050948.75,2454.21,4421,1901,442.4,0.116,1,stable
733114.50,4050948.75,2454.31,4416,1900,443.3,0.116,1,stable
733115.50,4050948.75,2454.30,4411,1900,444.1,0.117,1,stable
733116.50,4050948.75,2454.21,4406,1901,445.0,0.117,1,stable
733117.50,4050948.75,2454.38,4401,1899,445.9,0.117,1,stable
733118.50,4050948.75,2454.82,4397,1895,446.7,0.117,1,stable
733119.50,4050948.75,2454.82,4392,1895,447.6,0.118,1,stable
733312.50,4050948.75,2464.27,3765,1830,622.6,0.164,1,stable
733313.50,4050948.75,2464.90,3762,1826,623.5,0.164,1,stable
733329.50,4050948.75,2471.97,3727,1784,638.6,0.168,1,stable
733330.50,4050948.75,2472.11,3725,1783,639.5,0.168,1,stable
733331.50,4050948.75,2472.15,3723,1783,640.5,0.168,1,stable
733332.50,4050948.75,2472.21,3721,1783,641.4,0.169,1,stable
733333.50,4050948.75,2472.24,3719,1783,642.3,0.169,1,stable
733334.50,4050948.75,2472.39,3717,1782,643.3,0.169,1,stable
733335.50,4050948.75,2472.80,3715,1780,644.2,0.169,1,stable
733114.50,4050947.75,2454.83,4424,1895,443.8,0.117,1,stable
733115.50,4050947.75,2454.82,4419,1895,444.6,0.117,1,stable
733116.50,4050947.75,2454.78,4414,1895,445.5,0.117,1,stable
733117.50,4050947.75,2454.79,4410,1895,446.4,0.117,1,stable
733118.50,4050947.75,2455.08,4405,1893,447.2,0.118,1,stable
733119.50,4050947.75,2455.08,4400,1892,448.1,0.118,1,stable
733121.50,4050947.75,2456.50,4391,1880,449.8,0.118,1,stable
733313.50,4050947.75,2465.11,3768,1825,623.9,0.164,1,stable
733315.50,4050947.75,2466.62,3764,1815,625.7,0.164,1,stable
733329.50,4050947.75,2472.25,3733,1782,638.9,0.168,1,stable
733330.50,4050947.75,2472.22,3731,1783,639.9,0.168,1,stable
733331.50,4050947.75,2472.33,3729,1782,640.8,0.168,1,stable
733332.50,4050947.75,2472.52,3727,1781,641.8,0.169,1,stable
733333.50,4050947.75,2472.53,3725,1781,642.7,0.169,1,stable
733334.50,4050947.75,2472.65,3723,1781,643.6,0.169,1,stable
733335.50,4050947.75,2472.95,3720,1779,644.6,0.169,1,stable
733336.50,4050947.75,2473.23,3718,1778,645.5,0.170,1,stable
733116.50,4050946.75,2455.44,4423,1889,446.0,0.117,1,stable
733117.50,4050946.75,2455.29,4418,1891,446.9,0.117,1,stable
733118.50,4050946.75,2455.41,4413,1890,447.7,0.118,1,stable
733119.50,4050946.75,2455.41,4408,1889,448.6,0.118,1,stable
733120.50,4050946.75,2456.40,4404,1880,449.4,0.118,1,stable
733122.50,4050946.75,2457.25,4394,1873,451.2,0.119,1,stable
733314.50,4050946.75,2466.50,3772,1816,625.2,0.164,1,stable
733315.50,4050946.75,2467.53,3770,1810,626.1,0.165,1,stable
733316.50,4050946.75,2468.30,3767,1805,627.1,0.165,1,stable
733317.50,4050946.75,2469.08,3765,1800,628.0,0.165,1,stable
733324.50,4050946.75,2471.60,3750,1786,634.6,0.167,1,stable
733325.50,4050946.75,2471.87,3748,1784,635.5,0.167,1,stable
733326.50,4050946.75,2472.16,3745,1783,636.5,0.167,1,stable
733327.50,4050946.75,2472.25,3743,1782,637.4,0.167,1,stable
733328.50,4050946.75,2472.54,3741,1781,638.4,0.168,1,stable
733329.50,4050946.75,2472.54,3739,1781,639.3,0.168,1,stable
733330.50,4050946.75,2472.60,3737,1780,640.2,0.168,1,stable
733331.50,4050946.75,2472.81,3735,1779,641.2,0.168,1,stable
733332.50,4050946.75,2472.97,3732,1779,642.1,0.169,1,stable
733333.50,4050946.75,2473.13,3730,1778,643.1,0.169,1,stable
733334.50,4050946.75,2473.25,3728,1777,644.0,0.169,1,stable
733335.50,4050946.75,2473.37,3726,1777,644.9,0.169,1,stable
733336.50,4050946.75,2473.46,3724,1776,645.9,0.170,1,stable
733337.50,4050946.75,2473.60,3722,1775,646.8,0.170,1,stable
733338.50,4050946.75,2473.60,3720,1776,647.8,0.170,1,stable
733114.50,4050945.75,2455.57,4441,1888,444.8,0.117,1,stable
733115.50,4050945.75,2455.76,4436,1886,445.6,0.117,1,stable
733116.50,4050945.75,2455.83,4431,1886,446.5,0.117,1,stable
733117.50,4050945.75,2455.76,4426,1886,447.4,0.118,1,stable
733118.50,4050945.75,2455.75,4421,1886,448.2,0.118,1,stable
733119.50,4050945.75,2455.75,4417,1886,449.1,0.118,1,stable
733224.50,4050945.75,2451.75,4015,1913,542.5,0.143,1,stable
733314.50,4050945.75,2466.87,3778,1814,625.5,0.164,1,stable
733315.50,4050945.75,2467.77,3775,1808,626.5,0.165,1,stable
733316.50,4050945.75,2468.59,3773,1803,627.4,0.165,1,stable
733324.50,4050945.75,2471.75,3756,1785,635.0,0.167,1,stable
733325.50,4050945.75,2472.02,3753,1783,635.9,0.167,1,stable
733326.50,4050945.75,2472.20,3751,1782,636.8,0.167,1,stable
733327.50,4050945.75,2472.36,3749,1781,637.8,0.168,1,stable
733329.50,4050945.75,2472.74,3745,1779,639.7,0.168,1,stable
733330.50,4050945.75,2472.83,3742,1779,640.6,0.168,1,stable
733331.50,4050945.75,2472.97,3740,1778,641.5,0.169,1,stable
733332.50,4050945.75,2473.15,3738,1777,642.5,0.169,1,stable
733333.50,4050945.75,2473.33,3736,1776,643.4,0.169,1,stable
733334.50,4050945.75,2473.51,3734,1776,644.4,0.169,1,stable
733335.50,4050945.75,2473.61,3732,1775,645.3,0.170,1,stable
733336.50,4050945.75,2473.70,3730,1775,646.2,0.170,1,stable
733337.50,4050945.75,2473.83,3728,1774,647.2,0.170,1,stable
733338.50,4050945.75,2473.83,3725,1774,648.1,0.170,1,stable
733339.50,4050945.75,2473.99,3723,1773,649.0,0.171,1,stable
733420.50,4050945.75,2508.62,3572,1600,727.1,0.191,1,stable
733421.50,4050945.75,2509.25,3571,1597,728.1,0.191,1,stable
733115.50,4050944.75,2456.25,4444,1882,446.1,0.117,1,stable
733116.50,4050944.75,2456.29,4439,1881,447.0,0.117,1,stable
733117.50,4050944.75,2456.19,4435,1882,447.9,0.118,1,stable
733118.50,4050944.75,2456.19,4430,1882,448.7,0.118,1,stable
733119.50,4050944.75,2456.09,4425,1883,449.6,0.118,1,stable
733224.50,4050944.75,2452.18,4021,1910,542.9,0.143,1,stable
733326.50,4050944.75,2472.24,3757,1782,637.2,0.167,1,stable
733327.50,4050944.75,2472.51,3755,1781,638.1,0.168,1,stable
733328.50,4050944.75,2472.87,3753,1778,639.1,0.168,1,stable
733333.50,4050944.75,2473.55,3742,1775,643.8,0.169,1,stable
733334.50,4050944.75,2473.72,3740,1774,644.7,0.169,1,stable
733335.50,4050944.75,2473.88,3738,1773,645.6,0.170,1,stable
733336.50,4050944.75,2473.97,3735,1773,646.6,0.170,1,stable
733337.50,4050944.75,2474.11,3733,1772,647.5,0.170,1,stable
733338.50,4050944.75,2474.11,3731,1773,648.5,0.170,1,stable
733339.50,4050944.75,2474.25,3729,1772,649.4,0.171,1,stable
733340.50,4050944.75,2474.72,3727,1769,650.4,0.171,1,stable
733032.50,4050943.75,2457.27,4961,1875,377.6,0.099,1,stable
733115.50,4050943.75,2456.25,4453,1882,446.6,0.117,1,stable
733116.50,4050943.75,2456.76,4448,1877,447.5,0.118,1,stable
733117.50,4050943.75,2456.68,4443,1878,448.4,0.118,1,stable
733118.50,4050943.75,2456.68,4438,1878,449.2,0.118,1,stable
733119.50,4050943.75,2456.63,4433,1878,450.1,0.118,1,stable
733120.50,4050943.75,2457.19,4428,1873,450.9,0.118,1,stable
733223.50,4050943.75,2452.00,4031,1911,542.4,0.143,1,stable
733224.50,4050943.75,2452.31,4028,1909,543.3,0.143,1,stable
733277.50,4050943.75,2449.38,3878,1926,591.9,0.156,1,stable
733328.50,4050943.75,2472.49,3758,1781,639.4,0.168,1,stable
733329.50,4050943.75,2472.99,3756,1778,640.4,0.168,1,stable
733330.50,4050943.75,2473.15,3754,1777,641.3,0.169,1,stable
733337.50,4050943.75,2474.17,3739,1772,647.9,0.170,1,stable
733338.50,4050943.75,2474.35,3737,1771,648.8,0.170,1,stable
733339.50,4050943.75,2474.47,3735,1771,649.8,0.171,1,stable
733029.50,4050942.75,2456.71,4995,1882,375.8,0.099,1,stable
733032.50,4050942.75,2457.61,4972,1871,378.2,0.099,1,stable
733116.50,4050942.75,2456.76,4456,1877,448.0,0.118,1,stable
733117.50,4050942.75,2456.68,4451,1878,448.9,0.118,1,stable
733118.50,4050942.75,2456.68,4446,1878,449.7,0.118,1,stable
733119.50,4050942.75,2457.46,4441,1871,450.6,0.118,1,stable
733120.50,4050942.75,2457.89,4437,1867,451.5,0.119,1,stable
733121.50,4050942.75,2458.28,4432,1863,452.3,0.119,1,stable
733328.50,4050942.75,2472.51,3764,1781,639.8,0.168,1,stable
733031.50,4050941.75,2457.32,4990,1875,378.0,0.099,1,stable
733032.50,4050941.75,2457.61,4982,1871,378.8,0.100,1,stable
733114.50,4050941.75,2456.57,4474,1879,446.8,0.117,1,stable
733115.50,4050941.75,2456.75,4469,1877,447.7,0.118,1,stable
733118.50,4050941.75,2456.68,4454,1878,450.2,0.118,1,stable
733119.50,4050941.75,2457.46,4450,1871,451.1,0.119,1,stable
733120.50,4050941.75,2457.89,4445,1867,452.0,0.119,1,stable
733121.50,4050941.75,2458.28,4440,1863,452.8,0.119,1,stable
733318.50,4050941.75,2470.77,3792,1790,630.8,0.166,1,stable
733319.50,4050941.75,2470.77,3790,1790,631.7,0.166,1,stable
733328.50,4050941.75,2472.51,3770,1781,640.1,0.168,1,stable
733433.50,4050941.75,2515.78,3571,1568,741.2,0.195,1,stable
733030.50,4050940.75,2457.06,5008,1878,377.8,0.099,1,stable
733031.50,4050940.75,2457.73,5000,1870,378.6,0.099,1,stable
733032.50,4050940.75,2457.98,4992,1867,379.4,0.100,1,stable
733115.50,4050940.75,2457.59,4477,1870,448.2,0.118,1,stable
733116.50,4050940.75,2457.83,4473,1867,449.0,0.118,1,stable
733117.50,4050940.75,2457.88,4468,1867,449.9,0.118,1,stable
733118.50,4050940.75,2457.88,4463,1867,450.7,0.118,1,stable
733119.50,4050940.75,2457.46,4458,1871,451.6,0.119,1,stable
733120.50,4050940.75,2457.89,4453,1867,452.5,0.119,1,stable
733121.50,4050940.75,2458.28,4448,1863,453.3,0.119,1,stable
733317.50,4050940.75,2470.44,3800,1792,630.2,0.166,1,stable
733318.50,4050940.75,2470.89,3798,1789,631.1,0.166,1,stable
733319.50,4050940.75,2470.89,3796,1789,632.1,0.166,1,stable
733030.50,4050939.75,2457.90,5018,1868,378.4,0.099,1,stable
733031.50,4050939.75,2458.71,5010,1859,379.2,0.100,1,stable
733115.50,4050939.75,2458.17,4486,1864,448.7,0.118,1,stable
733116.50,4050939.75,2458.27,4481,1863,449.5,0.118,1,stable
733117.50,4050939.75,2458.11,4476,1865,450.4,0.118,1,stable
733118.50,4050939.75,2458.11,4471,1865,451.3,0.119,1,stable
733119.50,4050939.75,2457.89,4466,1867,452.1,0.119,1,stable
733120.50,4050939.75,2458.16,4461,1864,453.0,0.119,1,stable
733121.50,4050939.75,2458.57,4456,1861,453.8,0.119,1,stable
733319.50,4050939.75,2470.89,3801,1789,632.4,0.166,1,stable
733031.50,4050938.75,2458.71,5021,1859,379.8,0.100,1,stable
733116.50,4050938.75,2458.69,4489,1859,450.1,0.118,1,stable
733117.50,4050938.75,2458.69,4484,1859,450.9,0.118,1,stable
733118.50,4050938.75,2458.57,4479,1861,451.8,0.119,1,stable
733119.50,4050938.75,2458.36,4474,1863,452.6,0.119,1,stable
733120.50,4050938.75,2458.48,4469,1861,453.5,0.119,1,stable
733317.50,4050938.75,2470.89,3812,1789,630.9,0.166,1,stable
733318.50,4050938.75,2471.08,3810,1788,631.9,0.166,1,stable
733320.50,4050938.75,2471.28,3805,1787,633.7,0.167,1,stable
733117.50,4050937.75,2458.98,4492,1857,451.4,0.119,1,stable
733118.50,4050937.75,2459.01,4487,1857,452.3,0.119,1,stable
733119.50,4050937.75,2458.85,4483,1858,453.1,0.119,1,stable
733120.50,4050937.75,2458.81,4478,1858,454.0,0.119,1,stable
733312.50,4050937.75,2469.79,3829,1795,626.6,0.165,1,stable
733316.50,4050937.75,2470.28,3820,1793,630.4,0.166,1,stable
733317.50,4050937.75,2471.07,3818,1788,631.3,0.166,1,stable
733318.50,4050937.75,2471.07,3815,1788,632.2,0.166,1,stable
733319.50,4050937.75,2471.24,3813,1787,633.2,0.166,1,stable
733320.50,4050937.75,2471.47,3811,1786,634.1,0.167,1,stable
733331.50,4050937.75,2473.77,3786,1773,644.4,0.169,1,stable
733119.50,4050936.75,2459.29,4491,1854,453.7,0.119,1,stable
733120.50,4050936.75,2459.25,4486,1854,454.5,0.119,1,stable
733314.50,4050936.75,2470.12,3830,1793,628.9,0.165,1,stable
733317.50,4050936.75,2471.23,3823,1787,631.7,0.166,1,stable
733425.50,4050936.75,2511.83,3609,1585,734.9,0.193,1,stable
733426.50,4050936.75,2512.14,3608,1584,735.9,0.193,1,stable
733114.50,4050935.75,2459.02,4524,1856,449.9,0.118,1,stable
733115.50,4050935.75,2459.31,4519,1854,450.8,0.118,1,stable
733116.50,4050935.75,2459.56,4514,1851,451.6,0.119,1,stable
733315.50,4050935.75,2470.61,3834,1790,630.2,0.166,1,stable
733316.50,4050935.75,2470.70,3832,1790,631.1,0.166,1,stable
733116.50,4050934.75,2459.89,4522,1848,452.1,0.119,1,stable
733117.50,4050934.75,2459.89,4517,1849,453.0,0.119,1,stable
733115.50,4050933.75,2460.05,4535,1847,451.8,0.119,1,stable
733116.50,4050933.75,2460.26,4530,1845,452.7,0.119,1,stable
733117.50,4050933.75,2460.26,4525,1845,453.5,0.119,1,stable
733118.50,4050933.75,2460.46,4520,1843,454.4,0.119,1,stable
733116.50,4050932.75,2460.35,4539,1844,453.2,0.119,1,stable
733117.50,4050932.75,2460.66,4534,1842,454.0,0.119,1,stable
733118.50,4050932.75,2460.88,4529,1840,454.9,0.120,1,stable
733115.50,4050931.75,2460.66,4552,1841,452.9,0.119,1,stable
733116.50,4050931.75,2460.66,4547,1841,453.7,0.119,1,stable
733115.50,4050930.75,2461.58,4560,1833,453.4,0.119,1,stable
733116.50,4050930.75,2461.58,4555,1833,454.3,0.119,1,stable
733297.50,4050929.75,2463.99,3913,1830,615.8,0.162,1,stable
733298.50,4050929.75,2464.45,3910,1827,616.7,0.162,1,stable
733299.50,4050929.75,2465.11,3908,1823,617.6,0.162,1,stable
733446.50,4050929.75,2523.52,3609,1534,757.9,0.199,1,stable
733297.50,4050928.75,2464.38,3919,1828,616.2,0.162,1,stable
733298.50,4050928.75,2464.52,3916,1827,617.1,0.162,1,stable
733299.50,4050928.75,2464.90,3914,1824,618.0,0.162,1,stable
733300.50,4050928.75,2464.90,3911,1824,618.9,0.163,1,stable
733297.50,4050927.75,2464.63,3925,1826,616.6,0.162,1,stable
733298.50,4050927.75,2464.91,3922,1824,617.5,0.162,1,stable
733299.50,4050927.75,2464.91,3920,1824,618.4,0.162,1,stable
733300.50,4050927.75,2465.25,3917,1822,619.3,0.163,1,stable
733301.50,4050927.75,2465.42,3915,1821,620.2,0.163,1,stable
733302.50,4050927.75,2465.69,3912,1820,621.2,0.163,1,stable
733298.50,4050926.75,2465.30,3928,1822,617.9,0.162,1,stable
733299.50,4050926.75,2465.30,3926,1822,618.8,0.163,1,stable
733300.50,4050926.75,2465.51,3923,1821,619.7,0.163,1,stable
733301.50,4050926.75,2465.60,3921,1820,620.6,0.163,1,stable
733302.50,4050926.75,2465.84,3918,1819,621.6,0.163,1,stable
733303.50,4050926.75,2466.14,3916,1817,622.5,0.164,1,stable
733302.50,4050925.75,2466.21,3924,1816,622.0,0.163,1,stable
733303.50,4050925.75,2466.35,3921,1815,622.9,0.164,1,stable
733304.50,4050925.75,2466.38,3919,1815,623.8,0.164,1,stable
733305.50,4050925.75,2466.55,3916,1814,624.7,0.164,1,stable
733306.50,4050925.75,2466.89,3914,1812,625.6,0.164,1,stable
733307.50,4050925.75,2467.93,3912,1806,626.6,0.165,1,stable
733304.50,4050924.75,2466.72,3925,1813,624.2,0.164,1,stable
733305.50,4050924.75,2466.77,3922,1813,625.1,0.164,1,stable
733306.50,4050924.75,2466.94,3920,1812,626.0,0.165,1,stable
733322.50,4050923.75,2473.52,3887,1773,641.3,0.169,1,stable
733292.50,4050919.75,2464.71,3985,1825,615.2,0.162,1,stable
733293.50,4050919.75,2465.38,3983,1821,616.1,0.162,1,stable
733292.50,4050918.75,2464.71,3991,1825,615.6,0.162,1,stable
733293.50,4050918.75,2465.38,3989,1821,616.5,0.162,1,stable
733294.50,4050918.75,2466.01,3986,1817,617.4,0.162,1,stable
733297.50,4050916.75,2467.52,3990,1807,621.0,0.163,1,stable
733404.50,4050916.75,2504.49,3749,1617,721.4,0.190,1,stable
733298.50,4050915.75,2467.96,3993,1805,622.3,0.164,1,stable
733294.50,4050912.75,2463.32,4021,1834,619.9,0.163,1,stable
733295.50,4050912.75,2466.29,4019,1815,620.8,0.163,1,stable
733431.50,4050909.75,2519.80,3733,1547,750.2,0.197,1,stable
733302.50,4050908.75,2468.89,4024,1799,628.9,0.165,1,stable
733404.50,4050908.75,2504.42,3789,1618,724.2,0.190,1,stable
733303.50,4050907.75,2469.28,4027,1797,630.2,0.166,1,stable
733362.50,4050907.75,2489.31,3883,1689,684.9,0.180,1,stable
733431.50,4050907.75,2519.61,3743,1548,750.9,0.197,1,stable
733432.50,4050907.75,2519.93,3741,1547,751.8,0.198,1,stable
733433.50,4050907.75,2520.30,3739,1545,752.8,0.198,1,stable
733304.50,4050906.75,2469.67,4030,1794,631.6,0.166,1,stable
733305.50,4050906.75,2469.67,4027,1795,632.5,0.166,1,stable
733306.50,4050906.75,2470.20,4025,1791,633.4,0.166,1,stable
733363.50,4050906.75,2489.94,3886,1685,686.2,0.180,1,stable
733430.50,4050906.75,2519.45,3749,1548,750.3,0.197,1,stable
733431.50,4050906.75,2519.61,3748,1548,751.2,0.197,1,stable
733432.50,4050906.75,2519.93,3746,1547,752.2,0.198,1,stable
733433.50,4050906.75,2520.30,3744,1545,753.1,0.198,1,stable
733434.50,4050906.75,2520.91,3742,1543,754.1,0.198,1,stable
733435.50,4050906.75,2521.38,3740,1541,755.1,0.198,1,stable
733441.50,4050906.75,2523.93,3729,1530,760.9,0.200,1,stable
733306.50,4050905.75,2469.80,4030,1794,633.8,0.167,0,stable
733307.50,4050905.75,2470.23,4028,1791,634.7,0.167,1,stable
733361.50,4050905.75,2488.73,3896,1692,684.7,0.180,1,stable
733430.50,4050905.75,2519.38,3754,1549,750.6,0.197,1,stable
733431.50,4050905.75,2519.66,3753,1548,751.6,0.197,1,stable
733432.50,4050905.75,2520.09,3751,1546,752.5,0.198,1,stable
733433.50,4050905.75,2520.52,3749,1544,753.5,0.198,1,stable
733434.50,4050905.75,2520.91,3747,1543,754.5,0.198,1,stable
733435.50,4050905.75,2521.38,3745,1541,755.4,0.199,1,stable
733436.50,4050905.75,2521.84,3743,1539,756.4,0.199,1,stable
733439.50,4050905.75,2522.90,3738,1535,759.3,0.200,1,stable
733307.50,4050904.75,2469.72,4034,1794,635.1,0.167,1,stable
733431.50,4050904.75,2519.72,3757,1548,751.9,0.198,1,stable
733432.50,4050904.75,2520.29,3756,1545,752.9,0.198,1,stable
733433.50,4050904.75,2520.93,3754,1542,753.9,0.198,1,stable
733434.50,4050904.75,2521.81,3752,1538,754.9,0.198,1,stable
733435.50,4050904.75,2521.99,3750,1538,755.8,0.199,1,stable
733431.50,4050903.75,2519.64,3762,1548,752.3,0.198,1,stable
733432.50,4050903.75,2520.24,3760,1545,753.3,0.198,1,stable
733433.50,4050903.75,2520.99,3759,1542,754.3,0.198,1,stable
733434.50,4050903.75,2521.53,3757,1540,755.2,0.198,1,stable
733433.50,4050902.75,2520.77,3763,1543,754.6,0.198,1,stable
733428.50,4050901.75,2517.75,3778,1557,750.0,0.197,1,stable
733429.50,4050901.75,2518.20,3776,1555,751.0,0.197,1,stable
733365.50,4050900.75,2491.10,3914,1679,690.4,0.181,1,stable
733366.50,4050900.75,2491.74,3911,1676,691.4,0.182,1,stable
733427.50,4050900.75,2517.30,3785,1559,749.4,0.197,1,stable
733428.50,4050900.75,2517.88,3783,1556,750.4,0.197,1,stable
733366.50,4050899.75,2491.80,3917,1676,691.8,0.182,1,stable
733367.50,4050899.75,2492.42,3914,1672,692.7,0.182,1,stable
733367.50,4050898.75,2492.81,3920,1670,693.2,0.182,1,stable
733368.50,4050893.75,2493.83,3944,1665,696.1,0.183,1,stable
733369.50,4050892.75,2494.71,3947,1660,697.5,0.183,1,stable
733369.50,4050891.75,2494.61,3952,1661,697.9,0.183,1,stable
733369.50,4050890.75,2494.69,3957,1660,698.3,0.183,1,stable
733369.50,4050889.75,2494.61,3963,1661,698.7,0.184,1,stable
733369.50,4050888.75,2494.77,3968,1660,699.1,0.184,1,stable
733370.50,4050888.75,2495.24,3966,1658,700.0,0.184,1,stable
733371.50,4050888.75,2495.93,3963,1654,701.0,0.184,1,stable
733372.50,4050888.75,2495.93,3961,1654,701.9,0.184,1,stable
733373.50,4050888.75,2496.45,3959,1652,702.8,0.185,1,stable
733370.50,4050887.75,2495.21,3971,1658,700.4,0.184,1,stable
733371.50,4050887.75,2495.21,3968,1658,701.3,0.184,1,stable
733372.50,4050887.75,2495.86,3966,1655,702.3,0.185,1,stable
733373.50,4050887.75,2496.25,3964,1653,703.2,0.185,1,stable
733371.50,4050886.75,2495.17,3974,1658,701.7,0.184,1,stable
733372.50,4050886.75,2495.72,3971,1656,702.7,0.185,1,stable
733373.50,4050886.75,2496.31,3969,1653,703.6,0.185,1,stable
733372.50,4050885.75,2495.81,3977,1655,703.1,0.185,1,stable
733373.50,4050885.75,2496.38,3974,1652,704.0,0.185,1,stable
733374.50,4050885.75,2496.96,3972,1649,705.0,0.185,1,stable
733378.50,4050884.75,2499.63,3968,1636,709.2,0.186,1,stable
733377.50,4050883.75,2498.96,3975,1639,708.6,0.186,1,stable
733378.50,4050883.75,2499.53,3973,1636,709.6,0.186,1,stable
733380.50,4050882.75,2500.30,3974,1633,711.8,0.187,1,stable
733380.50,4050881.75,2500.29,3979,1633,712.3,0.187,1,stable
733381.50,4050881.75,2500.99,3977,1629,713.2,0.187,1,stable
733382.50,4050879.75,2501.67,3985,1626,715.0,0.188,1,stable
733382.50,4050878.75,2501.57,3990,1626,715.4,0.188,1,stable
733382.50,4050877.75,2501.57,3995,1627,715.8,0.188,1,stable
733383.50,4050877.75,2502.13,3993,1624,716.7,0.188,1,stable
733384.50,4050877.75,2502.83,3990,1620,717.7,0.189,1,stable
733383.50,4050876.75,2502.13,3998,1624,717.1,0.188,1,stable
733384.50,4050876.75,2502.83,3995,1620,718.1,0.189,1,stable
733384.50,4050875.75,2502.75,4001,1621,718.5,0.189,1,stable
733386.50,4050875.75,2504.89,3996,1610,720.5,0.189,1,stable
733385.50,4050874.75,2503.22,4003,1619,719.8,0.189,1,stable
733386.50,4050874.75,2504.67,4001,1611,720.8,0.189,1,stable
733385.50,4050873.75,2503.02,4008,1620,720.2,0.189,1,stable
733386.50,4050873.75,2504.38,4006,1613,721.2,0.190,1,stable
733387.50,4050873.75,2504.38,4004,1613,722.2,0.190,1,stable
733385.50,4050872.75,2503.00,4014,1620,720.7,0.189,1,stable
733386.50,4050872.75,2504.35,4011,1613,721.7,0.190,1,stable
733387.50,4050872.75,2504.35,4009,1613,722.6,0.190,1,stable
733386.50,4050871.75,2502.96,4016,1620,722.0,0.190,1,stable
733387.50,4050871.75,2504.17,4014,1614,723.0,0.190,1,stable
733388.50,4050871.75,2504.93,4012,1610,723.9,0.190,1,stable
733388.50,4050870.75,2504.73,4017,1611,724.3,0.190,1,stable
733389.50,4050870.75,2505.39,4014,1608,725.3,0.191,1,stable
733390.50,4050870.75,2506.05,4012,1605,726.2,0.191,1,stable
733389.50,4050869.75,2505.20,4020,1609,725.7,0.191,1,stable
733390.50,4050869.75,2505.94,4017,1606,726.6,0.191,1,stable
733391.50,4050869.75,2506.59,4015,1602,727.6,0.191,1,stable
733391.50,4050868.75,2506.41,4020,1603,728.0,0.191,1,stable
733392.50,4050868.75,2507.03,4018,1600,728.9,0.192,1,stable
733391.50,4050867.75,2506.21,4025,1605,728.4,0.191,1,stable
733392.50,4050867.75,2506.80,4023,1602,729.3,0.192,1,stable
733393.50,4050867.75,2507.43,4020,1599,730.3,0.192,1,stable
733392.50,4050866.75,2506.62,4028,1603,729.7,0.192,1,stable
733393.50,4050866.75,2507.22,4025,1600,730.7,0.192,1,stable
733394.50,4050866.75,2507.22,4023,1600,731.6,0.192,1,stable
733395.50,4050866.75,2507.89,4021,1597,732.5,0.192,1,stable
733393.50,4050865.75,2507.08,4030,1601,731.1,0.192,1,stable
733394.50,4050865.75,2507.08,4028,1601,732.0,0.192,1,stable
733395.50,4050865.75,2507.75,4026,1598,732.9,0.193,1,stable
733396.50,4050865.75,2508.43,4024,1595,733.9,0.193,1,stable
733395.50,4050864.75,2507.58,4031,1599,733.4,0.193,1,stable
733396.50,4050864.75,2508.26,4029,1596,734.3,0.193,1,stable
733397.50,4050864.75,2508.89,4026,1592,735.3,0.193,1,stable
733398.50,4050864.75,2510.71,4024,1583,736.3,0.193,1,stable
733397.50,4050863.75,2508.71,4031,1594,735.7,0.193,1,stable
733398.50,4050863.75,2510.52,4029,1584,736.7,0.194,1,stable
733399.50,4050863.75,2511.01,4027,1582,737.6,0.194,1,stable
733398.50,4050862.75,2510.43,4034,1585,737.1,0.194,1,stable
733399.50,4050862.75,2511.01,4032,1582,738.1,0.194,1,stable
733400.50,4050862.75,2511.51,4029,1580,739.0,0.194,1,stable
733401.50,4050861.75,2512.13,4032,1577,740.4,0.195,1,stable
733402.50,4050861.75,2512.13,4030,1577,741.3,0.195,1,stable
733403.50,4050861.75,2512.52,4027,1575,742.2,0.195,1,stable
733403.50,4050860.75,2512.46,4032,1576,742.6,0.195,1,stable
733404.50,4050860.75,2512.94,4030,1574,743.6,0.195,1,stable
733411.50,4050852.75,2516.01,4053,1561,753.5,0.198,1,stable
733445.50,4050765.75,2541.08,4379,1454,825.6,0.217,1,stable
733446.50,4050765.75,2541.08,4376,1454,826.5,0.217,1,stable
733448.50,4050765.75,2541.76,4371,1452,828.3,0.218,1,stable
733446.50,4050764.75,2541.20,4381,1454,827.0,0.217,1,stable
733447.50,4050764.75,2541.53,4378,1453,827.9,0.218,1,stable
733448.50,4050764.75,2541.96,4375,1451,828.8,0.218,1,stable
733465.50,4050740.75,2553.54,4438,1406,856.6,0.225,1,stable
733456.50,4050739.75,2550.28,4466,1417,849.0,0.223,1,stable
733457.50,4050739.75,2550.56,4463,1416,849.9,0.223,1,stable
733466.50,4050739.75,2554.49,4440,1402,858.0,0.225,1,stable
733467.50,4050739.75,2554.63,4438,1402,858.9,0.226,1,stable
733456.50,4050738.75,2550.25,4470,1417,849.5,0.223,1,stable
733457.50,4050738.75,2550.61,4468,1416,850.4,0.223,1,stable
733458.50,4050738.75,2551.07,4465,1414,851.3,0.224,1,stable
733459.50,4050738.75,2551.07,4463,1415,852.2,0.224,1,stable
733467.50,4050738.75,2554.97,4442,1400,859.5,0.226,1,stable
733468.50,4050738.75,2554.97,4439,1401,860.3,0.226,1,stable
733469.50,4050738.75,2555.05,4437,1401,861.2,0.226,1,stable
733470.50,4050738.75,2555.39,4434,1400,862.1,0.227,1,stable
733456.50,4050737.75,2550.25,4475,1417,850.0,0.223,1,stable
733457.50,4050737.75,2550.61,4472,1416,850.9,0.224,1,stable
733458.50,4050737.75,2551.07,4470,1414,851.8,0.224,1,stable
733459.50,4050737.75,2551.33,4467,1414,852.7,0.224,1,stable
733469.50,4050737.75,2555.24,4441,1400,861.7,0.226,1,stable
733457.50,4050736.75,2550.90,4477,1415,851.5,0.224,1,stable
733458.50,4050736.75,2551.33,4474,1413,852.4,0.224,1,stable
733459.50,4050736.75,2551.33,4471,1414,853.2,0.224,1,stable
733459.50,4050735.75,2551.48,4476,1413,853.8,0.224,1,stable
